case_index,H,D,B,num_segs,seg_lengths,rules,matched_prefix_arr,total_runs,passed,status,mare_min,mare_max,mere_min,mere_max,rmse_min,rmse_max
0,8,128,1,4,1600|8|200|1200,0|1|2x2,0,500,500,PASS,5.2338e-01,1.5582e+00,7.3183e-03,7.4770e-03,3.1633e-04,3.2400e-04
1,8,128,2,4,1600|8|200|1200;1700|8|300|1024,0|1|2x2,0x2,10,10,PASS,6.2280e-01,6.2280e-01,7.4196e-03,7.4196e-03,3.1899e-04,3.1899e-04
2,8,128,4,4,1600|8|200|1200;1700|8|300|1024;1680|8|200|1280;2000|8|700|2048,0|1|2x2,0x4,10,10,PASS,8.4020e-01,8.4020e-01,7.2980e-03,7.2980e-03,3.0273e-04,3.0273e-04
3,8,128,8,4,2200|8|200|1024;1700|8|100|1100;2440|8|200|2048;1600|8|600|1900;3300|8|200|1300;1700|8|300|2100;1780|8|700|1200;2048|8|500|1800,0|1|2x2,0x8,500,500,PASS,7.2540e-01,2.0520e+00,7.1693e-03,7.2076e-03,2.8478e-04,2.8744e-04
4,8,128,1,4,1600|8|10|1200,0|1|2x2,0,10,10,PASS,6.1038e-01,6.1038e-01,7.4145e-03,7.4145e-03,3.2658e-04,3.2658e-04
5,8,128,2,5,1600|8x2|12|1200;1700|8|6|15|1024,0|1|2x3,0x2,10,10,PASS,1.1054e+00,1.1054e+00,7.4279e-03,7.4279e-03,3.2715e-04,3.2715e-04
6,8,128,4,7,1600|8|5|6|7|8|1200;1700|8|10|12|13|15|1024;1680|8|10|12|13|15|1280;2000|8|13|14|15x2|2048,0|1|2x5,0x4,10,10,PASS,8.3935e-01,8.3935e-01,7.3992e-03,7.3992e-03,3.1413e-04,3.1413e-04
7,8,128,8,11,2200|8|5x8|1024;1700|8|5x7|10|1100;2440|8|5x7|12|2048;1600|8|5|15|5x6|1900;3300|8|5|10x2|5x5|1300;1700|8|15x2|5x6|2100;1780|8|15x3|5x5|1200;2048|8|15x4|5x4|1800,0|1|2x9,0x8,10,10,PASS,9.9168e-01,9.9168e-01,7.2586e-03,7.2586e-03,2.9461e-04,2.9461e-04
8,8,128,1,4,1600|8|5|1200,0|1|2x2,0,10,10,PASS,5.2615e-01,5.2615e-01,7.4117e-03,7.4117e-03,3.3183e-04,3.3183e-04
9,8,128,1,5,1600|8|5x2|1200,0|1|2x3,0,10,10,PASS,8.9241e-01,8.9241e-01,7.4624e-03,7.4624e-03,3.2829e-04,3.2829e-04
10,8,128,1,7,1600|8|5x4|1200,0|1|2x5,0,10,10,PASS,6.8067e-01,6.8067e-01,7.4380e-03,7.4380e-03,3.2477e-04,3.2477e-04
11,8,128,1,10,1600|8|5x7|1200,0|1|2x8,0,10,10,PASS,6.2172e-01,6.2172e-01,7.4726e-03,7.4726e-03,3.2870e-04,3.2870e-04
12,8,128,1,11,1600|8|5x8|1200,0|1|2x9,0,10,10,PASS,7.9694e-01,7.9694e-01,7.4459e-03,7.4459e-03,3.2920e-04,3.2920e-04
13,8,128,1,18,1600|8|5x15|1200,0|1|2x16,0,10,10,PASS,6.6194e-01,6.6194e-01,7.4611e-03,7.4611e-03,3.2429e-04,3.2429e-04
14,8,128,1,19,1600|8|5x16|1200,0|1|2x17,0,500,500,PASS,5.0872e-01,1.2984e+00,7.3652e-03,7.4794e-03,3.2002e-04,3.2976e-04
15,8,128,1,28,1600|8|5x25|1200,0|1|2x26,0,10,10,PASS,6.2291e-01,6.2291e-01,7.4134e-03,7.4134e-03,3.2111e-04,3.2111e-04
16,8,128,1,35,1600|8|5x32|1200,0|1|2x33,0,10,10,PASS,1.0429e+00,1.0429e+00,7.4127e-03,7.4127e-03,3.2429e-04,3.2429e-04
17,8,128,1,46,1600|8|5x43|1200,0|1|2x44,0,10,10,PASS,7.4351e-01,7.4351e-01,7.4188e-03,7.4188e-03,3.1768e-04,3.1768e-04
18,8,128,1,66,1600|8|5x63|1200,0|1|2x64,0,10,10,PASS,6.5617e-01,6.5617e-01,7.3153e-03,7.3153e-03,3.1215e-04,3.1215e-04
19,8,128,1,67,1600|8|5x64|1200,0|1|2x65,0,10,10,PASS,6.7871e-01,6.7871e-01,7.3909e-03,7.3909e-03,3.1266e-04,3.1266e-04
20,8,128,1,88,1600|8|5x85|1200,0|1|2x86,0,10,10,PASS,6.6357e-01,6.6357e-01,7.3272e-03,7.3272e-03,3.0976e-04,3.0976e-04
21,8,128,1,122,1600|8|5x119|1200,0|1|2x120,0,10,10,PASS,6.3076e-01,6.3076e-01,7.2723e-03,7.2723e-03,2.9916e-04,2.9916e-04
22,8,128,1,131,1600|8|5x128|1200,0|1|2x129,0,10,10,PASS,1.0219e+00,1.0219e+00,7.2055e-03,7.2055e-03,3.0229e-04,3.0229e-04
23,8,128,1,146,1600|8|5x143|1200,0|1|2x144,0,10,10,PASS,6.3776e-01,6.3776e-01,7.2656e-03,7.2656e-03,2.9705e-04,2.9705e-04
24,8,128,1,259,1600|8|5x256|1200,0|1|2x257,0,10,10,PASS,6.3217e-01,6.3217e-01,7.1120e-03,7.1120e-03,2.8053e-04,2.8053e-04
25,8,128,1,515,1600|8|5x512|1200,0|1|2x513,0,10,10,PASS,1.2323e+00,1.2323e+00,6.9126e-03,6.9126e-03,2.5421e-04,2.5421e-04
26,8,128,1,1027,1600|8|5x1024|1200,0|1|2x1025,0,10,10,PASS,1.7953e+00,1.7953e+00,6.5221e-03,6.5221e-03,2.1819e-04,2.1819e-04
27,8,128,1,4,1600|8|4|1200,0|1|2x2,0,10,10,PASS,7.1924e-01,7.1924e-01,7.4471e-03,7.4471e-03,3.3258e-04,3.3258e-04
28,8,128,1,4,1600|8x2|1200,0|1|2x2,0,10,10,PASS,5.6407e-01,5.6407e-01,7.3959e-03,7.3959e-03,3.2820e-04,3.2820e-04
29,8,128,1,4,1600|8|16|1200,0|1|2x2,0,10,10,PASS,7.6594e-01,7.6594e-01,7.4225e-03,7.4225e-03,3.2936e-04,3.2936e-04
30,8,128,1,4,1600|8|32|1200,0|1|2x2,0,500,500,PASS,4.3507e-01,1.1736e+00,7.3714e-03,7.5407e-03,3.2172e-04,3.3236e-04
31,8,128,1,4,1600|8|64|1200,0|1|2x2,0,10,10,PASS,7.1174e-01,7.1174e-01,7.4375e-03,7.4375e-03,3.2616e-04,3.2616e-04
32,8,128,1,4,1600|8|128|1200,0|1|2x2,0,10,10,PASS,7.4135e-01,7.4135e-01,7.3882e-03,7.3882e-03,3.2171e-04,3.2171e-04
33,8,128,1,4,1600|8|256|1200,0|1|2x2,0,10,10,PASS,6.0726e-01,6.0726e-01,7.3888e-03,7.3888e-03,3.1758e-04,3.1758e-04
34,8,128,1,4,1600|8|512|1200,0|1|2x2,0,10,10,PASS,6.4513e-01,6.4513e-01,7.3239e-03,7.3239e-03,3.0990e-04,3.0990e-04
35,8,128,4,67,1600|8|16x64|1024;1600|8|16x64|1024;1600|8|16x64|1024;1600|8|16x64|1024,0|1|2x65,0x4,10,10,PASS,9.1627e-01,9.1627e-01,7.2130e-03,7.2130e-03,2.9443e-04,2.9443e-04
36,8,128,2,67,2400|8|16x64|1200;2400|8|16x64|1200,0|1|2x65,0x2,10,10,PASS,1.1998e+00,1.1998e+00,7.0045e-03,7.0045e-03,2.6917e-04,2.6917e-04
37,8,128,1,67,2000|8|16x64|1200,0|1|2x65,0,500,500,PASS,5.1741e-01,1.4922e+00,7.0336e-03,7.1802e-03,2.7380e-04,2.8175e-04
38,8,128,2,131,1600|8|16x128|1024;1600|8|16x128|1024,0|1|2x129,0x2,10,10,PASS,7.3890e-01,7.3890e-01,6.9718e-03,6.9718e-03,2.6895e-04,2.6895e-04
39,8,128,1,131,3200|8|16x128|1024,0|1|2x129,0,10,10,PASS,7.3185e-01,7.3185e-01,6.7668e-03,6.7668e-03,2.3725e-04,2.3725e-04
40,8,128,1,259,1600|8|16x256|1024,0|1|2x257,0,10,10,PASS,1.0042e+00,1.0042e+00,6.6609e-03,6.6609e-03,2.3021e-04,2.3021e-04
41,8,128,1,515,2000|8|16x512|1200,0|1|2x513,0,10,10,PASS,8.8467e-01,8.8467e-01,6.2451e-03,6.2451e-03,1.8790e-04,1.8790e-04
42,8,128,2,67,1600|8|32x64|1200;1600|8|32x64|1200,0|1|2x65,0x2,10,10,PASS,6.6069e-01,6.6069e-01,6.9911e-03,6.9911e-03,2.6252e-04,2.6252e-04
43,8,128,2,67,3200|8|64x64|1200;3200|8|64x64|1200,0|1|2x65,0x2,10,10,PASS,1.1802e+00,1.1802e+00,6.5057e-03,6.5057e-03,2.1233e-04,2.1233e-04
44,8,128,1,67,3200|8|64x64|1800,0|1|2x65,0,10,10,PASS,6.1336e-01,6.1336e-01,6.4359e-03,6.4359e-03,2.0482e-04,2.0482e-04
45,8,128,1,67,1600|8|128x64|1200,0|1|2x65,0,10,10,PASS,7.7307e-01,7.7307e-01,6.2919e-03,6.2919e-03,1.9165e-04,1.9165e-04
46,8,128,2,131,3200|8|32x128|1800;3200|8|32x128|1800,0|1|2x129,0x2,10,10,PASS,6.0128e-01,6.0128e-01,6.4409e-03,6.4409e-03,2.0524e-04,2.0524e-04
47,8,128,1,131,2400|8|32x128|1200,0|1|2x129,0,10,10,PASS,9.0386e-01,9.0386e-01,6.5686e-03,6.5686e-03,2.2002e-04,2.2002e-04
48,8,128,1,131,2000|8|64x128|1800,0|1|2x129,0,10,10,PASS,8.4291e-01,8.4291e-01,6.2060e-03,6.2060e-03,1.8460e-04,1.8460e-04
49,8,128,1,259,1600|8|32x256|1024,0|1|2x257,0,10,10,PASS,6.8432e-01,6.8432e-01,6.2922e-03,6.2922e-03,1.9234e-04,1.9234e-04
50,8,128,4,35,1600|8|5x32|1800;1600|8|5x32|1800;1600|8|5x32|1800;1600|8|5x32|1800,0|1|2x33,0x4,10,10,PASS,1.2761e+00,1.2761e+00,7.3745e-03,7.3745e-03,3.0271e-04,3.0271e-04
51,8,128,2,35,1600|8|5x32|2048;1600|8|5x32|2048,0|1|2x33,0x2,10,10,PASS,6.3845e-01,6.3845e-01,7.3169e-03,7.3169e-03,2.9675e-04,2.9675e-04
52,8,128,1,35,2400|8|5x32|1024,0|1|2x33,0,500,500,PASS,5.0136e-01,1.1676e+00,7.1329e-03,7.2791e-03,2.9212e-04,3.0057e-04
53,8,128,2,35,1600|8|7x32|2048;1600|8|7x32|2048,0|1|2x33,0x2,10,10,PASS,7.0625e-01,7.0625e-01,7.3427e-03,7.3427e-03,2.9375e-04,2.9375e-04
54,8,128,1,35,2400|8|7x32|1800,0|1|2x33,0,10,10,PASS,5.9516e-01,5.9516e-01,7.0660e-03,7.0660e-03,2.7542e-04,2.7542e-04
55,8,128,2,35,1600|8|10x32|1200;1600|8|10x32|1200,0|1|2x33,0x2,10,10,PASS,8.0619e-01,8.0619e-01,7.3216e-03,7.3216e-03,3.1280e-04,3.1280e-04
56,8,128,1,35,2000|8|10x32|1800,0|1|2x33,0,10,10,PASS,5.9464e-01,5.9464e-01,7.1599e-03,7.1599e-03,2.8518e-04,2.8518e-04
57,8,128,1,35,2400|8|12x32|1200,0|1|2x33,0,10,10,PASS,7.1705e-01,7.1705e-01,7.1713e-03,7.1713e-03,2.8579e-04,2.8579e-04
58,8,128,1,35,2000|8|15x32|1024,0|1|2x33,0,10,10,PASS,6.4538e-01,6.4538e-01,7.2267e-03,7.2267e-03,3.0095e-04,3.0095e-04
59,8,128,2,53,3200|8|5x50|1024;3200|8|5x50|1024,0|1|2x51,0x2,10,10,PASS,9.4334e-01,9.4334e-01,7.0269e-03,7.0269e-03,2.7085e-04,2.7085e-04
60,8,128,1,53,3200|8|5x50|1024,0|1|2x51,0,10,10,PASS,5.4802e-01,5.4802e-01,7.0292e-03,7.0292e-03,2.7005e-04,2.7005e-04
61,8,128,1,53,1600|8|7x50|1800,0|1|2x51,0,10,10,PASS,7.9561e-01,7.9561e-01,7.2713e-03,7.2713e-03,2.9727e-04,2.9727e-04
62,8,128,1,53,3200|8|10x50|1024,0|1|2x51,0,10,10,PASS,6.4359e-01,6.4359e-01,7.0275e-03,7.0275e-03,2.6485e-04,2.6485e-04
63,8,128,1,53,1600|8|12x50|1024,0|1|2x51,0,10,10,PASS,6.4340e-01,6.4340e-01,7.3234e-03,7.3234e-03,3.1031e-04,3.1031e-04
64,8,128,1,53,2000|8|15x50|1200,0|1|2x51,0,10,10,PASS,5.5509e-01,5.5509e-01,7.1226e-03,7.1226e-03,2.8336e-04,2.8336e-04
65,8,128,1,67,1600|8|5x64|1800,0|1|2x65,0,10,10,PASS,6.7742e-01,6.7742e-01,7.2786e-03,7.2786e-03,2.9654e-04,2.9654e-04
66,8,128,1,67,3200|8|7x64|2048,0|1|2x65,0,10,10,PASS,1.2581e+00,1.2581e+00,6.8734e-03,6.8734e-03,2.4683e-04,2.4683e-04
67,8,128,1,67,2400|8|10x64|2048,0|1|2x65,0,10,10,PASS,9.0733e-01,9.0733e-01,7.0073e-03,7.0073e-03,2.6106e-04,2.6106e-04
68,8,128,1,67,1600|8|12x64|1800,0|1|2x65,0,10,10,PASS,9.8156e-01,9.8156e-01,7.1735e-03,7.1735e-03,2.8669e-04,2.8669e-04
69,8,128,1,67,2400|8|15x64|2048,0|1|2x65,0,10,10,PASS,8.2336e-01,8.2336e-01,6.8985e-03,6.8985e-03,2.5356e-04,2.5356e-04
70,8,128,1,4,1600|8|5|1200,0|1|2x2,128,10,10,PASS,4.7810e-01,4.7810e-01,7.4126e-03,7.4126e-03,2.6531e-04,2.6531e-04
71,8,128,1,4,1600|8|5|1200,0|1|2x2,256,10,10,PASS,4.2900e-01,4.2900e-01,7.4709e-03,7.4709e-03,2.4540e-04,2.4540e-04
72,8,128,1,4,1600|8|5|1200,0|1|2x2,512,500,500,PASS,2.6390e-01,4.8863e-01,7.2551e-03,7.4281e-03,2.2048e-04,2.2476e-04
73,8,128,1,4,1600|8|5|1200,0|1|2x2,1024,10,10,PASS,2.9827e-01,2.9827e-01,7.2968e-03,7.2968e-03,2.0166e-04,2.0166e-04
74,8,128,1,7,1600|8|5x4|1200,0|1|2x5,128,10,10,PASS,5.6440e-01,5.6440e-01,7.4609e-03,7.4609e-03,2.6587e-04,2.6587e-04
75,8,128,1,7,1600|8|5x4|1200,0|1|2x5,256,10,10,PASS,3.7484e-01,3.7484e-01,7.4169e-03,7.4169e-03,2.4560e-04,2.4560e-04
76,8,128,1,7,1600|8|5x4|1200,0|1|2x5,512,10,10,PASS,3.4252e-01,3.4252e-01,7.3445e-03,7.3445e-03,2.2169e-04,2.2169e-04
77,8,128,1,7,1600|8|5x4|1200,0|1|2x5,1024,10,10,PASS,2.8938e-01,2.8938e-01,7.1569e-03,7.1569e-03,2.0060e-04,2.0060e-04
78,8,128,1,11,1600|8|5x8|1200,0|1|2x9,128,10,10,PASS,5.1148e-01,5.1148e-01,7.4219e-03,7.4219e-03,2.6576e-04,2.6576e-04
79,8,128,1,11,1600|8|5x8|1200,0|1|2x9,256,10,10,PASS,3.8160e-01,3.8160e-01,7.3338e-03,7.3338e-03,2.4311e-04,2.4311e-04
80,8,128,1,11,1600|8|5x8|1200,0|1|2x9,512,10,10,PASS,3.3045e-01,3.3045e-01,7.2941e-03,7.2941e-03,2.2212e-04,2.2212e-04
81,8,128,1,11,1600|8|5x8|1200,0|1|2x9,1024,10,10,PASS,2.4663e-01,2.4663e-01,7.1943e-03,7.1943e-03,2.0103e-04,2.0103e-04
82,8,128,1,19,1600|8|5x16|1200,0|1|2x17,128,10,10,PASS,4.6767e-01,4.6767e-01,7.4509e-03,7.4509e-03,2.6417e-04,2.6417e-04
83,8,128,1,19,1600|8|5x16|1200,0|1|2x17,256,10,10,PASS,4.0300e-01,4.0300e-01,7.3867e-03,7.3867e-03,2.4169e-04,2.4169e-04
84,8,128,1,19,1600|8|5x16|1200,0|1|2x17,512,10,10,PASS,3.6247e-01,3.6247e-01,7.2920e-03,7.2920e-03,2.1980e-04,2.1980e-04
85,8,128,1,19,1600|8|5x16|1200,0|1|2x17,1024,10,10,PASS,2.7208e-01,2.7208e-01,7.1557e-03,7.1557e-03,1.9860e-04,1.9860e-04
86,8,128,1,35,1600|8|5x32|1200,0|1|2x33,128,10,10,PASS,5.2505e-01,5.2505e-01,7.4330e-03,7.4330e-03,2.5892e-04,2.5892e-04
87,8,128,1,35,1600|8|5x32|1200,0|1|2x33,256,10,10,PASS,3.7390e-01,3.7390e-01,7.3466e-03,7.3466e-03,2.3946e-04,2.3946e-04
88,8,128,1,35,1600|8|5x32|1200,0|1|2x33,512,10,10,PASS,3.5021e-01,3.5021e-01,7.3113e-03,7.3113e-03,2.1592e-04,2.1592e-04
89,8,128,1,35,1600|8|5x32|1200,0|1|2x33,1024,10,10,PASS,2.4197e-01,2.4197e-01,7.1286e-03,7.1286e-03,1.9631e-04,1.9631e-04
90,8,128,2,7,1600|8|5x4|1200;1600|8|5x4|1200,0|1|2x5,128x2,10,10,PASS,4.9124e-01,4.9124e-01,7.4299e-03,7.4299e-03,2.6532e-04,2.6532e-04
91,8,128,2,7,1600|8|5x4|1200;1600|8|5x4|1200,0|1|2x5,512x2,10,10,PASS,4.1516e-01,4.1516e-01,7.3216e-03,7.3216e-03,2.2128e-04,2.2128e-04
92,8,128,4,11,1600|8|5x8|1200;1600|8|5x8|1200;1600|8|5x8|1200;1600|8|5x8|1200,0|1|2x9,256x4,10,10,PASS,5.8108e-01,5.8108e-01,7.4326e-03,7.4326e-03,2.4315e-04,2.4315e-04
93,8,128,4,11,1600|8|5x8|1200;1600|8|5x8|1200;1600|8|5x8|1200;1600|8|5x8|1200,0|1|2x9,1024x4,10,10,PASS,3.2416e-01,3.2416e-01,7.2244e-03,7.2244e-03,2.0055e-04,2.0055e-04
94,8,128,2,150,1600|8|4|14|6|4|10|5|14x2|15|8|7|11|5|7|6|15|12x3|15|6|12|13x2|3|6|23|14|12|9|5|6|15|6|12|11|10|15|10|14x2|10|14|13|7|15|11|9|13|7|6|3|7|14|7|6|11|4|14|6|12|11x2|8|2|11|10|15x2|9|5|15|5|6|14x2|3|9|13|8|12|14|15|5|11|9x2|7|8|7|13|12|5|8|12|13|12|13|15|3|11|10|6|14|10|11|14|6|47|49|10|4|12|10|12|7|12|8|14|13|15|13|15|2|15|11|5|12|15|9|7|15|9|7|5|14|7|14|7|5|11|13|6|15|11|22|15|2048;1600|8|6|13|37|7|6|7|38|9|29|13|21|5|11|10|13|5|6|8|12|15|9|15|8|35|14|10|12|9|14x2|13|16|5|11|15|22|5|15|10|7|6|17|14|5|8|6|14|9|11|9|6|10|34|8|2|7|9|10|3|4|11|9|5|15|10|14|7|12|14|11|5|3|11|13|15|47|11|6x2|7|13|8|10|6|8|3|6|8|12|11|12|15|14|15|6|8|12|8|13|9|13|15x2|7|11|10|15|11x2|13|5|7|47|8|6|10|6|3|12|22|10|11|15|29|10|6|13|10|5|12|13|11|12|10|9|5|14|15|13|14|6|13|11|7|8|13|12|1800,0|1|2x148,0x2,10,10,PASS,6.9962e-01,6.9962e-01,6.9646e-03,6.9646e-03,2.5621e-04,2.5621e-04
95,8,128,4,230,2000|8|13|9|8|6|8|13|5|11|6|13x2|7|15|8|11x2|5x2|9|10|11|15|6|8|6|10|8|11|7|9|7|6|14|6|5|7x2|9|13|8|11x2|10|11|5|8|14|10|9|21|12|13|10|5|43|7|8|6x2|12|9|5|11|14|21|11|10x2|11|13|11|2|5|14|38|14|10|13|8x2|14|9|7|10|15|14|8|15|8|9x2|12|4|11|5|10|6|8|4|14|13|5|15|8|6|8|15|11|13|8|4|5|13|6|7|11|5|8|11|8|15|13|14|9|14|3|8|6|10|13|11|15|14x2|8|12|14|15|5|13|3|14|13|7|9|23|10|20|9x2|12|9|15|11|12|9x2|6|8|14|11|5|15|14|5|15|10|12|13|6|10|7|5|8|15|5|10|7|2|5|8|50|6|3|13|12|15|9|7|10|6|12|14|15|8|14|11|8x2|9|7|13|8x2|4|15|9|13|7|9|8|7x2|10|14|10|6|12|7|2|19|5|10|5|11|3|6|2048;3200|8|5|7|12|7|11|9|10|11|6|14|10|6|9|15|12x2|6|8|15|8|5|6|11|8|6|11|12|7|9|41|14|8|5|14|9|6|8|12|14|15|10|5|15|7|9|8|11x2|5|10|9|11|5|13|12|7|14|12|2|13|22|11|5|15|22|15|13|9|10|15x2|5|9|15|6|12|15|8|11|5|6|24|26|11|7|8|6|7|8|6|13|49|11|6|15|5|15|13|15|9|15|6|9|11x2|14|15|5|9|13|6|5|12x2|9|7|3|7|5|8x2|2|7|6|10|13|7|13x2|12|2|4|14|12|7|2|46|7|8|14|10|11|10|13|21|8|15|6|11x2|5|10|12|13|5|14|13|10|7|6|4|10|8|14|2|13x2|7|9x2|10|8|38|7|11|7|5|11|7|14x2|10|7|9|15|12|7|10|12|5|14|9|5|13x2|8|6|5|31|6|8|6|9|11|6|7|15|5|33|8|6|9|14|6|14|10|12|10|7|13|11|9|13|10x2|8|6|1800;2000|8|11|3|9|4|7|11|8|13|5|6|10|8|14|9|6|11|9|10|6|14|8|5|12|11|15|7|10|14|12|15x2|9|15|8|7|13|7|9|12x2|13|14|13|12|15|11|15x2|5|7|12|11|14|11|13|6|11|32|5|7|13|10|14|43|5|7|8|7|18|7|12|10|6|12|8|5|8|34|15|8|14|15|6|11|12|2|10x3|9|7|2|15|12|13|12|8|11x2|10x2|6|13x2|10|15|5|15|14|5|11|8|12x2|9|12|8x2|6|15x3|11|4|6|23|11|5x2|30|13|9|10|8|6|8|7|6|41|5x2|13|14|9|43|14|7|9|12|11|5|12|5|15|8|9|12|5|15|10|11|15x2|11|13|11|13|12|7|15|7|15|11|14|8|6|11|5|14|15|13|15|9|5|15x2|10|43|12|13|9|7|15|4|12|13|10|11x2|9|7x2|11|15|10|12|19|14|7|14|12|10|11|45|12|9|12x2|15x2|9|7|8|9|6|11|9|1200;2000|8|2|15|13|6|12|5|14|7x2|10|8|10|13|29|14|35|12|14|29|4|11|14x3|12|7|8|50|6|15x2|11|14|6|12|10|13|7|3|8|10|13|10|14|7|11x2|8|15|11|15|14|5|6|10|15x2|14|5|11|15|4|14|6|5x2|7|42|14|6|3|15|5|7|15|11|6|10x2|11|13|10|8|10|6|7|13|9|7|8|7|10|9|8|11|13|14|8|3|2|7|6|7x2|14|7|11|9|15|12|8|14|9|2|12|11|2|8|11|7|11|7|10|2|15|8|5|6x2|10|8|10|9|13|9|15|8|2|13x2|6|11x2|15|8|11|9|12|8|10|3|13|9|5|12|8|13|7|15|5|7|5|7|13|12|7|5|15|5|11|14|7|44|12|11x2|8|6|8x2|15|5|14|7|15|10|12|9|11x2|14|11|13|29|50|13|15|11|10|31|7|11|10|6|5|14x2|12|7|8|12|6|8|10|7|12|9|13|14|13x2|15|5|7|6|12|8|1200,0|1|2x228,0x4,10,10,PASS,9.1964e-01,9.1964e-01,6.7627e-03,6.7627e-03,2.3876e-04,2.3876e-04
96,8,128,8,7,2000|8|13|34|10x2|1800;2000|8|14|12|10|6|2048;3200|8|9|15|11|10|2048;1600|8|7|13|5x2|2048;2000|8|10|4|5x2|1200;1600|8|14|12|7|11|1800;1600|8|42|9|4|9|1024;3200|8|15x2|18|7|2048,0|1|2x5,0x8,10,10,PASS,8.0398e-01,8.0398e-01,7.2006e-03,7.2006e-03,2.8858e-04,2.8858e-04
97,8,128,4,40,1600|8|10x2|9|15|7|6|9|8|13|10|9|24|8|14|12|7|21|12|7|14|7|13|5|10|12|9|10|12|15|9|15|9|5|13|14|5|6|1200;3200|8|7|10|13|14|11|14|13|8|9|14|30|13|7|12x2|8|9|12|15|6|9|14|6|11|15|6|7|10|9|12x2|6|9|6|8|10|13|1024;1600|8|12x3|6|15|5|15|5|6|13|5|12|14|10|14|15|8x2|5|10|6|2|8|6|9|17|12|21|6|5|8x2|10|12|15|2|4|1024;2000|8|6|7x2|15|7|15|11|24|5x2|7|18|10|12|8|11|7|11|14|10|21|9|23|11|10|8|15|13|3|5|6|14|12|8|14|3|7|1800,0|1|2x38,0x4,10,10,PASS,8.6656e-01,8.6656e-01,7.1671e-03,7.1671e-03,2.9094e-04,2.9094e-04
98,8,128,1,51,3200|8|15|3|7|11|14|12|7|15|5|15|12|5|15|7|12|6|15|14|15x2|13|11|15|6|10|6|8|10|8|9|13|32|13|11|3|15|10|14|12|11|9|5|14|12|15|13|14x2|1024,0|1|2x49,0,500,500,PASS,5.2517e-01,1.4211e+00,6.9308e-03,7.0296e-03,2.6007e-04,2.6901e-04
99,8,128,8,45,2000|8|14|10|8|5|9|5|11|6|15|8|10|15|27|7|12|5|6|10|9|10|13|12|9|6|10x2|31|7|6|29|9|11|5|11|12x2|6|10|5|6|2|8|1200;2400|8|13|29|12|9|8|6|9|5|14|6|13|21|12|14|5|10|8|12|35|34|6|32|3|10|15|9x3|6|5|8|4|12|11|12|5|8|13|14|48|15|9|1800;1600|8|12|11|14|7|15|5|15|6|50|3|9|5|14x2|6|10x2|14|7|3|10x2|14|15|10|14x2|5|6x2|9|15x2|2|7x2|15|13|7|13|6|7|1200;1600|8|13x2|6x2|15|8|7|5|11x2|5|4|30|12|7|13x2|15x2|9x2|46|7|13|15|7|10|24|12|11|14|11|10|6|11|15x2|6|12|5|12|9|1200;2400|8|15|43|14x2|8|14|12|7|6|8x4|6|12|11|14|10|6|12|13|5|6x2|9|5|14|10|5|6|13|10|8|37|6|12|13|5|22|13|9|7|1200;3200|8|12|4|15|48|6|15|13|9|11|8|14|9|6|13|11|15|10|15|13|9|14|15|12x2|10|8|6|15|5|15|11|7|13|12|7|5|8|6|13|9x2|6|1024;2400|8|15|9|13|12x2|13|4|8|5|14|12|11|13|11|14|7|11|8|14|8|5|9|11|14|6|12|11|2|14|7|10|7|8|11|10|5|15|8|14|10|14|7|2048;1600|8|6|8|14|15|6|11|9|11|8|3|7x2|10|8|7|14|10|8|10|15x2|13|14|6|8|34|6|10|3|10|9|10|6|41|14|15x2|7x2|5|3|9|1024,0|1|2x43,0x8,10,10,PASS,1.0138e+00,1.0138e+00,7.1386e-03,7.1386e-03,2.8542e-04,2.8542e-04
100,8,128,8,28,1600|8|15|12|46|5x3|6|3|6|10|14|8x2|7|10|11|7|8|10|34|10|14|3|4|10|1200;1600|8|12|8|11|12|5|7|14|6|7|9|11x2|7|8|6|5x2|15x2|10|3|5|14|13|8|1200;2000|8|14|11|9|5|8|12|7|11|9|15|7|5|8|15|5|14|15|10|5|13|15|10|27|5|10|1800;2400|8|11|15|11|13x2|11x2|14|12|9|5|11|14|11|6|34|16|12|9|15|5|4|17|11|15|1200;2400|8|5|7|11|13|8x2|12|13|15|12|8|12|45|36|9|13|14|5|11x2|8|6|48|8|10|1024;1600|8|3|5|10|12|7|13|8|9|14|7|9|4|9|5|7|13|8|6|9|11|7|15|9x2|8|1024;1600|8|5|12|11|6x2|10|5|8|5|13|10|7|8|39|13|8|25|14|9x2|6|7|10|13|8|2048;2400|8|15|13|8|14|8|10|15|13|5|9|14|49|14|6|10|9|12|15|6|13|14|9|13|12|5|1200,0|1|2x26,0x8,10,10,PASS,9.7345e-01,9.7345e-01,7.2493e-03,7.2493e-03,2.9896e-04,2.9896e-04
101,8,128,2,51,1600|8|6|2|13|7|9|5|8|15|13|9|7|9|12x2|39|8x2|15|29|7x2|12|14|8x2|10|3|8|7|12|10|15|49|12|14|42|7|4|6|17|13|5|12|5|12|8|13|9|1800;2400|8|11|13|10|6|7|16|3|10|5|8|13|9|11|15|9|6|2|9|28|5|13|7|12|5x2|8|4|10|13|14x2|11|7|9|5|6|5|10|11|12|5|7|14|11|2|12|10|6|1200,0|1|2x49,0x2,10,10,PASS,7.8615e-01,7.8615e-01,7.1838e-03,7.1838e-03,2.8355e-04,2.8355e-04
102,8,128,2,117,3200|8|4|2|11|9|14|47|12|11|5|6|8|6|5|8|12|6|14|3|9|12|2|5|14|4|9|43|5|9|42|5|7|2|14|2|8|13|10|13|14|12|11|12|9x2|14x2|7|8|7|2|13|7|5x2|9|49|44|13|2|6x2|9|8|12|14|5|10|12|9|7|11|13|12|13x2|12|11x2|15|12|7|6|8|5|9|14|9|7x2|9|8|14|6|16|15|11|14|8|6|7|9|5|6|9|15|12|15|5|11|9|14|11|15|7|1200;1600|8|11|10|11|2|10|3|8|10|13x2|14|11|14|15|12|5x2|10|19|13|2|7|6|12|5|6|11|10|6|10x2|7|6|3|11x2|7|8|13|9|3|12|10|11|12|3|30|13|5|10|9x2|10|5|12|14|13|9|10|5|12|6|9|7|9|12|13|8|2|9|14x2|6|12|8|9|7|10|11|15|13|5|13|12|15|10|6|5|4|49|12x2|14x2|2|15|12|10|14|7|10|15|5x2|10|48|11|8|12x2|13|10|13|14|1024,0|1|2x115,0x2,10,10,PASS,6.4808e-01,6.4808e-01,6.9374e-03,6.9374e-03,2.6315e-04,2.6315e-04
103,8,128,8,145,3200|8|5x2|7|11|12|6x2|13|7|9x2|37|8|9|8|10|8|13|14|5|11|12|9|7|6|15x2|5|14|8x2|6|15|13|14x3|6|8|13|6|7|6x2|15|9x3|10|15|14|10|13|6|13|8|6|8|13|10|8|7|14|8|7|9|10|9|12|46|7|13|6|9|5|9|12|13|12|5|12|14|6|8x2|9x2|6|5|14|3|8|16|14|10|13|9|5|14|11|6x2|13|11|5|7|5|8|14|12|13|3|7|5|8|10|15|9|14|10|11|14|5|14|7|15|7|15|7|14|13|9|5|2|8|12|11|10|12|11|12|5|2048;3200|8|14|8|11|7|10|13|7|15|12|11|7|12|6|11|5|8|14|6|7|9|13|5|3|8|9|5x3|7|8|7|6|15|4|11|14|5|14|13|7|14|8|15|6|12|15|13|6|3|7|4|7|12|13|8|7|13|7|10|49|5|12|10|14|15|13|42|13|8|14|15x2|11|50|11|10|11|9|8|4|6|14|11x2|15|8|6|10|12|17|11|13|14|7x2|5|2|10x2|9|15|2|7|14x2|10|12x2|8|12|8|6|14|9|2|14|12|23|14|6|8|15|5|9|15|12|14|5|12|8x2|6|13|14|5|44|7|11|5|7|47|26|2048;2400|8|3|14|3|8|15|8|15|14|10|11|5|14|7|12|13|15|13|10|9|10|11|8|15|11|3|11x2|12|40|9|6|3|10|13x3|5|9|6|8x3|5|12|14|15x2|13|11|10|6|7|39|14|24|11|13|3|8|15|9|5|8|2|14|9|15|9x2|12|5|36|8|15|9|10|14|11|14|9|7|14|4|13|8|6|9|15|9|15|13|6|10|7|36|7|15|9|14|6x2|15|10|2|13|14|13|15|5x2|15|7|12x2|11|15x2|9|11|7|9|5|27|15|12|7|13|8|5|6|7|9|6|10|7|14|11|14|12|6|30|5|2048;2000|8|15|13|7|13|11x2|9|8|14|9|15|11|7|13|8|11|15|12|6|14|7|6|9|14x2|11|3|13|6x2|5|11|9|32|11|7|6|11|14|13|10|5x2|10|11|8|15|13|15|14|12|3|5|3|2|10|6|14x2|11|14|9x2|13|12|5|9|7|8|13|11x2|4|14|8|15|13|5|4|5|13|22|6|46|6|15|8|11x2|2|11|8|35|15|12x2|8|14|10|15|10|15|7|11|9|14|5x2|11|13|9|7|9|7|12x2|6|7|11|7|15|11|12|11|12|5|12|5|6|12|9|6|9|13|7|12|8|5|15|9x2|13|1800;3200|8|14|7|13|7|13|15|4|8|13|14|12|10|7|9|10|11|10|7|12|7|5|9|8|11|6|9|5|12x2|15|8x2|10|5|11|15|41|9|10|15|9|11|7|6|8|6|13|10x2|4|9|5x2|6|8|6|15|7|9|14|15|5|7|6|3|14|11|10x2|15|9|14|8|14|12|11|8|15|9|8|11|4|9|8|2|5|12|10|5|9|10|11|14|4|6x2|13|6|8x2|13|3|11|17|5|2|9|6|7|9|8|12|7|15|11|15|2|7|8|5|12|13|10|38|12|13|3|14|8|3|8|7|6|14|37|13|12|11|14x2|12|15|1200;3200|8|12|13|45|8|11|7|10x2|6|7|15|11|14|12|2|6|15|9|12|7|6|31|46|10x2|5|47|11|8|13|5|23|10|12|5|7|6|10|7|16|14|7x3|15|6|11|10|7x2|9|14|11|14|12|5|8|5|11|10|14|8|10|14|15|8|7|6|7|13|6|9|14|8|6|33|2|30|7|5|15|7|8|15|7|12|9|13|6|9|13|11|13|11|17|5|13|15|10|7x2|14|9|6|12|14|12|7|5|18|10|5|11x2|14|12|7|13x2|5|16|7x2|15|8|2|8|14|12|14|9x2|14x2|15|9|12|7|10|14|15|7|2048;3200|8|12|6|8|6x2|5x2|10|12|15x2|13|7x2|6|7|8|10|7|13|11|10|6x2|5|14|9x2|13|6|5x2|11|14|9|11|15|10|14|4|10|15|50|9|14|7|9|8|9|11x2|7x2|6|11|7x2|9|6|13|10|6|10|11|9|14|6|13x2|8|9|5|7|2|9|10|9|11|15|10|14|7x2|13|7|12|14|12|35|11|3|2|9|6|11|9|11|5|14x2|8|5|3|14|10|13|6|10|11|6|11|13|9x2|15|14|10|5|10|7|3|6|14|10|11|13|14|12|7|6|12|9|6|12|2|12|13|14|5|13|8|13|1024;1600|8|12x2|8|11|14|7|11|10|13|6|11|15|7|12|15|8|12|9|15|5|12|7|13|6|7|14|9|7|10|13|12|5|8|14|3|13|12|10|9|13|10|7|14x2|12|5|12|13|8|6|13|11|13|10|6|7|9|11|5|6|12|45|11|10|3|11|6x2|10|2|5|9|8|9|5|3|14|10|15|13|8|35|10|14|10|13|14|8|5|13x2|15|11|8|7|10x2|14|3|6|15|40|9|8|7|10|6|9|6x2|12|2|7|9|7|5|14|15|14|8x2|14|10|35|11x2|7|6x2|12|8|12|7|13|6|14|10|11x2|35|6|7|2048,0|1|2x143,0x8,10,10,PASS,9.3227e-01,9.3227e-01,6.8179e-03,6.8179e-03,2.4154e-04,2.4154e-04
104,8,128,4,50,1600|8x2|11x2|15|9|10|50|13|50|5|11|10|11|13|6|5|8|10|13|3|7|3|13|12|8|6|9|11|5|26|9x2|11|12x2|14|9x2|8|37|13|4|15|13|8|49|5|1800;3200|8|44|8|7|11|6x2|5|2|14x2|15|14|7|14x2|5|7|28|11x2|13|14|5|11|15|13|10|6x2|5|2|13|9|6|12|8|10|6|8|9|5|11|14|10|8|9|3|1024;3200|8|9|7|12|9|8|10|12|9|7|11|12|20|12|7|15|7|14|5|12|15|6|15|14|9|5|9|4|9|15|5|14|7|5|12|6|8x2|14|15|10|5|10|36|3|22|15|5|1800;3200|8|10|7|15|13|6|12|10|14|5|14|40|11|10|13|8|14|15|10|6|11|13|9|8|40|10|9|14|2|11x2|2|7|10|12|7|14|10|12|13|15x2|10|6|7|5|13|11|1200,0|1|2x48,0x4,10,10,PASS,7.9237e-01,7.9237e-01,7.0213e-03,7.0213e-03,2.6492e-04,2.6492e-04
105,8,128,2,7,2000|8x2|10|15|9|2048;1600|8|9|12|8|10|1024,0|1|2x5,0x2,10,10,PASS,1.0998e+00,1.0998e+00,7.3350e-03,7.3350e-03,3.0839e-04,3.0839e-04
106,8,128,2,105,1600|8|5|14|12|10|9|5|6|11x2|13|11|12|15x2|9|11|6|13|9|12|9|13|11|14|6|7|11|6|7|6|11|6x2|5x2|14|9|11|6|8|15|14|10|8|5|9|3|8|12|7|10x2|6|15|14x3|13|3|12|10|11|9|7|14|8|14|28|8|13|5|7|3|6|7|5|12|22|17|12|4|9|5|9|7|9|13|7|8|6|7|5|10|6|11|12|14|7|14|6|40|14|2048;2000|8|10|15|6|50|5|7|9|7|5|4|8|9|13|9|15|14|11|7|9|12|13|6|12|5|10|12|8|10|11|12|7|5|12|5|7|13|8|9x2|15|7|13|8|10|5|9|11|9|8|10|8|11|5|10|7|8|12|7|6|9|5|8|11|10|5|11|15|9|12|2|18|11|7|6|14|7|2|13|7|13|14|10|9|6|11|14|9|12|7x2|27|10|12|10|15|12|5|12|10|7x3|2048,0|1|2x103,0x2,10,10,PASS,8.9369e-01,8.9369e-01,7.0449e-03,7.0449e-03,2.6536e-04,2.6536e-04
107,8,128,8,54,1600|8|6|10|11|8|15|12|5|6x2|2|8|6|7|14|11x2|13|9|15x2|12|13|14|45|5x2|7|11|3|11|5x2|10|14x3|5|11|7|13|10|6|5|12|8|15|9|14|12|9|13|1200;3200|8|9|6|2|10|3|12|13|9|25|5|6|5|15x2|12|10|11|6|8|12|11|5|11|12|9|10|9|7|4|11|8|5|13|12|10|8|6|2|11|7|8|9|6|10|5|15|9|2|6x2|14|1200;2000|8|3|11|12|8|15|8|15|13|12|11|15|12|11|12|8|12|9|14|13|9|7|9|5|10|5|11|47|11|15|11|15|13|11|5|12|14x2|12|13|2|7|15|11|15x2|11|10|9|15|8|5|1024;2000|8|14|15|14x4|12|13|14x2|3|7|12|9|11|12|15|8|10x2|6|8|12|8|15|8|15|12|48|14|19|13|11|7|15|11|3|11|15|5|49|14|3|9|34|11|12|11x2|2|12|1800;3200|8|13|12|8|7|5|13|9|2|9|8x2|13|10|14|12x2|4|14x2|12|11|7|12|15|5|8|9|11|10|5|10|7|10|11|14|11|12|7|10|6|50|12|9|20|14|10|6|14|3|6|9|2048;3200|8|40x2|11|9|6|13|5x2|7|14|2|7|13x2|15|11|4|7|15|8|5|13x2|11x2|5|8|10|3|8|14|13|9x2|12|5|11|15|10|9|25|11|10|8|13x2|11|7|8|42|11|1200;2000|8|6x2|12|11x2|10|8|5|15|4|3|5|7|11|8|14|6|13|12|30|36|5|7|10x2|11|13|11|15|6|13x2|8|10|5|14|5|34|12|14|12|14|11x2|15|14|9|5x2|11|9|1024;3200|8x2|5|15|7|14|11|10x2|8|11|13|11|10|14|13|15|11|7|8|13|6|15|6|15|19|9|15|10|7|12|15|5|13|4|8|11|13|11|10|13|9|14|12|13|10|7|3|13|8|9x2|1024,0|1|2x52,0x8,10,10,PASS,9.8908e-01,9.8908e-01,7.0470e-03,7.0470e-03,2.7326e-04,2.7326e-04
108,8,128,8,123,2400|8|7|6x2|3|7|14|15|8|7|8|10|5|12|9|10|37|4|6|5|13|10|6|5|44|9|6|15|9|14|10|15|9|10|14|9|13|9|20|13|6|12|10|18|6|7|14|10|11|10|15|12|11|15x3|10|15x2|7|39|5|7|8|6|7|14|13x2|10|28|9|12|14|13|45|8|14|11|13|12x2|9|11|12|10|5x2|12|7|6|14|5|6|10|22|7|5|11|7|11|8|12|7|10|7|11|9|11|12|11|15|7|8|6|14|8|9|11|12|9|1200;2000|8|7|4|48|7|8|14|12|13|6x2|5|13|37|13|6|7|6|15|11|15|7|14|13|21|10|22|9|5|15|6|4|10|5|3|41|8|15|11|6|14x3|10|12|11x2|9|13|11|8|6|26|8|13|8|12|3|10|23|10|15|5|7|15|14|9|11x2|4|5|13|14|5|11|31|5|8|5|15|10|7|10|11|15|5|13|8|22|15|10|8|5|9|11|15|9|8|5x2|16|5|6|12|8|7|8|14|15|13|15|12|2|14|10|11x2|7|2|12|10|1800;1600|8x2|13|15|7|6|12|11|5|7|12|2|11|30|6|7|5x2|7|8|7|10|12|10x2|13|11|13x2|7|15|13|8|7|9|8|5|7|11|7|12|17|11|10|12|38|10|14|6|3|7|10|15|10|11|12|6|9|8|12|8|5|8|12|9|13|12|15|11|14|7|4|48|9|5|6|11|6|11|20|8|10|5|10|12|6|2|9|6|13|8|15|9|8|9|14|13|12|14|9|15|10|7|15|12x2|11|10|3|10|15x2|50|13|8|10|14|6|2|3|5|1800;1600|8|13|14|15|10|12|8|6|10|4|5|10|9|8|6|9|12|9|37|14|9|14|12|5|13|2|32|6|7|9|7|34|10|5|8|10x2|12|9|12|8|7|11|12|11x2|5x2|15|7|9|14|12|13|5|12|10|14|4|8|13|14|9|12|10|15|14|9|6|11|15|6|3|9|6|13|2|11|15|13|10|9|12x2|14|9|8|10|13|7|10|6|10|11|15|14|12|14|8|14|11|6x2|8|37|13|15|5|14|9|11|10|13|9|15|5|12|13|31|10|2|1800;3200|8|13|6|12|11|8|11|15x2|7|6|2|15|3|9|13|6|12|9|11|14|48|7|14|12|5|44|10x2|4|9|12|9|5|14|12|13|5x2|10|14|13|11|12|5|11x2|12|8|15|5|15|7|10|13|8x2|11|9|22|3|15|30|10|11|7|11|14|7|6|15|14|6x2|11|15|13|10|46|9|10x2|12|13|12|7x2|10|8|14|15|6|12|7|9|13|6|12x2|7|14|9|8|9|7|9|12|3|10x2|14|12|10|11x2|7|13|10|15|13|10|1024;1600|8|11|12|5|12|3|10|9|8|7|14|11|4|8|7|15|5|6|14|15|8|2|11|9|5|8|10|14|12|3|35|8|12|13|15|11|5|8|13|9|14x2|48|4|14|6|10|5|11|10|11|14x2|10|8|15|10|5|8|5x2|12|13|36|13|7|9x2|6|7|14|7|13|8|9|5|13|8|9|10x2|30|14|15|10x2|5|14|15|10|14x2|15|6|7|11|10|4|7x2|4|6|12|14|12|5|13|2|6|5|10|13|41|13|11|10|12|3|15|13|9|1024;1600|8|9|11|12|13|7|13|10|12|13|3|10|8|7x2|15|14|12|13|5|11|15|14|12|15|5|12|14|25|9|6x2|10|11|12|13|8|2|7|11|9|11|5|6|9|8|3|10|6|8|7|3|4|9|12|7|13|10|11|8|5|15|9|8|11|14|11|14|11|15|12|8|9|15|11|6|12|15|6|5|10|12|9|7|8|9|13|10|6|5|10|13|3|7|32|12|8|13|5|12|6|5|14|15|10|8|10|12|6|5|10x2|14|11|15x2|5|13|15|8|6|1024;1600|8x2|13|10|20|6|11|7|8|5|6|15|13|11|32|5|8|4|12|5x3|12x2|15|6x2|9|5|11|15|8|5|12|14|9|11|8|15|6|15|8|10x3|6|39|15|13|10|9|8|15|9|13|10|11x2|6|8|15|11|5|14|15|7|6|10|14|7|9|14x2|7|8|7|13|11|9|5|14|15|12|13x2|7|12|6|10|12x2|15|13|4|9|7|15|11|6|7|10|9x2|4|8|14|11|13|37|6|12|10|5|14|6|11|5|3|12|30|35|1200,0|1|2x121,0x8,10,10,PASS,9.9998e-01,9.9998e-01,7.0238e-03,7.0238e-03,2.6870e-04,2.6870e-04
109,8,128,4,57,1600|8|37|8|10x2|4|14|12|35|13|10|3|7|6|11|10|5|10|6|8x3|10|7|9|5|14|12|15|8|13|8|5|13|7|13|5|11|14|11|14|12|11|40|14|12|9|6|10x2|12|8|13|9|6|1024;2000|8|14|12|15|5|7|12|15|30|43|5|3|15|6|8|13|14|4|11|6|5|4|12|5|7|9|13|9|15|12|11|4|14|5|15|12|14|11|8|15|12|11|10|9|15|27|10|15|14|11|27|8|7|13|10|2048;1600|8|6|15|13|12|7|14x2|7|6|4|14|8|22|14|12|10x2|41|12|8|12|9|7|5x2|12|7|12|5|8|9|12|11|13|2|15|12|5|13|12x2|11x2|14|10|15|49|9|8x2|11|15x2|14|1200;2400|8|9|7|15|5|7|10|14|15|11|9|7|9|15|38|9|12|30|6|7|13|6|5|15|14|9|14|13|10|15|9|2|15|14|12|7|12|10|12|6|15|13|5|10|7|6|11|15|8|10|9|14x2|5|7|1200,0|1|2x55,0x4,10,10,PASS,7.7159e-01,7.7159e-01,7.1727e-03,7.1727e-03,2.8663e-04,2.8663e-04
110,8,128,4,86,1600|8|11|3|10x3|9|12|6|15|9|8|14|12|9|5|11|13|15|8|9|49|6|12|20|9x2|8|11|15|6|10|5x2|8|46|10x2|12|5|11|7|5|15|13|9|15|9|5|4|9|7|11|5|3|22|9|7|10|12|13|4|12|5|6|15|10|13|8|12|7|13|9|39|3|14|12|15|11|7|11|10|12|7|2048;2400|8|7|11x2|5|13x2|12x2|14|7|10|15|6|15|14|15|6|3|14|11|6x2|13|6x2|10|14|5|15|2|7|8|12|10|7|5|15|6|7|5x2|13|43|7|10|9|7|3|7|15|5|46|10|5|3|9|4|7|9|14|36|11|6|8|13|7|9|8|4|5|9x2|15x2|9|5|11|12|14x2|10|3|15|2048;3200|8|19|8|7|13|6|33|34|14|6|8|9|7|9|14|15|12|6|15|14|8|13|11|12|10|11|12|2|8|15|14|5|13|12|14|11|3|14|8|9|12|13|6|10|12|9|5|4|13|9|8|6x2|5|15|10|6|12|15|7|10|7|15x2|13|9|5|8|13|8|9x2|6|15|8|12|5|13|14|8|5|15|14|5|2048;1600|8|10|14|4|15|11|4|6|3|11|10|9|12|8|6|12|7|10|11|13|30|12|13|8|49|15|5|6|47|38|14x2|7x2|13|7|50|5|12|11|8|14|10|12|26|12|10|7|6|8|9|14x2|10|8|6|10|8|10|7|15|11x2|10|9|6|15|45|5|8|5|11|12|14|10|8|12|10|6|5|6|7|12|8|1800,0|1|2x84,0x4,10,10,PASS,1.6752e+00,1.6752e+00,7.0222e-03,7.0222e-03,2.6100e-04,2.6100e-04
111,8,128,8,10,1600|8|6|9|12|7|14|12|5|2048;3200|8|15x2|12x2|13|14|13|1800;3200|8|6x2|3|41|12|10|9|1800;2000|8|11|5|6|7|5|7|14|1024;1600|8|7|3|12|11|13|6|5|1200;2400|8|11|13|10|2|5|8|9|1024;2000|8x2|11|10|12|13|14|8|1800;2000|8|10|12|15|9|7|15|8|1800,0|1|2x8,0x8,10,10,PASS,1.1173e+00,1.1173e+00,7.1862e-03,7.1862e-03,2.8977e-04,2.8977e-04
112,8,128,8,51,2000|8|9|12|7|8|11|16|6|7|10|15|8|7|8|10|7|12|6|5|13|14|15|5|10|13|15|6|7|12|32|13|11|14|8|13|9|14x2|6|22|3|14|15|9|13|11|2|10x2|1200;2400|8|5|43|12|9|6|9|6|7|4|15|6|13|12|13|15x2|7|12x2|13|10|7|9|7|13|6|15|38|9|10|15|7|15|10|27|10|7|11|12|2|12|15|13|12|11x2|7x2|2048;3200|8|7|12|14|7|13|14|10|8|38|13|5x2|11|2|10|15|5|10|12|6|12|11|15|5|6|9|15|6|13|14|8|49|14|5|7x2|10x2|8|15|13|34|6|11|5|32|7|12|1800;2400|8|3x2|10|22|6|12|6|13|7|12|8|12|10|7x2|10|4|10|11|14|13|14|10|5|13|3|14|10|11|12|14|15|12|4|5|9|14|15|12|13|7|9|14|22|13|14|10|12|1024;2000|8|10|8|7|25|11|15|11|14|15|12|11|9|14|4|13|7|5|7|15|13x2|7|13|8|14|10|8|15|14|5|14|13|6|14|10|5|14|34|14|6|9|11|10|12|10|29|8|13|2048;2000|8|15|9x2|13|15|18|15|9|50|10|7|11|5|8|13|8|15|11|5|12|2|50|13|7|14|3|14|12x2|6|13|10|9|13|12|10|12|6|8|14|6x2|14|9|5|15x2|12|1200;1600|8|2|9|15|11|6|3|13|8|14|15|11|5|10|8|14|6|15|9|6|10|3|14|12|14|7|6|12|10|14|6|7|13|12|9x2|15x2|8|14|9|13|8|9|15|13|12|6|9|1024;2400|8|11|2|12|9|12|15|13|10|15|8|9|7|14|11|9|14|13|3|13|9|12|15|5|7|8|15|11|14|7|14|6|8x2|14|9|13|21|9|5|13|10x2|7|8|11|10|6|7|1024,0|1|2x49,0x8,10,10,PASS,8.5598e-01,8.5598e-01,7.1054e-03,7.1054e-03,2.7871e-04,2.7871e-04
113,8,128,8,98,3200|8|7|6|9|5|14|15|6|12|8|12|14|12|4|9|4|10|6|15|5|10|7|15x2|13|15|6|9|10|12|7|3|39|10|14|3|8|9|12|2|8|14|11|13|5x2|13|7|15x2|12|14|12|5|7x2|6|7|11|12x2|5|9|31|24|15x2|3|5|4|9|11|50|5|13|9|5|6|9|14|10|8|5|13|9|6|12|49|10|15|6|17|3|47|12|15|1800;2400|8x2|14|8|46|14|6|9|30|9|5|12|15|12|9|15|3|18|10|9x2|6|27|10|14|15|49|10|6|14|13|7|13|23|13|14|8|13|12|13|10|15|11|6|22|11|13|2|7x2|5|12|5|10|6|10|14x2|7x2|6|4|6|11|13|6|2|4|10|6|19|9|14x2|8|7|8|12|5|8|6|2|5|15|7|8|11|2|9|6|10|6|15|14|15|7|2048;3200|8|9|15|3|15|13|15|7|8|11|5|7|3|9|43|15|9x2|12|10|12|5|12x2|14|13|9|12|6|11|9|6|11|5|13|7x3|11|8|14|12|13|11|13x2|9|14x2|6|49|14|12|11|39|15|2|6|15|29|9|14|6|7|5|13|10|14|5|16|9|16|12|8x2|13|6|15x2|5|14x2|2|7|10|47|13|9|6|7|12|7|13|8|34|13|1024;2000|8|14|10|12x2|3|6|9|10|9x2|2|9|8|9x2|13x2|6x2|5|13|11|6x2|11|9|7|6x2|7|5|6|21|15|11|9|17|6x2|15|7|12|5|8|10|12x2|14|42|14|8|12|9|15|5|11|12|10|8|14|9|7|12|13|10|5|14|13|5|6|11|13|11|10|6|9|11x2|14|11|40|15|10|9|5|15|10|12|37|15|11|10|5|3|7|1800;2400|8|13|8|9|15x2|8|14|9|14|10|13|9|13|10|8|3|11|23|7|4|12|13|10|12|14|8x2|7|6|15|10|11|14|8|5x2|2|14|3|13|5|15|6|11x2|15|7|8|15|7|12|10|5x2|6|8|11|5|15|12|8|5|14|11|8|14x2|9x2|6|11|2|6|5|15|7|9|12|14|5|38|14|7|8|9|13|5|11|5|11|13|8|9|15x2|1200;2000|8|11|14|7|40|11|9|10|5|12|11|10|6|8|15|13|8|15|5|9|10|8|13|12|15|10|4|11|6|14|15|14|7|13|6|7|11|6|9|11|13|7|13|6|11|13x2|5|6|12|7|6x2|9|6|7|5|10|5|14|15|14|20|15x2|7x2|5x2|15|10x2|13|9|11|14|10|8|10|9|5|7|15|14|12|8x2|10|6|13|14|11|9|19|14|8|1024;2400|8|15|10|13|5|6|10|9|11|15|6|7|5|39|7x2|5|9|12|7|2|10|2|14|5x2|11|12|7|10|13|9|10|7|2|8|4|7|15|10|5|47|12|14x2|7|12|10x2|9|10|9|7|15|6|7|10|12|29|5|15|12x2|31|5x2|9|5x2|3|5|11|8|3|7|10|13|8|10x2|11|12|9x2|11|10|9|12|10|14|12|14|6|5|6|12|2048;2400|8|10|9|7|11|13|14|12|5|12|11|6|10|5x2|41|37|8|7|29|15|6|14|11|7x2|10|9|15|10|13|39|5|8|3|6|30|8|15x2|5|11x2|14|7|12|10|11|19|9|10|9|15|14|3|15|9|12|17|10|9|8|9|36|9|14|6x2|2|10x2|6|14x3|6|13|9|6|12|14|6|11|14|7|14|11|10|5|6|7|13|10|3|9|13|1800,0|1|2x96,0x8,10,10,PASS,1.5249e+00,1.5249e+00,6.9380e-03,6.9380e-03,2.5760e-04,2.5760e-04
114,8,128,8,194,2400|8|12|11x2|15|25|2|11|8|7|17|2|10|11|4|15|13|10|15|13|6|13|7|9|15|10|15|11|2|29|9|3|9x2|6|8|7|11|10|15|8|12|11|13|8|14|7|13|8|13|7x2|9x3|5|12|3|13|15|12|7|11|15|13|12|14|5|14|9|15|6|12|8|14|13|2|9|13|12|15|10|12|5|8|6|9|12|6|12|9|13|5|15|8|4|12|7|11|15|6|2|9|11|10|6|10x2|2|6|2|11|9|15|14x2|7|10|30|8|5|6|7|13|49|11|14|10|13|15|27|5|11|15|37|22|12|14|9|15|13|12|15x2|4|11|7|9|10|13x3|9|7|10|3|15|10|9|20|5|10|12|2|13|6|9|7|15|9|8|7|14|5|15|7|15x2|6|11x2|7|38|6|11|14|7|12|13|8x2|7|1800;3200|8|5|14|8|3|5|13x2|11|4|43|12|15|10|5|12|39|15x2|14|13|7|13|6|11|9|4|11|15|5|7|5|14|9x2|10|3|14|12|6|4|2|9|11|9|15|6|14|10|14|11|6|12|5|7|2|10|11|8|11|5|6|10|12x2|5|32|13|12|3|12|15|2|7|48|5|10|11|10|13|9|6|9|15|12|13|12|4|9|14|2|15|11|8|10|6|8|12|6|12|11|6|8|14|5|3|10|12|7|5|14|4|11|5|14|8|5|6|14|10|7|6|5|10|5|13|7|5|35|12|8|38|5|6|13|5|12|11|14|13|15|14|13|7|49|15|10|12|9|4|9|12|14|6|7|2|15|13|11|8|7|10|14|6|9|15|22|14|9|5|9|10|5|9|11|12|5|13|6|15|7x2|15|10|3|5|13x2|6|10|12|11|2048;3200|8|16|13|12x2|13|9|2|7|14|13|8|13|5|7x2|8|9|5|7|15|7|13|12|10|44|12|5|10|7|3x2|14|7|14|43|8|14|2|6|13|9|6|13|12|8|14|12|15|14|19|11|14|12|5|10|7|5|8|28|15|7|15|3|15|8|11|13|12|13|10|8|14|11|8|11|9|14|6|14|8|14|6|11|13|7|12|42|4|25|5|7x2|6|5|8|5|15|3|10|6|13|8|12|9|7|11|13|7|5|10x2|5|12|7|8|14|8|3|11|5|10|7x2|45|8|13x2|10|8|14|6|8|15|7|12|4|13|12|15|13|7|49|8|12|11|14|11|9|14|5|6|12|13|11|7|5|25|8|49|13|6|11|13|12|6|11|14|7|11|15|8|5|10|8|15|3|15|12x2|10x2|11|10|3|10|13|9|8|12|5x2|1800;2000|8x2|6|5|11|7|11|8|14|3|8|6|12|11x2|13|12|37|12|13|7|8|10|13|12|8|9|15x2|11x2|9|6|8|12|15x2|6|7|10|15|8|4|15|12|8|13|7|14|10|15|8|12x2|7|34|14|6|10|11|8|24x2|50|7|5|9|21|13|12x2|8|14|7x2|10|7|2|9|40|15x2|7|9|14|15|8|10|7|2|5x2|31|7|9|11|14|5|10|11|9x2|3|11|9|12|5|14|10x2|8|11|6|14|15|13x3|12|11|3|7|15|12|9x2|6|7|15|6|13|8|13|5|9|11|6|13|9|5|26|5|13|7|12|13|8|11|6|50|12|5|2|10|5|7|9|13|11|9|13|15|11|5|12x2|10|11|15|14|11|49|7|12|11|15|13|12|15|13|6x2|13|14|6|11|6|8|10|14|13|12|2048;2000|8|7x2|11|7|12|6|11|14|13|12|13|10|7|22|11|10|9|3|15|12|8|14|10|8|9|10|7|13|11|9|8|15|5|10|9|11x2|8|9|15|10|12|2|7|11|12|7|8|14x2|8|5|12|8|14|8x2|15|32|5|13|50|48|15|9|5|12|7|15|5|46|10|13|7|15|14|8|10|15|13|12|6|10|14|15|8|13|7|12|14|10|5|21|9|14|10|11|15|11|8|9x3|2|6x2|9|49|11|10|7|12|5|20|9|13|12|3|13|35|9|5|15|8|13|14|15|8|9|15|11|7|8|13|6|11x2|9|7|14|15|6|12|28|10|5|7|13|12|10|12|11|14|9|5|7|5x2|12|14|4|10|9|7|6|36|11x3|13|10|6|12|5|13x2|9|44|13|6|8|15|12|13|6|8|6|14|11|13|28|2048;2000|8|6|15x2|13|12|4|31|10|7|8|14|3|13|9|5|7|15|10x2|9|8|5|21|8|15|7|38|9|25|6|42|7|14x2|7|6|15|10|5|11|13|15|5|14|10|7|8|7|45|9|12|10|9x2|14|6x2|13|7|13|10|11|6|8|13|11|9|14|12|14|39|12|6|14|13|7|15|11|15|24|15|14|11|6|10|6|14|10|9|45|6|13|9|8|5|6|14|11|10|6|2|8|10|15|7x3|11|10|12|7|15|7|12|6|12|5|13|15|11|8|23|8|14|9|30|11|15|10|6x2|12|11|7|5|3|7|15|7|12|7x2|5|14|15|8|15|9|5|6|14|15|6x2|37|11|10|15|12|3|7|8|14|10|6|2|8|4|11|4|8|10|14|9|5x2|13|7|3|6|8|15|11|6|8|10|15x2|12|9|6|1024;2000|8|7|6|5|11|5|7|8|15|7|12|8|15|12x2|15|8|7|13|14|15x2|12|13|9|7|11|6|12|8|14|15|11|12|9|25|14x2|9|29|6|5|13|12|4|14|9|5|24|41|14|10|15|11|13|11|13|9|11|9|10|7|12|8|7|2|13|12|5|10|5|10|14|15|8|13|12|14|6|36|7|9|10|12|2|46|6|5|6|5|15|23|13x3|11|20|8|10|11|10|13|15|12|4|6|14|11|9x2|6|13x2|5|6x2|10|6|5|12|9|12|9|10|15|8x2|9|7x2|14|10|9|13|28|15x2|4|12|14|16|8|6|15|7x2|9|12|15|7|14|11|8|6|14|11|10|8|18|12|6|8|13|10|11|36|6|11|7|10|8|6|10x2|11|10|15|10|2|8|9|13|11|13|15|12|10|12|13|12|6|15|2048;1600|8|7|6|12|10x2|12|9|11|2|10|12|3|12|11|3x2|11|5|10|7|10x2|14|13|7x2|12|9|10|9|7|31|6|10|7|5|3|8|49|27|10|9|12|9|12|28|10|6|11|3|8|12|5|10|15|11|7|15|6|5|8|9|13|6x2|9|7|8|5|8|14x2|9|35|12|14|8|5|13|11|8|12|3|12|7|8|15|13|12|14|15|7|10|5|8|7|11|3|8|3|15|13|5x3|12|10|15|10|12|9|7|5x2|12x3|14|5|10x2|8|13|7|23|5|8|14|13|7|9x2|6|12|10|12|11|6x2|7|9|11|12|13|7x2|6|5|12x2|15|12|11|15|14|8|12|7|15|7|14|13|14|45|14|13|11|8|10|6|15|6|9|11|6|11x2|20|13|11|10|12|10|15|8|15|11|7|6|10|13|1024,0|1|2x192,0x8,10,10,PASS,9.6861e-01,9.6861e-01,6.7799e-03,6.7799e-03,2.4077e-04,2.4077e-04
115,8,128,8,49,2400|8|15|7|9|8|3|10|5|13|5|12|11|10|8|13x2|9|5|8|15|9|7|12|9|44|9|13|4|15|13|4|7|9|5|10|11x2|6|15|6|12|8|6|5|15|14|15|1200;2000|8|17|10|9|8x2|5|7|11|6|9|7|14x2|15|13|8|9|8|7|9|15|29|10x2|15|10|15|13|3|6x2|7|11|12|5|9|7|8|6|10|13|11|13x2|7|5|1200;3200|8|6|9|14x2|13|6|14|2|12|8x2|11|10|9|11|5|15|27|11|6|12|13|5|7|10|22|5|7|6|8|12|11|14|10|11|14|7|9|10|12|6|13|14|7|11|9|1800;2000|8|6|13|11|14|15|12|11|6|7|12|15|10|7|50|13|12|9|5|7|14|11|7|12|6|5|12|11|9|6|10|7|25|14|26|10|14|26|9|13|28|12|7|3|8|12|6|1024;2000|8|5|11|12|14|2|8|7|8|10|6|15|14|15x2|10|15x2|11|6|10|7|14|12|10|9|15|14|9|6|19|11|5|14|9x2|8|5|15|14x2|12|15|39|9|13|15|1800;2400|8x2|5|11|6|4|5|12|5|9|7|5|7|6|7|44|12|2|6|14|15|37|12|7|8|12|13|8|14|6|8|49|14|12|11|5|13|14|5|6|8x2|13|7|14|7|6|1200;2400|8x2|14|9|5|10x2|12|4|7|12|10|25|9|10x3|3|9|11x2|14|7|11|10|13x3|2|14|12|9|14|6|10|14|12|7|5x2|7|32|12x2|6x2|14|1800;2400|8x2|4|14|11x2|19|12|10|9|5|7|12|8|9|15|14|9|7|12x2|47|7|11|4|9|15|9|6|4|15|4|15|12|10|7|8|13|9|5|13|12|5|7x2|5|12|1800,0|1|2x47,0x8,10,10,PASS,1.0641e+00,1.0641e+00,7.1049e-03,7.1049e-03,2.7536e-04,2.7536e-04
116,8,128,1,231,1600|8|15|12|15|8|14|34|12|11|9x3|3|11|15x2|5|6|9|6x2|31|6|10|14|11|2|15|14|13|6|11|8|13|6x2|8|5|3|8|6|15|10|9|10|7x2|8|50|45|11|21|23|6|15|3|8|4|11|2|6|15|13x2|8|9|5|11|2|13|2|5|12|7x2|15x2|5|3|5|9x2|15|14|9|11|6|5|9|10|8|13|10|9|2|8|15|12|5|10|8|12|11|10|14|13x2|11|6|9|15|6|13|5|7|44|10|15|8|9|8|12|11|6|13|11|14|7|9|15|10|13|2|10|11|6|49|15|6|9|12|11|8|14|8|6|11|13|11|13|8|9|49|6|5x2|4|13|4|6|5|7|8|14|13|10x2|5|7|5|6|11|32|10x2|6|8|6x2|15|14|15|9|7|8|15|7|9|4|13|6|3|8|11|9|10|12|13|14|9x2|10|7|8|12|15|2|13|9|13|5x2|13|6|2|8|5x2|6|10x2|13|10|14|11|8|4|6|13|2048,0|1|2x229,0,10,10,PASS,5.8742e-01,5.8742e-01,6.8520e-03,6.8520e-03,2.4539e-04,2.4539e-04
117,8,128,8,45,1600|8|9|25|7|10|45|14|10|16|14|8|5|8|7|6x2|10|2|7|14|9|5|13|10|7|10|5|6|10|9|13|6|9|11|9|13|11|8|10x2|8|5|12|2048;2000|8|9|5x2|15|13x2|12|4|12x2|13|9|11|5|4|9|5|6|15|6|14|6|5|28|13|15|11|8|4|9|14|7|10|5|11|14|12|5|6|13x3|1200;1600|8|10|14|12|8x2|5|14|10x2|3|5|4|43|14|11|5|6x2|20|12|7|8|9x2|15|13|9|5|15|7|12|11|5|11|13|9|14|13|10|11|7x2|1200;1600|8x2|5|7|6|9|10|6|13|10|9|8|12|9|29|10|8|7|6x2|12x2|2|6|13|11|7|10|6|15|7x2|11|14|15|14|7|14|7|6|11|10x2|1200;3200|8|12|13|11|6|12x2|9|8|6|10|8x3|7|4|14|12x2|8|6|9|13|15|13|8|3|7|13|6|13|15|12|14|5|7|12|43|7|14|11|6|13|1200;2000|8|10|8|6|11|14|34|2|5|6|8|13|15|14|8|14|10|15|10|3|9x2|30|12|6|13|6|11|8|9|8|9|10|12|5|7|5|15|11|6|7|3|15|2048;3200|8|5|9|12|15|26|8|5|8|12x2|11|10|18|7x2|15x2|3|15|11|46|6x2|11|13|7|12|2|14|7|13|14|13|6|8x2|14|13|7|8|6|10|2048;3200|8|12|10|13|9|7|13|7|22|10|17|10|11|14|12|11|13|11|10x2|13|15|11|9|10|9|4|10|5|24|8|6|14|15x2|13x2|12|15|6|45|22|6|1800,0|1|2x43,0x8,10,10,PASS,1.0898e+00,1.0898e+00,7.0999e-03,7.0999e-03,2.7554e-04,2.7554e-04
118,8,128,4,658,2000|8|12|14|9x2|12|14|13|14x2|11|15|6|14|11|15|13|12x2|13|14|8|14|4|7|15|12|10|2|5|7|39|11|7|13|9|20|11|9|12|10|12|14|6|13|14|11|13|7|44|11|6|5|4|15|12|9|7|6|13|9|12|13x2|10|5|15|8|9|6x2|5|6|7|6|14|10|6|10|8|10|8|10|5|9|5|12|5|9|5|9|6|9|12|9|7|11x2|5|8|11|8|6|12|3|10|15|10|12|7|14|7|11|9|6|13|6|10|6|13|7|15x2|6x2|15|3|13|15|11|8|9|14x2|13|11x2|6|13|8|13|7|11|15|8|5|14|9|12|8|6|14|10|6|7|9|5x3|6|10|7|6|5|14|5|10|5|13x2|4|12|5|12|15|12|15x2|9|4|13x2|12|26|5|13|9x3|7|11|6|30|9|2|12|9x3|10x2|15x2|10|8|5|9|15|13|14x2|12|9|12|28|13|11|12|7|6|8|3|11|13|14|5|21|12|7|46|5|13x2|15|12|4|7|14x2|11|13x2|7|24|6|8|11|9|15|8|11|7|13|9|15|37|36|5|14|6|34|5x2|9|11|8|7|8|7|14|12|14|3|8|3|14|13|8|15|9|4|12|9|11|8x2|11|13|6|4|7|10|6|4|40|10|7x2|10|8|11|7|10|11|15|2|12|14x2|9|15|9|6|12x2|9|13|8|11|12|14|9|4|14|15|8|7|14|15|5|15|9|6x2|12x2|8|15|6|14|7|14|13|8|15|14x2|40|11|9|12|7|15|6|15|12|8|6|14|12|5|13|9|14|9|12|7|15x2|5|6|12|8|11|7|48|9|28|13|14|13x2|12|9|6|14x2|7|9x2|12|7|9x2|4|9|15|14|5|6|9|11|7x2|11|5|6|5|12|6|13|5|15|13|15|4|8|9|2|9|13|7|13|8x2|13|2|13|14x2|39|8|14x2|12|9|12|3|7|4|7|6|10|11|15|7|6|7|5x2|46|13|8x2|6|3|9|7|10|11x2|15|14|48|6|12|15|11|6|13|4|14|9x2|10|7|12|29|45|29|9|5|9|12|8x2|5|15|9|4|13|37|10|12|48|7|6|9|12|5|8|6|7|13|5|2|9|26|8|23|14|12|7|9|15|9|12|14|46|8|9|8|6|11|14|12|6|12|7|6|12|5|15|10|9|15|9|13|6|11|5|15|12|5|7|13|11|15|11|13|15|5|8|15|12|10|13|5|10|5|14|5|6|2|9|13|6|9|6|2|7|11|9|14|6|7|12|9|10|9|5|11x2|8|15|6|12|49|8|11|15|6|10|15|12|10|12|5|9|13|12|9|13|7|9|14|5|11|17|11|41|10|11|9|5|14|8|14|45|15|13|11|7|3|5|14|7|14|12|6|9|6|5|7|14|7|11x2|5|7|13|14|15|22|10|15|18|7|8|7|9|3|8|12|13|5|1024;2000|8|5|14|12|14|15|6|7|14|10|9|15|14|8x2|7|8|12|11x2|15|12|9|2|10|7|11|15|10|14|11|15|6|10|5|40|7|6|12|15|5|12|15|5|12|14|12|13|9|18|12|7|6|7|9|10x2|14|10|12|14|7|40|11|12|13|14|15|14|9|14|5|14|13|15|13x2|5|11|8|14|8|7|5|14|7|15|11|14x2|13|14|15|10|6|5|13|11|10|11|12x2|10|7|14|7x2|38|46|10|9|6|14|13|7|6|7|10x2|5|15|5|12x2|8|6|5|41|7|11|8|7|13|8|12|11|7|8|14|10|8|13|6|5|13|7|5|3|15x2|13|9|14|10|15x2|3|5|6|20|6|9|14|7|13|11x2|6|5|9|2|14|7x2|15|13|9x2|8|12|14|7|3|7|10|3|13x2|9|8|10x3|12|15|12|7x2|5|13|8|14|11|10|14|9|5|6|10|8x2|9|13|5|8|11|10|11|8x2|6|9|7|6x2|10|14|13|14|7|13|16|12|11|14|34|8|7|3|2|27|13|12|6|12|4|22|15|8|7|13|12|5|14|7|14|4|15|6|7|12|40|13|15|14|6|11|15x2|9|10|9|10|7|15|9|13|5|6|12|8|10|7|8|24|10|9|6|11|13|15|13|11|10|6|14|7|14|8|5|10|5|15|10x2|13|15|11|7|13|11x2|10|14|7|5|40|12|10|15|16|9|13|12|15|13|14|43|15|14|15|8|14|5|3|15|7|27|12|14|12|13|6|14x2|10|11|4|12|9x2|6|10|11|14|15|7|15|3|12|11x2|8x2|14|12|5x2|6|10x2|6|15|13|8|11|13|6|12|5|11|8|9x2|26|24|31|14|5x2|14|8|5|9|5|10|11|10|7|10|13|34|9|12|8|10|31|8|12|7x2|11|15|3|9|6x2|12|6|9|31|8|7|11|15|2|22|14|7|19|6|12|5|13|19|5|6|5x2|13|3|11|15|10|3|13|11|15|8|10|8|10|11|13x2|15|14|8|11|6|9|12x2|7|6|13|12|5|9|2|15|12|47|15|4|5|15|8|15|13|2|10x2|7|4|5x2|6|5|13|6x2|50|5|15|6|14|10|15|11|12|13|2|15|9|10|7|14|13|15|7|15|5|15|12|9|13|6|13|14|3|10|14|12|2|13|10|12|15|4|11|6|9|14|12|8|10|32|15x2|14|7|10|12|9|10|12|9|13|7|11|14|11|10|9|10|14x2|15|4|5|9|11|7|8|12|8|14|15|14|5|3|10|12|13|4|8|6|9|13|10|14|9|4|6|31|13|14|6|9|14x2|2|11|7|6x2|13|10|9|10|7|6|26|5x2|8|19|8|6|5|14x2|7|12|11|8|9|14|2|13|5|13|7|15|6x2|8|12|13|11|6|13|12|9|13|6|7|12|5|7|15|19|5|13|12|43|32|8|23|7|9|13|7|13|9|1024;2000|8x2|4x2|5x2|14|9|14|13|8|9x2|8x2|50|6|10|11|8x2|15|12|7|9|8|12|7|13|5|4|15|13|10|15|11|10|41|14|7|24|8|7|10|6|12|4|13|8|38|15|5|6|8|13|8|5|8|12|6|12|6|5|10x2|15|9|10|5|12|6|4|11|4|6|12|10|7|9|15|5|14|13|9|6|13|15|11x2|9|14|6|8|14|7x2|9|15x2|5x2|13|12x2|15|12|5|15|5|6x2|10|7|9|15|10|12|15|10|5|13|12|5|14|43|9x2|12|7|5|9|8|12|9|8x2|12|15|29|12|5|7|44|11|15|13|6|9|6|9|11x2|13|14|5|12|8|18|13|7x2|13x2|5|8|13|7|9|14|12|7|8|14|5|14|12|11|7|9|13|9x4|12|14|12|11|9|35|13|6|5x2|13|9x3|8|6|15|7|14|5|13|5|12|7x2|11|15|9|7|15|28|7|15|14|6|13|11|8|6|12|9|12|9x2|5|7|14|6|15x3|8|14|15|6x2|13|6|7|10|15|9|12|8|12|9|15|13|11|49|11|15|5|14|11|7|14|13|15|7|41|4|6|5x2|7|14|6|8|10|14|10|8|7|11|12|14|5|10|12|5|15x2|12|3|6|14|11|5|6|15|14|2|11|35|14|13|5|15|14|8|9|14|6|7x2|9|10|35|14|9|15|6|11|12x2|6|5|10|11|9|11|12|9|6|9|13|14|8|12|7|9|3|5|2|15|8|5|7|9|12|15|7|10|15|12|9|10|9|5|12|3|8|12|14|12|11|5|12|3|6|3|5x2|8|15|10|5x2|9x2|7|15|2|5|13|6x2|14|11x2|9|13|19|8|9x2|6x2|11|7|8|6|10|8x2|14|13|12|10|11|7|15x2|14x2|5|15|10|11|10|6x2|14|15|25|7|5|15|8|3|8|9|11|12|7x3|11|7|14|10|12|15|10|13x2|14|11|13|9|10|15|8x2|2|13|14|8|15|14|11|9|5|13|15|6x2|12|10|31|8|32|7|15|13|12x2|11|5x2|14|11|6x2|7x2|15|12|5|7|9|6|9|5|12|37|9|10|7|11|15|7|46|6|5|11|14|13|15|14|30|14|11|10|7|6|21|14|8|10|5|12|13|44|40|11|6|8|14|7|10|6|9x2|12|43|10|11|14|5|10|9x2|5|10|11|6|11|6|13x2|11|12|7|5|12|15|12|11|15|12|8|15|11|6|12|11|5|14|6|8|13|11|13|2|9|7|11|10|14|15|10|7|10|12|8|14|9|13|10|6|7|15|10|13|5|8|11|14|11|14|11|4|9x2|7x2|14|15|12|11|6|13|5|6|9|7|18|8|14|13|8|6x2|12|11|5|14|7|8x2|12|15|10|5|14|13|10|12|5|6|13|5|14|11|14|13|8|15|10|11|14x2|9|15x2|8|10|15|9|5|2048;2000|8|9|8|6x2|9|12|14|7|8|9x2|3|9|15|6|14|10|46|11|12|10|11|7|8|2|12|8|9x2|8x3|15|6|11|6|8|9|6|11|15|10|6|4|6|8|12|6|9|11|8x2|10|6|8|12|11|5|4|5|15|9|8|13|12|8|6x2|8|5|14|9x3|11x2|5|15|8|13|11|12|7|6|12|5|6|15|7|24|10|9|14|5|8|5|12|11|14|10|19|7|11|12|9|15|5x2|9|5|12x2|2|12|11|9|10|8x2|12|34|14|2|6|5|13|8|5x2|2|8|5|8|14|11x2|10|14|6|11|14|10|5|23|5|15|7|6|5|14|9|10x3|12|9|10|7|10|6|10|12|8|4|13|15|6|12|14|8|12|7|9|2|7|11x2|8|15x2|13|9|5|12|13|11|10|12|14|15|24|5|11x2|10|9|14|9|8|9|10|11x2|8x2|13|15|8|15|6|25|15|6|7|6|15|6|5|14|12|11|12|20|15|5|12|2|6|12|7|13|15|8x2|10|13|5|12x2|9|13x2|9|6|5|15x2|10|12|10|9|4|5|7|13|6|14|13|12|11|9|11|49|15|10|14|10|6|4|15|11x2|6|3|11|9|15|11|8|10|15|11|15|21|15|8|6x2|13|15|11|5|2|11|12|8|10|12x2|5|11|14|15x2|12|14|6|14|13|12|13|8|14|7|15|11|2|10|13|6|10|4|11|10|3|8|6|7|9|6|7|10|12|43|15|14x2|10|14|5|2|15|5|6|21|8|15|13|9|14|12|15|9|15|11|13|29|3|12|5|10|9|14|8|42|23|6x2|11|6|12|15|6|8|9|14|15|9|34|10x3|15|10|6|11|7|5|12|13|14|15|6x2|4|5|12x2|9|10|13x2|7|10|3|2|7|15|13x2|14|11x2|3|9|2|11|6|13|15|14|13|12|14|10|12|9|12|14|9|14|10|9|11x2|9|11|15|6|5|13|14|13|5|13|7|15|10|8|10|13|7|5|15|7|8|11|3x2|10x2|4|8|11|12|5|8|15x2|11|7|11|5|15|30|11|13x2|11|12|10x3|8|11|10|9|11|13|7|49|5|7|6|7|11|5|3|7|6|3|12|7|12|13|7|8|11|6|5|11|25|9|13|14|6|15|31|13|8|5|13|6x2|10|5x2|15|10|9|13x3|12|7|10|14|7|5|6|10|9|15|11|5|9|13|14|8|14|8|14x2|7x2|9|11|13x2|7|14|7|5|9|5|8|13|7|14|15|13x2|11|12|13|14x2|8|7|15|11|12|13|6x2|14|7|6|10|7|13|10|7|4|6|8|6|15|11|6|11|49|9|22|12|8|32|15|12|11|7|5|14|5|8|15|5|15x2|13|14|12|10|14|13|3|12|6|12|6|15|6|9|13|2|14x2|2|3|2|14|15|4|11|13x2|6|8|6|9|15|8|3|5|15|1800,0|1|2x656,0x4,10,10,PASS,7.8686e-01,7.8686e-01,6.3119e-03,6.3119e-03,1.9389e-04,1.9389e-04
119,8,128,4,45,1600|8|11|7|6|10|15|6|5|13|7x2|11|15|6|9|5|9|10|13|8|10|11|8|14|6|3|14|8|12|6|10x2|7x2|10|5|12|9|10|6|14|8|5|1200;2400|8|7|13x2|7|14|9|47|2|9|7|21|12|11|14|9|4|14|5|10|14|12|4|13x2|9|6|15x2|12|14|12|10|39|8|4|13|11|9|11|5|10|8|1800;3200|8|15|11|12|5|14|15|12|14|10|15|5|7|4|8|9|10|7|10|6|14|13|12|5|14|13|11|41|12x2|10|15|7|15|11x2|13|12|5|14|5|8|11|2048;3200|8|14|12|15|13|7|16|15|8|14|15|9|14|12x2|6|24|5|29|9|5|12|5|4|29|7|13|31|12|5|7|14|9|11|5|6|14|7|5|49|6|5|14|1024,0|1|2x43,0x4,10,10,PASS,6.6300e-01,6.6300e-01,7.0125e-03,7.0125e-03,2.6916e-04,2.6916e-04
120,8,128,1,229,3200|8|13|7x2|11|15|14|6|8|13|3|10|14|2|13|8|11|5|7|12|15|13|7|14x2|13|11|9|7|11|9|8|10|13|10|4|2|13|5|15|37|21|11|8|10|13|12|9|11|12|7|5|7|14|9|13|7|6|2|15|9|11|13|19|24|9|7|9x2|5|10x2|36|5x2|11|13|7|42|15|6|14|5|15|11|7|4|7|10|11|9|8|13|5|14|19|15|12|11|10|9|46|6|7|5|12|31|8|2|11|15|10|11|6|4|9|15|14|5|10|9x2|15|8|9|12x2|6x2|13|8|14x2|13|11x2|13|26|10|9|3|9|15|14|7|5|12|14|5|15|5|8|12|9|11|6|3|10|12|5|12|15|12x2|5|14|11|13|8|12|11|41|9|6|15|3|7|12|10|13|11|13x2|6|22|9|8|5|2|4|6|14|10|6|10|7|11|12|8|3|14|3|7x3|34|14|8|7|6|9|15|13|7|6|13|19|10|12x2|6|13|15|2|7|6|11|1024,0|1|2x227,0,10,10,PASS,5.6231e-01,5.6231e-01,6.6662e-03,6.6662e-03,2.3096e-04,2.3096e-04
121,8,128,2,209,2000|8x2|6|11x2|2|13|6|22|12|13|6|15|14|7|14x2|6|8|15|14|6|13|11|45|12|7|2|4|3|8|5|10|15|32|9|11|13|10|6|11|15|10|28|11|10|13|6|12|9|8|12|9|14|9|7|5|13x3|7|8|6|7|6|5|6|15|7|22|6x3|8|13|11|8|7|11|14x2|7|5|11|8|6|8|11|12|7|15|8|15x2|9|13|8|2|8|9|12|15|9|15|11|13x2|6|11x2|7|10|13|6|7|11|9|5|8|11|6|5|12|6|15|24|11|8|6|15x2|13|11|14|12|11|10|13|14|6|7x2|14|11|13|4|11|15|11|9|8|6|10|14x2|6|7|8|14|6|8|13|11|3|2|6|14|5|14|5|4|6|10|14|12|15|10|3|8|9|14|5|10|8|10|5|11|8|2|13|6|9|14|8|11|8|15|5|14|10|21|9|14|13|46|12x2|1200;3200|8|15|9x2|8|5|15|12|13|9|6|9|8|6x2|10|9|12|5|13|9|14|9|49|13|11|12|5|8|12|13|47|12|7|11|15|9x2|5|15x2|8|10|19|9|6|13|30|14|10x3|8|11|10|5|9|4|9|10x2|14|10|6|14|12|7|12|13|14|11|16|11x2|4|15|6|13|9|14|8|12x2|5|9|11|10|11x2|15|6|15|11|12|15|9x2|14|12|9|14|12|15|9|15|6|5|8|12|9|15|11|12|10|15x2|21|12|7x2|14|9|37|14|15|2|12|6|14|15|12|50|6|8|12|8|13|15|14|12|4|5x2|9|11|12|11|9|2|8|39|6|8|12|5|2|7|9|11|13|4|30|6|27|12|7|12|6|14|15|5|8|11|13|10|13|6x2|8|15|11|13|7|13|12|5|10x2|49|12|11|7|8|5|12|11|10|6x2|11|12|14|13|9|15|13x2|1800,0|1|2x207,0x2,10,10,PASS,1.3090e+00,1.3090e+00,6.7449e-03,6.7449e-03,2.3674e-04,2.3674e-04
122,8,128,8,7,2000|8x2|15|10|14|1200;3200|8|12|15|44|7|1800;3200|8|4|12|9|12|1200;2400|8x2|14|15|9|1024;2000|8x2|15|5|15|1200;2400|8|10|5|11|13|2048;3200|8|13x2|5|13|2048;3200|8|5|11|7|5|1200,0|1|2x5,0x8,10,10,PASS,1.4179e+00,1.4179e+00,7.1305e-03,7.1305e-03,2.7885e-04,2.7885e-04
123,8,128,4,142,3200|8|2|49|6x2|12|7|3|13|12|15|14|40|10|6|8|33|9|15|14|12|14|42|13|15|9|10|14|6|9|5|11|13|12|13|7|15x2|5|13|9|12|7|12|6|15|13|4|9x3|10x2|6|12|14|12|8|13|10|5|13|10|14|11|10|7|11|9|11|14|12|10x2|6|8x2|12|15|32|40|6|3|13|11|5x2|3|13|6|10|15|9|6|15|11|7x2|8|14|13|14|5|12|5|6|9|5|4|12|13|5|14|9|11|9|13|15|5|10|14|8|9|14|15|6|39|12|8|10|35|15|10|6|14|13|7|12|10|5|1024;2000|8|11|6|9|8|7|11|14|50|9|13|10|4|11|10|14|10|14x2|12x2|8|13|6|47|5x2|15|11|12|6|13|10|8|11|14|6|7|11|15x2|12|5|7|14|15|9|10|7|8|11|8|5|6|3|6|8|48x2|9|13|10|13|7|38|7|12|5|8|14|18|8|9|8|11|15|8|6|8x2|15|8|13|14|12|4|11|5|12|11|10|15|5|13|12|8|9|11|15|10|15|11|3|10|9|6|9|19|9|43|15|6|8|5|11|3|12x2|11|47|10|12|2|11|13x2|5|12|9|11x2|12|15|9|14|10|15|5|12|5|1024;1600|8|15|5|8|15|5|12|7|13x2|14|5|10|14|5|42|11|14|7|15|9|12|11|10|15|17|5x2|14|6|13|15|11|45|11|8|12|5|12|11x2|14|36|10|2|13|29|15x2|5|10|6|13|3|2|6|15|6|7|12|6x2|8|5|15|8|3|13|6|7|11x2|7|11|9x2|6|14|23|15|6|15x2|13|7|11|7|11|12|7|9|12|9|2|13x2|10|8|9|6|11|7|14|11|9|12|8|9|10|15|13|18|19|5x2|15|8|10|5|10|6|15x2|11|7|3|7|13|11|10|9|11|7|10|9|12|13|15|14|5|2048;3200|8x2|9|8|25|9|30|9|10|8|7|15|6|13|14|8|7|9|12|13|17|9|14|5|11|5|14|12|9|5|9|3|15|12|13|11|13|4|10|8|4|43|3|6|10x4|6|36|10|8|5|12|9|7|14x2|11|8|9|13|11x2|10|15|6|7|10|3|5x3|49|14|12|10x2|12x2|9|10|11|8|6|13|7|6|22|32|5|10|9|8|26|5|13x2|15|6x3|10|9|13|6|8|9|14|5|15|9|8x2|3|12|9|11|4|8x2|9|7|9|11|19|34|13|11|12|8x2|15x2|6|10x2|15|9|5|2048,0|1|2x140,0x4,10,10,PASS,1.1619e+00,1.1619e+00,6.8626e-03,6.8626e-03,2.4944e-04,2.4944e-04
124,8,128,1,12,1600|8|11|10|12|5|11x3|7x2|1200,0|1|2x10,0,10,10,PASS,1.0379e+00,1.0379e+00,7.3842e-03,7.3842e-03,3.1987e-04,3.1987e-04
125,8,128,8,301,2400|8|13|11|29|13|5|10|15|10|8|7x2|15|14|7|15|8|11|8|12|14|8|13|5|14|13|6|15|12|17|23|11|12|8|14x3|9|12x2|15|16|5|13|5|12|6|5|6|14|12|14|7|13|11|14x2|13|11x2|13|11|47|48|9|13|14|4|8|13x2|11|12|6|10|9|15|14|13|10|36|15|11|13|5|11|15|9|11|41|8|7|13|11|25|15|9|14|11|12|11|13|14|13|11|6|13|9x2|5|9|15x2|7|11|15|7|24|13x2|6|10|5|11|3|13|11|5|7|9|13|4|8|9x2|10|43|10|23|5|37|14|13|6|3|5|14|5|13|12|5|9|5|6|13|10|6|24|13|5|9|13|5|31|7|4|9x2|8|13x2|12x2|30|8|14x2|40|14x2|13|5|10|15|6|15|10|5|14|11|40|11|14|11|6|11|14|5|6|8|9|14|5|8|5|10|11|13|7|11|10|6|9|7x2|11x2|6|12x2|8|6|4|12|11|15|9|12|8|11|5|9|13x2|10|7|8|7x2|12|5|6|7|6|14|2|9|6|16|10|11|6|13|50|10|13|9|5x2|13|8|13|5|11|15|12|4|6|11|15|5|7|10|6|12|20|3|9x2|8|14|10|14|11|5x2|11|8|11|15|2|6|11|6|10|5|14|3|13|2048;2400|8|7|6|41|8|12|5|15|42|5|6|7|8x2|14|10|8|13|12|5|8|10|12|7|12|8|12|5|6|13|14|13x2|8|15|7|8|12|11|10|7|11|5|14|12|5|41|12|13|8|40|5|3|7|5|6|9|8x2|6x2|4|15|8|7|5|9|7|9|34|7|11|5|14|5|14|8x3|15|13|9|14|9|14|13|7|10|8|20|5|6|4|11|14|15|8|7|4|8|12|8|11|7|12x2|15|7x2|3|7|44|10x2|6|13|7|8|5x2|8|12|7|15|8|11|8|13|12x2|14|11|8|14|12|11|44|6|15|11|14|12x2|4|7|8|11|9|7|12|13|6|4|15|13|11x2|13|10|7|15|5x2|14x2|13|6|7x2|5|41|6|15|13|9|10|7x2|12|15|4|15|14|8|14|25|9|6|5|8|5|13|15|5|15|37|13|10|26|13|15|13|8|13|8|4|8|12|11|30|11|14|5|11|13|2|5|13|15|6|9|11|12|50|6|9|42|8x2|7|15|11|12|11|14|15|8|14|10|5|3|14|3|5|15|3|14|8|5|13|2|11|14x2|6x2|11|10|6|11|14|15|5|6|12|30|14|11|15|10|9|5|9|13|14|13|9|6|8|9x2|8|5|10x2|8|4|6|14x2|11|12|13|9|7|10|14|15|5|2048;3200|8|9|5x2|13|8|10|8x2|5|13|11|33|8|5|6|14|11|12|10|12|45|13|9|11|6|10|14|11|15|7|4|6|7|8|9|15|11|13|10|13|5|18|12|13|8|12|11|6|15|14|7|12|9|5|15|6|8|19|11|13|31|14|2|7|10|7|11|13|6|15|6x2|7x2|29|8|7|13|10|43|8|40|7|10|12|14|15|7|12x2|3|11|7|14|27|14|12x3|11|6|10|3|9|7|9|10|9|6|5|11x2|9|6|14|5|15|8|12|10x2|7|48|9|5|9|26|10|15|3|8|23|5|4|10|8|6x2|13|10x2|5|9|11|10|29|14|5|7x2|15|7|11|8|12|5x2|13|5|15|6|9x2|8|45|5|15|13|11|5|3|14|12|13|7|8|10|6|8|7|13|8x2|14|8|15|9|11|13|14x2|8|14|6|15|9|13|11|31|9|14|7x2|14|8|11|14|5x2|6|7|13|11x2|4|10|11|10x2|7|12|15|9|14|6|9|15x2|10|5|9|32|6|7|11|10|7|14|15x3|9|8|11|5|7|13|8|12|3|13|11|6|9|8|15|13|6|29|11|14|5|7|3|12|9|6|4|9|15|10|8|14|9x2|12|11|6|15|12|5|11|10|13|11|13|5|15|12|27|13|38|5|11|12|9|2|5|1024;1600|8|9|14|6|11|8|5|13|6|7|10|13|10|6|14|12|6|10|9|15|6|13|7|14|13|7|5|13|7|15|2|5|13x2|10|9|10|13|10|8|9|6|9x2|2|13|8|12|6|12|11|22|8|13|12|13|3|10|7|15|11|12|10|8|4|5|12|7|6|12x2|4|8x3|13|7|10|28|9|5|11|8|14|17|11|12|10|12|7|11x3|12|11|5|13|10x2|12|6|7|14|15|19|8|2|3|15|5|14|5|14|13|10|15|8|10|12|13|15|10|8|9|11|15|21|12|8|9|11|6|25|2|6|14|7|13|2|13|7|5|4|14|9|7|14|10|14|11|15|7|6|15|13|5|10|6|5|7|8|5|11|13|5|13|5|9x2|8x2|6|37|13|14|46|13x2|10|13|12|6|7x2|10x2|7|9|13|6|10|14|13|11x4|10|12|35|13|12|14|15|12|13|15|12|10|13|15x2|8|5|8x2|15|13|10|7|10|9|6|9|7|8|15|7|6|10|29|12|5|6|10|24|28|13|8|15|9|14|13|3|14|21|8|11|12|7|9|14|8|13|11|13|9|6|15|7|4|10x2|11|2|10|8|15|14|15|9|12|6|7|14|8|6|7|14|10|5|13|11|15|9|3|19|8|13x2|14|13|5|11|8|11|12|8|15|1200;2400|8|3|14|8|9|15|36|14|38|12|2|13|6|11|12|10|15|14|5|7|2|7|6|9x2|10|11|7|12|5|4|6|17|10|9|10|14|8|10|9|11|7|14|12|8|10|6|12x2|9|8|12|8|14|36|12|14|13|12|15|14|5|8|12|6|10|47|15|9|7|15|11|12x2|3|5|6|7|11|5|11|4|5|13x2|2|6x2|14|8|12|5|12|10|6x2|12|5|6|9|11|8|7|5|7|6|12|6|11|8|12|7|14|5|11|8|10|13x3|9|14x2|9|13|8|13|7|6|8|6|12|7|10|6|11|10x2|11|3|5|6|13|11|13|4|13|14|13|29|10x2|11x2|3|12|15|11|14|18|13|6|3|7|9|5|11|15|14|15|13|11|15|12x2|15|5|7|5|10|14x2|3|5x2|11|12|11|15|6|44|13|10|5x2|7|8|11|4|7|6|14|5|13|15|45|11|14|2|15|14|6|9|11|14|6|8|13|10|9|13|6|14|8|4|14|8|15|9|2|15|6|13|12x2|5x3|7|11|15|7|9|15|6|7|13|6|2|6|10|6x2|15|11|14|8|12|15|6|7|9|6|9|15|6|15|9|2|9|14|13|4|13|14|11|6|9|5|3|14|8|9|6|7|8|15|9|25|13|5|6|13|5|14|6|45|9|11|2048;3200|8|15x2|8|9|11|8|11|14|15|6|3|13|14|6|9|11|15|10|12|7|6|14x2|10|12|9|21|13|9|4|5|3|12|6|11|6x2|3|6|13|5|10|8|13|11|14|7|8|14|7|11|6|11|10|9|8|6|5|12|7|15|10|9|10|9|8|13|15|9x2|7|4|14|12|8|5|15|13|8|11|13|14|5|11|13|8|13|38|15|13x2|11|8|15|10|13|7|8|13|12|35|14|15|5|15|5|15|12|11|8x2|13|12|4|10|15|14|9|8|15|5|10|14x2|12|11|5|6x2|14|4|15|6|11|13|10|13|14|5|13|7|6|7|10|15|14|9|7|6|5|9|6|5x2|6|44|12|10|9|11x2|14|12x2|14|6|10|9|11x2|8|11|14|13|12x2|14x2|6|10|14|10|9|8|2|6|8|6|7|9|8|12|9|8|10|8|6|9|7|9|6|8|13|10x2|12|8|9|11|2x2|15|6|10|6|11|10x2|5|14x2|33|8|5|6|8|6|12|49|7|9|4|11|14|7|5|15x2|12|11|5|15x2|7|10|15|5|9|10|2|13|2|11|7|15x3|8|10|15|6|32|9x3|14|5|10|6|4|11|7|11|8|7|5|8|6|5|7|5|10|33|8|5|12|14|15|9|44|12|8|5x2|8|7|8|5|1024;2400|8|11|2|12|9|12|8|2|5|6|8|9x2|8|6|32|10|6|8|6|11|7|6|11|14|15|10|14|9|5|2|7|15|6|8|12|14|5x2|15|10|13|10|8|26|14x3|7|11|12|11|8x2|15|10|7|34|14|5|8|14|10x3|5|15|7|5|14|21|12|7|12|8|5|9|12|6|14|2|13|2|12|6|11|13|11|13|8x2|6|5|10|7|12|3|9|13|10|12|2|15|10|13|15|11|10|8|9|13|5x2|2|7x2|8x2|13|10|14|6|12|14|13|14|12|22|13x2|7|11|12|15|9|12|6|7|10|11x2|5|9|12|5|13|12|14|13|8|12|7|13|10|9|11|2|13|12|2x3|8|13|7|12x2|40|2|12|10|3|8|6|43|7|11|13|9|22|15|10|6|9x2|45|30|15x2|10|9|14|2|4|5|13|6|12|14|8x3|6|10|6|14x4|5|11|12|5|14|12|9|8x2|10|12|45|14|4|2|6|14|29|12|14|6|10|7|11|14|6|7|10|15|12|15|11|6|7|6|12|11x2|13|12|10|38|5|8x3|9|26|7|9|14|13|5x2|13|15|8|6|5|9|5|15x2|9|35|10|7|9|11|13|6|32|13|10x2|7|14|18|10|6|15|6x2|5|15|9|7x2|13|7|1800;2000|8x2|12|11|4|5|9|14x2|13|6|13|9|5|3|6|13|9|6|10|15|13|14x2|10|14|13|8|6|14|12|11|10|7|13|47|2|7|12|9|4|12|14|43|5|10|7|5|12|2|5|14|7x2|12|8|7x2|5|15|8|6|12|3|8|15|12|9|11x2|3|12|7|12|10|12|13|14|6x2|8|6|14|7|8|13|29|9|8|13|14|11|7|5|10|11x2|10x2|14x2|15|9|5|11|14|8|5|9|10|15|12|14|8x2|41|13x3|14|2|13|15|5|15|11|15|8|10x2|8|9|7|9|6|8|14|13|6|7|9|8|13|7|9|5|8|9|36|6|7|9|15|12|14|15|10|14|10|12|18|5|3|13|8|6|10x2|11|9|12|6|9|6|5|8|15|7|6|11|7|14|6|8x2|10|5|13|10|8|5|8|7|5|10|12|7x2|13|14|7|11|5|15x2|9x2|11|6|16|4|8|4|12|14|11|8|7|10|9x3|15|10|37|6|9|6|13|7|13|9|7|13|2|10|49|13|12|8|13|5|11|9|8|15|11|5|9|31|13|12|5x2|14|13|12|14|11|15x2|7|12x2|6|8|12|6|7x2|8|10|8|12|11|6|8|12|9|15|12|6|4|14|8|12|2|8|5|13|14|10x2|12|14|37|50|14|2|1200,0|1|2x299,0x8,10,10,PASS,9.4342e-01,9.4342e-01,6.6378e-03,6.6378e-03,2.2432e-04,2.2432e-04
126,8,128,2,34,2400|8|14|13x2|6|7|11|13|9|13|6|9|11|10|8|7|10|8|3|8|13|10|6|15|12|5|11|6|14|7|14x2|1800;2000|8|7|14|9|11|13x2|4|5|14|15|10|12|14x2|6|15|30|6|12|7x2|5|15|7|10|14|12|13|12|15|12|2048,0|1|2x32,0x2,10,10,PASS,1.0798e+00,1.0798e+00,7.1581e-03,7.1581e-03,2.7556e-04,2.7556e-04
127,8,128,2,380,2400|8|10|13|15|5|15|6|4|7|48|13|14|13|14|5|12|6|15|12|7|8|22|13|15|14|6|10|7|5|31|9|12|42|10|8x2|12|13|9|6|9|5|8|15|13|9|8|12|10|25|9|7|5x2|6|15|14|4|5|48|12|7|8|14|8|9|6|14|5|14|6|12|8|5|10x2|13|9|14|12|13|11|10|14|11x2|6|11|6|11|3|9|10|3|45|13|15|9|14|10|6|11|7|14|15x2|7|12|10|30|6|10|11|10|6x2|11|2|11|6|14|7|11|2|15x2|13|11|15|12x3|4|9|13|7|2|11|13|5|15|12|7|8|12|5|13|9|14|11|7|12|11|15|6|12|13|12|9x2|12|4|9|10|14|12x2|9|12x2|15|6|12|9|15|14x2|13|2|15|14|11|13|9|12|13|6|10|11|9|15|9|14|15|9|2|15|14|11|14|5|16|10|12|10x2|9|46|3|14|11|13|7|6|14|5x2|12|5|9|13x2|5|12|7|8|9|4|8|6|15|6|12|2|5|12|11x2|9|43|5x2|9|15x2|10|9|7|6|9|7x3|11|22|10|12|13|10|8|35|9|10|14|6|4|7|15|7|14|15|14|6|11|2|6|8|15|7x3|10|13|6x3|43|5x3|12|10x2|8|7x2|12x2|8|5|7x2|15|7|9|5|13|4|6|14|10|15|8|12|35|15x2|2|15|13|12|13|15|7|2|14|5|15|14|4|5x2|16|3|15|10x2|9|6|8|4|5|36|14x2|6|11|5|9|3|15|7|14|11|8|6|41|9|11|14|13|6|9|11|8|12|10|5|3|8|14|5|21|10|14|8|9|13|1024;2000|8|3|13|6|42|5|48|14|4|33|9x2|5|11|5|7|5|11|9|8|6x2|15|6|15|4|8|9|14|13|7|15|8|9x2|13|14|15|10x2|11|8|12|5|10|8|11|13|15|2|8|9|15|6|10|9x2|12|7x2|5|14|8|12|9|14|6|15|8|6|9|3|14|12|14|45|8|50|15|7|12|14|13|12x3|9|2|5|14|15|6|10x2|8|11|10|13|3|6|8|7|5|14|2|8|5|8|14|9|4|6|36|8|13|6|8|15|8|11|7|14|6|7|15|12|11x2|3|8|5|13|12x2|5|11|12|7|5|14|13|6|10|20|2|10|4|9|5|12|5|15|14|8|7|14|7|12|6|5|12|5|13|10|14|11|15|11|5|6|5|6|8|4|5|9|41|15|3|5|7|9|2|10|7|9|6|9|3|15|12|8|10|15|12|11x2|13|15|5|6x2|8|7|14|11|12|13|6|8|12|6|4|11|8|9|6|11|7|5|8|14|15|12|9|12|4|8|5|10|9|6|9|15|7|5|7|5|14|8|15|13x2|11|13|17|6|14|9x2|5|15x2|22|14|5|2|15|35|15|12x3|7x2|9x2|4|8|13|9|11|14|9x2|6|24|10|11|8|2|12|5|8|13|12|6|10|9|10|7|5|12|11|14|9|7x2|11|10|14|8|10x2|27|11|15x2|5|10|5|13|10|4|9|13x2|7|5|10|11|7|10|11|44|7|11|13|7|13|10|24|15|6|15|10|12|13|2|9|8|13|15|5|6|8|24|6|12|8|20|5|13|10|9|13|7|9|6|3|5|14|13|9|10|6|14|12|9|10|45|13|12|13|14|12|5|10|2048,0|1|2x378,0x2,10,10,PASS,7.7079e-01,7.7079e-01,6.5574e-03,6.5574e-03,2.1894e-04,2.1894e-04
128,8,128,2,51,3200|8|5|13|12|10|11|14|5|9|10|11|12|31|15|10|11|9|12|6|5|14x2|10|6|13|3|10|14|15|12|25|12x2|15|6|13|14|5|13|15|3|7x2|12|13|14|6|9|6|1800;2000|8|13|9|7|6|11|13|5|8|6|10|8|12|2x2|32|8|7|15|14x2|8|6|10|5|13x2|10|11|2|14|3|5|10|15|14|13x2|14|9|11|14|8|5|13|8|11|40|7|1800,0|1|2x49,0x2,10,10,PASS,5.9857e-01,5.9857e-01,7.0077e-03,7.0077e-03,2.6358e-04,2.6358e-04
129,8,128,2,10,3200|8|7|12|7|8|5|3|12|1200;3200|8|2|11|6|7|8|2|3|2048,0|1|2x8,0x2,10,10,PASS,7.9073e-01,7.9073e-01,7.0217e-03,7.0217e-03,2.6233e-04,2.6233e-04
130,8,128,2,16,3200|8|15|8|3|5|12|47|13|12|15|4|5x2|7|1800;2400|8|10|11|6|5|12|15|9|7|5|15|13|12|8|2048,0|1|2x14,0x2,10,10,PASS,1.1727e+00,1.1727e+00,7.0012e-03,7.0012e-03,2.6718e-04,2.6718e-04
131,8,128,2,14,2400|8|7|8|5|10|11|7|12|14|37|8|11|2048;2000|8|4|14|8|6|11|14|18|9|14|6|11|1800,0|1|2x12,0x2,10,10,PASS,1.1669e+00,1.1669e+00,7.1931e-03,7.1931e-03,2.8043e-04,2.8043e-04
132,8,128,4,147,3200|8x2|40|14|4|6|7|4|7|12|10|32|11|8|11|15|45|5|11|5|9|5x2|14|7|14|5|12|2|11|14|7|10|8|12x2|6x3|10x2|15|7|14|6x2|2|9|3|13x2|6|9|15|3|6|14|15|9|6|9x2|10|9|13x2|15|6|20|7|2|4|25|14|13|7|4|5|6|5|10|13|14|26|11|12|7|12|13|23|6|7|14|8|12|6|13|8|7|11|13|14|33|6|11|5|13x2|8|10|34|10|13|11|10|8x2|5|12|5|8x2|10|8|46|7x2|9|4|8|15|11|9|10|6|5x2|12|10|15x2|34|14|6|9|2048;2000|8|14|11|9|40|11|13|11|48|9|6|11x2|10|11|9|7|9|13|10|6|38|11|10|15|48|3|7x2|12|15|8|11|5x2|12|9|10|12|13|14|5|15|7|5|15x3|12|10|6|12|29|8|10|8|12|6|9|6|11|6x2|12|5|15|6|9|14|9|15|8|9|10|11|14|13|11|7x2|6|5|6|10|9x2|12|3|7|3|10|14|15x3|11|13|7|15|10|9|11|8|12x2|15|14|29|10|8|7|11|47|13|15|7|8|14|10|8|5|10|5|9|12|45|7|10|11|14|12|14|5|8|5|9|6|11|8|6|11|8|13|14|7|2048;3200|8|12|10|13|17|7|11|2|9|11|7|5|13|6|11|8|11|6x2|11|7|8|11|10|5|15|12|13|11|10|14|11|13|6|13|10|14|9|8|11|15|7|13|8|14|15|21|6|11|12|15|14|9|7|4|3|10x2|2|7|10|12|13|2|9|8|5|10|9|7|13|7|8|2|13x2|7|13|10|4|3|6|14|15|7|15|14|11|14|11|2|7|11|15|7|12|46|11|9x2|5|9|5|9|13x2|10|9|7|9|6|14|8|11|12|6|10|12|15|13|5|7|11|5|11|12|10|5|9|5|15|4|12|13x3|4|9|46|15|7|8x2|14x2|1200;3200|8x2|2|11|9|8|9|11|5|6|15|5x2|8x2|14|13|15|8|5|8|9|2|8|14|11|7|5|6|7|12|10|29|11|9x2|15|6|9|13|9|5|8|2|5|9|14|4|14|11|7|15x3|14|11|5|12x2|7|13|10|8|14|9|3|10|15|9x2|10|9|14|13|9|14|7|5|9|13|15|14|6|8|15|9|8|15|9|2|11|5|11|9|5|11|3|15|13|8|15|5|10|22|14|6x2|9|6|38|2|25|3|6|10|11x2|3|11|6|7|11|2|3|6|7|14|13|12|5|9|7|12|7|10|49|15|14|7|10|14|15|3|14|12|1800,0|1|2x145,0x4,10,10,PASS,7.4766e-01,7.4766e-01,6.7899e-03,6.7899e-03,2.3919e-04,2.3919e-04
133,8,128,4,25,2000|8|5|2|6|11|9|10|12|4|10|11x2|8x2|13|15|9|7|8|13|14|10|9|1800;2000|8|39|7|12|6|12|39|11|7|13|31|9|8|11|10|11|13|10|5x2|6|12|5|1024;2000|8|12|10|11|13|9|7|14|7|15|3|11|6|9|14|6|15|13x2|11|6|8|10|1800;2000|8x2|14|6|10|14|13|23|14|5|13|15|14|9|12|8|5|3|12|8|5|6|14|2048,0|1|2x23,0x4,10,10,PASS,9.0252e-01,9.0252e-01,7.2252e-03,7.2252e-03,2.8778e-04,2.8778e-04
134,8,128,8,14,1600|8|9|6|13|8|9|14|10|13|9x2|12|1800;3200|8|7|6|9|12|6|7|11|13x2|15|13|1024;3200|8|6|3|6|5|15|9|40|14|12|10|9|1024;1600|8x2|41|7|13|9x2|10|5|12|13|10|1200;3200|8|15|12|5|8|12|6|9|8|15|10|6|1800;2000|8|14|5|11|14|10|15|19|25|3|5|13|1800;2400|8|15|8|10x2|13|3|5|12|3|12x2|1800;3200|8|5|7|5|14|8|12x2|14|7|11|12|1024,0|1|2x12,0x8,10,10,PASS,1.1601e+00,1.1601e+00,7.1315e-03,7.1315e-03,2.8253e-04,2.8253e-04
135,8,128,4,34,2000|8x2|14|15|13|6|14|22|5|9|35|5|7|13x2|14|4|8|4|10|37|7|32|6|12|6|9|6|12|7|15|11|1200;2400|8|6|13|7|5|6|15|9|6|13|3|4|5|12|37|8|7|6|10|15x2|8|6|8|6|5|32|13|43|8x2|15|1024;2400|8|9|15|5|11|7|6|11|41|9|10|15|13|9|12|13|10|30|14|6|12|10|11|9|14|8|14|11|8|7|9|12|1024;2400|8|11|14|12|14|10|13|8|5|11|5|7|10|17|12|15|9x2|6|3|12|8|7|10|14|12|15|6|7|6|5|8|1200,0|1|2x32,0x4,10,10,PASS,1.0569e+00,1.0569e+00,7.1893e-03,7.1893e-03,2.8979e-04,2.8979e-04
136,8,128,2,67,1600|8|15|6|15|11x2|10|6|7|8|9|10|8x2|18|15|43|13x3|15|9|6|9|6|13x2|15|9|5|13|5|10|2|10|9|15|13|5|14|5|15|7|6|9|5|43|10x2|44|6|26|12|13|3|13|15|14|8|11|10|11|9|14|10|1800;3200|8|7x2|5|6|12|14|8|13x2|47|10|5|8|5|15|5|12|11|13|8x4|10|9|8|10|17|9|11|5|2|3|10|15|5|14|5|6|8|13|4|14|15|11|10|9|13|14|5|15|9|11|46|2|14|21|8|2|7|13x2|6|11|1800,0|1|2x65,0x2,10,10,PASS,6.0117e-01,6.0117e-01,6.9978e-03,6.9978e-03,2.6225e-04,2.6225e-04
137,8,128,4,207,2000|8|13|10|5|3|5|6|13|8|4|5|14|7|5|15|6|7|14|6|14|9|11|13|15|10|11|7|14x2|5|7|10|14|15|10|11|10|6|5|11|5|15|13x2|10|13|9|12|32|14|15|12|13|6|15|10|13x2|11|10|5|8x2|15|11|12x2|8|13x2|9|7|14|6|8|13|12|13|12|8|6|11|10|11|12|10|14x2|12|9|6|10|8|5|14|11|13x2|14|13x2|9|10x2|11|3|15|12|7|9|7|6|7|9|11|9|12|15|10|7|11|6|11|9|10|4|14|7|5|8|12|37|15|7|10|5|13x2|9|2|8|13|12|15|10|11|12|7|5|7|9x2|10|5|10|12|10|11|9|7|13|15|6|11|8|6|9|15|11|10|8x2|6|12|6|13|9x2|10|5|15|7|14x2|7|4|12|5|11|15|9|41|15|14|12|6|15|5|3|15|10|13x2|10x2|1800;2000|8|4|10|15|9|15|7|5|10x2|7|13|15|10x2|8|10|11|5|7|9|8x2|15|14|10|9|5x2|14|15x2|12|5|12|7|13|11|7|8x2|12|10|5|10|6|8|11|15|5|13|9|6|5x2|7x2|15|20|14|4|15|20|5|9|39|10|15|11|10|3|6|12|8|9|13|12|4|12|11|39|13|14|11|12|6|5x3|10|8|13|7x2|14|5|11x2|6|7|14|5|9|8|6|9|5|6|5|11|10|12|13|4|5|9|12|6|11|50|8|9|12|7|14|8|5|8|12|2|9|4|16|5|13|10|7x2|15x2|13|7|11|7|2|15|8|9|7|14|12|13x2|5|9|14|13|7|11|10|14|9|12|15|6|14|6|10|7|5|15x2|12|8|12|15|11|8|6|5|10|14x2|8|12|6|15|5x2|13|5|11|7|6x2|9|10|8|6|13|10|7|11|5|7|2048;2400|8|12|13|5|13|12|7|14|19|6|7|15|10|11|12|13|6|13|14|8|9|14x2|15x2|10|6|13|14|6|2|15|8|10|20|9|6|13|9|5|8|14|9|7|15|10|11|5|7|4|3|14x2|5|7|6|11|14|15|26|9|7x3|6|26|10|15|4|10|14|15|12|10|8|7|10|7x2|5|8|7|13|14|5|12|6|11|14|5|13|11|5|10|4|11|5|9x2|6|14|12|13x2|14|12|7|11|7|5|8|14|7|8|5|50|9|10|15|5|13|5|10|13|5|8|12|13|3|6|10|45|40|7|6|14|9|14|26|13|12|6|11|6|5x3|9|11|10|9|11|13|11|4|14|11|12|15|13|23|14|9|12|11|8|14|5|46|14|12x2|10|13|14|8|10|7|2|10|9|11|8|14|12|6x2|20|7|14|37|7|13x2|14|7|8|7|9|10|11|25|10|31|26|1024;2400|8|15|12|8|10|15|13|9|8|12|5|15x2|12|6|14|12|10|6|5|11x2|8x2|6|8|10|12|13|12|6|14x2|8|13|10|6|9|6|8x2|3|15|14|2|13x2|12|14|15|14|8|15|6x2|9|7|14|7|9|6|7|11|5|8|14|11|5|14|9|11|8|14|10|14|8x2|10|8|3|10|2|14|10|11|8x2|14|15|13|6|3|12|15|13|24|9|12|6|14|6|13|10|13|5|15|7|9|5|7|6|14|5|13|15|12|9|13|7|9|14|7|5|6|8x2|6|11|5|14|5|9|10|20|11|9|10|33|10|15|14|10|11|14|6|7|6|8|9|6|14x2|15|14|8|11|8|5|12x2|9|11|6|10|5|14|10|9|8|6|5|14|2|7|9|12|15|14|13|7|13|15|9|33|12|10|3|11x2|13|7|14|8|9|14|10x2|7|4|15|5|9x2|15|9|1800,0|1|2x205,0x4,10,10,PASS,1.3246e+00,1.3246e+00,6.8168e-03,6.8168e-03,2.4245e-04,2.4245e-04
138,8,128,1,49,2000|8|13|4|13|7|6|5|20|6|12|11|12|14|12|6|47|11|10|14|9|6|14|9|13x2|7x2|13|5|11|7|39|14|3|13|7|3|15x2|6|5x2|12|11x2|15|8|1800,0|1|2x47,0,10,10,PASS,7.2931e-01,7.2931e-01,7.1165e-03,7.1165e-03,2.7816e-04,2.7816e-04
139,8,128,4,376,1600|8|9|7|6|13|14|9|3|13x2|15|7|5|22|9|7x2|5|7|15|10|8|10|14|7|12|11|9|13|15|11|12|8|11|7|2|15|6|11|13|22|7x2|9|13|11|14|12|10|13|7|8|9|14|10|11x2|9|13|14|7|5x2|42|8|7|48|6x2|12|10|4|5|9|34|10|2|9|13|7|13|11|15x2|6|10|13|14|10|15|8|5|6|14|7|6|9|7|10|12|2|14|5|11|6|8|15x2|42|10|7|6|13|5|10|8|5|11|9|15x2|4|8|7|8|11|10|7|10|12|14|5|11|10|15|8|15|12|15|14|11x2|12|14|10|7|12|15|29|11|4|11|29|10|11|10|12|9x2|13|9|3|10|13|39|35|15|18|11|2|12|13|14x2|12x2|6|7|8|11x2|15x2|2|13|5|8|10|5|8|11|12|10|12|4|6|14|15|12x2|15|14|11|22|2|13|11|7|12|8|7|9|11|15|7|15|7|3|33|5|13|14|12|10|5x2|8x3|7|3|14|13|22|15|13|12|13|11|10|2|13|15|9|11|10|12|5|11|8|15|8|13|11|8|40|20|5|12x2|11|9|11|14|9x2|12|15|3|9|8|9|13|5|8|6|11|14|13|12|3|7|13|15x2|6|13|14|15|36|15x2|10x2|14|47|15|9|7|15|5|7|8|14x2|9|12|2|9|7|8x2|14|10|13|21|10|8|12|9|10|14|6|30|10|9|4|6|9|10|6|7x2|8|5|6|13|8|13|5|13|5|12|5|6|4|3|5|49|10|9|11|14|15|14|12|7|4|6x2|2|6|29|12|5|42|13|5|14|15|11x2|9x2|1024;1600|8x2|34|13|15|14|5x2|13|12|6|8|14|9|7|14|12x2|5|15|10|9|7|12|11|13|2|10|14x2|5|13|14|6|5|10|3|11|14|13|6|14|10|8|9|15|7|13|8|7|14|10|15|12|9|11|12|6|13|12|14|9|2|5|41|17|6|12|10|12|15x2|5|10|12|8|13|5|9|5|14|8|38|14x2|12|7|15|9|12|8|10|13|7x2|13|5|46|11|8|9|14x3|9|6|5|12|26|7|14|11|25|14|10|40|4|10|14|6x2|7|9|2|11|5|8|11|14|9|11|12|11|15|5|14|11|8|13|6|5x4|11|8|7|27|6|8|13|6|13|11|9|4|32|11|12|11|7|9|37|8x2|9|13|15|5|12|8|12|4|13|2|7|10|11|4|9x2|7|10|11|13|10|11|15|8|3|15|7x2|10|5|14|12|14|6x3|8|13|8x2|15|35|8|10|14|7|6|9|5|11|8|5|7x3|2|9|12|13|12|11|9|13|4|8|5|7|13|2|10|9|11x2|13|41|12|15|5|11|9|14|12|10|7x2|11|8|10|11|10|9|50|5|8|15|6|11|10|11|8|13|7|5|47|7|10|8|10|9|33|5|9|4|14|8|35|6|12|15|7|50|14|7|5|7x2|9|10|11|7|15x2|5|6|7|9x2|10|9|14|10|12|8|6|14|11|8|6|10|14|8x2|6|14|15|11|10|49|10|3|9|35|3|10|13|12|9|11|10|15|7|20|7|15x2|5|12|5|14|13|14|8|7|11|13|8|14|15|10|13x2|11|8|50|6|9x2|12|6|7|8|10|47|12|5|4|7|14x2|1800;2400|8|11|14|6|5|6|14x2|10|13|9|15|6|7x2|15|12|5|10|4|8|9|12|7|11|10|14|9|6|8|6|9|11|7|6|11|7|5x2|12x2|7|15|7|9|12|10|11|7|14x2|5|13|23|6|11|15|10|14x2|11|7|15|12|5|12|15|8|15|14|10|22|8|5|12|30|10|14|6|13|11|13|9|11|6|15|3|10|14|10x2|13|8|5|12|15|9|13|12x2|14|11x2|14|10|8|11|6|10|11|2|14|11|15|11|15|12|5|9|5|10x2|9|14|15|11|8|9|12|10|9|10|7|10|11|5|12x2|9|13|9|6|7|13x2|7|4|13|10x3|13|15|5|11|10|12|14|29|6|2|12|6|7|8|7|30|11x2|8|11|13|9x2|40|4|10|9|15|10|8|47|8|15|9|4|5|9|14|10|5|14|7|12|3|6|9|11|14|9x2|15|12|14|11|2|6|14|9|11x2|8|9|14|13|6|9x2|11|14|12|7|12|7|15|50|9|14|7|8|12|8x2|7|13|15|9|6|10|7|12|6|7|10|13|11|12x2|9|14|5|6|12|9|12|9|10|14|8|12|31|11|8|7|4|13|10|13|8|6|14|11|2|8|11|12|13|8x2|10|9|5|12|14|5|15|12|8|7|8|5|15|12|14|8|14|15|6x2|12|10|13|10|7|11|9|7|8|10|9|11|9|7|10|3|5|10|11|8|10|9|12|32|14|12|6|11|7|12|7|39|3|11|14|8|11|13|5|8|15|13|8|14|11|13|11|9|2|11|10|5|30|11|8|15|13|15|12|5|10|6|15|6x4|10|13|5|7|11|47|13|12|2048;2400|8|37|10|13|7|8|7|12|10x2|12|6|14|12|11|12|15|5|7|9|15|13|15|11|2|9|13|2|5|8|13|11|10|8x2|18|14|11|8|7|8x2|11|15|7|13|15|12x2|14|13|6|37|3|8|9|6|11|13|11|9|6|13|4|13|9|8|12|6x2|4|3|5|15|8|12|6|7|10|15|6|12|11|13|7|14|32|9x2|50|15|6|12|7|8|3|13|5|15|5|11|13x3|10|5|7x2|13|12|9|14|15|6|15|6|12x2|9|14|7|12|11|13|2|12|21|12|5|11|7|5x2|4|8|3|13|12|7|6|8|10|7x2|11|6|5|14|7|6|8|13|8|13|14|5|11|15|14|8|15|12|11|14|15|11|13|9|13|9|15|12|7|6|11|5|11|8|14|12x2|15|14|7|8|12|22|7|37|14|9|5|14|15|8|7|12|15|16|9|10|4|12x2|8|11|12|5x3|10|15|7|14|13|7|11|7|10|5|11|10|4|15|10|2|5|6|13|11|12|36|47|5|6|11|6|15|10|11|12|5|9|15|11|6|14|13|2|12|10|6|12|14|8|11|6|13|14|8|6|14|15|7|15|10|6x2|33|11|10|9|10|5|14|10|3|9|13|8|15|5|7|15x2|11|6|15|14|12|14|9|5|6|8|5|10|37|8|6|5|3|5|15|8x2|11|12x2|13|15|12x2|5|10|12|13|15|9|3|10|7|11|9|5|11|15|4|11|27|31|12|8|13|11|6x2|9|14|38|6|9|15|14|11|7|6|31|15|14|9|21|5|10|14x2|5x2|14|13x2|14x2|11|8|14|9|10|12|36|23|13|14|9|1024,0|1|2x374,0x4,10,10,PASS,7.3555e-01,7.3555e-01,6.5895e-03,6.5895e-03,2.2088e-04,2.2088e-04
140,8,128,2,90,1600|8|5|8|12|11|8|11|13|9|38|10|5|13|9|7|10|11|12|5|7|13|8|10|11|9|7|8|5|11|13|11|10|11|7|6|8|7x3|14x2|6|10|12|10|7|11|14|13x2|12|14|13|10|9|14|17|14|45|7|12|10|7|28|14|9|2|9|6|9|23|15|9|15|7|6|31|10|5x2|13|10x2|4|10|8x2|12|1024;2400|8|7|6|12|7|2|9|13|11|8|14x2|11|8|14x3|8|4|11|12|14|6|13|7|15|5|13|15x2|12|8|12x2|11x2|10|12|14|6|7|14|10|8|10|8|10|14|8|4|14|8|10|14|11|7|32|4|7|6|11|5|14x2|24|8|12|6|8x2|13|10|12|13|8|7x2|14|10|14|12|11|14|8|9|6|12|14|1800,0|1|2x88,0x2,10,10,PASS,9.3303e-01,9.3303e-01,7.0733e-03,7.0733e-03,2.7372e-04,2.7372e-04
141,8,128,1,338,2400|8|13|14|6|10|8|13|15|8|6|14|15|7|12|8|14|7|9|10|13|7|10|11|8|12|8|12|13|8|12|6|7|14|42|14|10|12|8|14|15|5|12x2|11|10|6|15|11|12|5|7|15|7|14|7|5|12|7|3|12|11|12|9|8|14|7|11|14|16|5|9|11|23|5|2|7|12x2|5|9|14|6|14|9|13|6|13x3|10x2|3|12|13|15|9|7|9|15|11|9|15|7|9|11|12|6|7|11|15|10|6|10|8|7|14|12|10|7|12|14|13|7|15|5x2|13|11|13|12|15|13|6|14x2|10|35|11|8|14|4|11|6|8|10|12x2|2|6|10|15|6|8|5x2|11|9|15|7|8|10|9|15|13|8|7|4|6x2|13x2|5|14|9|5|14|13|15|5|4|8|29|9|15|9|6|14|10|4|5|8x2|12|5|13|15|13x2|6|38|14x2|13|14|2|15|8|5|10|9|6|12|15|9|8|5x2|14|6x2|13|15x2|14|7|10|15|6|33|14x2|15|5|10|6|13|4|2|12|10|6|9|10|15|4|5|4|9|15|6|14x2|13|14|10|20|10|5|10|6|5|6|14x2|26|12|9|5|32|10|12|8|12|8|44|9|7|14|7|15x2|13|8|15|13x2|6|8|15|8|23|8|5|13|8|14|6|5|11|5x2|12x2|2|12|35|13|12|9|6|15|10|8|11|8|10|5|11|14|10|5|41|14|15|7|39|8|6|7|5|4|19|6|10|3|5|1200,0|1|2x336,0,10,10,PASS,8.0711e-01,8.0711e-01,6.6300e-03,6.6300e-03,2.2508e-04,2.2508e-04
142,8,128,8,25,2000|8x2|9|8|2|7|13|4|10|6|10|13|9|6x2|14|15|6|2|10|9|12|14|1024;1600|8|7|8|15|30|10|6|9|12|6x2|14|9|13|6|14|9|10x2|14|8|11|9|1024;2400|8|13|6|2|13|12|27|14|15|7|14|10|11|5x2|9|7|10|47|14|7|10|12|2048;2000|8|9|37|15|7|34|2|8x2|2|12|15|11|4|36|8|15|8|5|10x2|11|6|1200;1600|8x2|13|25|13|5|9|4|5|9|11|14|7|6|11|10|9|11|23|11|10|5|38|1024;2000|8|14|9|12|15|9|5|11|8|11|10|14|10|3|10|11x2|14|47|15|7|12|14|1024;2400|8|49|8|10|7|8|9|11|14|8|7|12|7x2|5x2|8|13|14|11|7|10|8|2048;1600|8|11x2|10|9|15|5|11|15|10|8|12|14|5|7x2|11|8|6|15|6|5|13|2048,0|1|2x23,0x8,10,10,PASS,8.8998e-01,8.8998e-01,7.2323e-03,7.2323e-03,2.9636e-04,2.9636e-04
143,8,128,4,512,3200|8|7|6|11|6|9x2|11|7|8|6|14|13x2|9|15|3|8|7|13|11|14|5|7|5x2|6x2|13|30|11|5|7|17|8|11|7|6|12|14|15|12|15x2|12|7x2|26|6|9|5|14|12|15|6|49|9|7|10|9|13|12|8|11x2|14|8|6|11|6|10|11|6|12|2|11|5|13|10|8|15|13|11|5|13|5|6|14|15|10|5|13|12|7|10|14|8|13|5|3|5|20|13|14|6|12|5|6|10|11|10|7|5|13|14|15|10|13|9x3|6|12|7|15|28|8|15|9|7|15|7|13|6|8|12|6|27|9|11|14|6|10|8|6|14|5|14|5|9|14|8|11|6|13|9|13|48|6|9|33|13|11|36|10|9|8|14|8|12|6x2|8|5|6|15|6|14|8|12|15|8|14|9x2|12x2|9|5|24|12|5|12x2|14|9|13|9x2|12|7|9|15|11|13|11|9|7|13|5|11|6|14|15|7|13|6|9|8|13|15|7|11|13|7|3|14|31|8|13|11|14x2|9|13|12|5x2|9|6|11|5|10|6|14x2|7|14|6|28|10|5|12|8x2|14|13|19|29|8|5|24|13|6|10|7|44|13|8|11|9|15|5|6|3|8|6|12|14|23x2|9|15|7|24|15|34|10|12x2|6|14|10x2|5|12|11|8|10|12|14|7|8|6|10|8|9|10|14|9|13|14|6|13|49|9|11|2|8|14|15|14|11|9|4|14|6|15|6|12|6|15|9|15|9|14|8|13|12|6|14|11|8|14|11|5|11|9|14|13|9|12x2|13|6|17|13|6|32|10|7|14|13|10|13|6x2|12|14|5|8|6|13|8|10|14|12|40|13|14|5|15|9|12x2|14|15|2|7x2|10|6|8|11|10|8|12|5|11|15|6|8|14|5|15|14|15|6|12x2|14x2|8|6|10|13x2|14|7|10|9|11|5|11|14|10|14|13|10|5|13x2|3|10|6|13|11|7x2|12|25|3|8|11|12|8x2|10|9x2|13|12|15|11|3|14|13|32|10|11|10|9|8|9|10|13|14|13x2|15|11|7|11|14|5|12|15|14|33|14|12|15|5|4|2|9|12|14|11|13|6|24|8|9|12|27|6|8|11|12|6|14|12|13|11|14|7|11|12|11|2048;2400|8|14|11|15|8|10|7|8|12|30|7|9|11|13|12|42|10|16|14|9|7|8|4|6|9|8|10|6|17|14|13x2|11|7|6|11|6|9|7|14|5|12|5|11|10|8|10|9|14|11|12x2|10|11|13|9|7|11|14|7|13|3|14|5|35|10|5|11|15|14|7|10x2|8|5|9|5|8|9|11|50|11|10|5|29|8|6|13|14|8|10|5x2|13|11x2|13|10|8|3|11x3|13|10|8|9|10x2|15|5|9|12|5|14|5|9|15|13|8|6|15|13|5|8|34|7x2|15x2|14|10|6|15x2|14|2|6|9|8x2|13|8|3|9|5|7|12|6|15|6|7x2|15|6|13|12|6|14|11|7|2|7|10|11x4|14|28|13|10|7|13|14|8|11|3|5|15|6|14|5|9|12x2|11|5|2|10|15|6x2|13|12|15|6|14|12|4|11|13|7|9|8|12|14|13|11|7|5|4|12|13|10|35|6|9|8|49|11x2|14|9|5|10|14|11|10|6|11|14|13|8|4|6|12|10|12|14|35|8|9x2|5|14|22|6|14|5|12x2|14|22|4|6|5|15|9|15|21|15|14|12|15x2|10|5|10|6|10|15|13|5|8|7|6|5|45|12|10|5|12|11|8|15|9|7|10|6|4|15|5x2|12|13|12|7|8|10|6|12|15|8|4|5|9|6|43|6|21|6|11|15|12|8|3|14|8|9|10|7|47|10|8|15|5|12|10|8|12|4|7|13|14|7|5|12|6|10|9|15x2|10|14|8|13|15|12|5|7|9|23|11|14|5|6|13|5|9|14|10x2|4|11|7|13|9|10|14|8|13|8|14|12|6|12|5|6|14|5|10|14|11|7|5|15|9|14|8|11|10|9|8|9|6x2|14|5|10|5|10|4|15|8|7|8|12|15|6|11|15|5|11|8|12|7|11|7|5|6|9|14|9|8|11|13|14|11|5|6|14|11|13|11|8|13|7|6|5|11|47|6|10|7|11|12|10|6|15|9x4|8|15|12|3|7|8|6|8|7|15|5|14x3|13|14|15|7|5|12|5|6|12|7|12|14x2|7|13|49|13|11x3|9|11x2|15x2|13|6|47|12|14|6|14|8|15|5|9|5|49|4|13|5|12|1800;1600|8|10|8|7|10|43|11|14|10|8|10|14|12|15|14|10|14|8|14|15x2|12|3|11|13|11|3|15|6|10|13|7|6|13|27|12|14|13|3|13|8|14|5|12|11|14|11|9|6|14x2|15|8x2|6x2|7|15|5|8|6|5|7|10|5|11|12|11|13|12|14|12|15|10|13|5|15|13|9|8|10|6|9|46|13|14|12|14|9|42|7|12|5|6|7|10|12|8|11|10|9|2|10|9|14|11|5|16|13|25|12|10|2|12|11|6|10|5|8x2|10|7|9|15|10|11|9x2|5|14|13|9|15x2|6|13|5|15|2|8|6|15|11|6|7|14|15|9|6|11|2|7x2|3|14|6|7|14|12|9|26|8|7|9|13|6|4x2|13|11|8|13|6|8|10|8|13x2|4|12|9|8|15|12|7|8|10|14|8|14|8|10|2|8|9x2|11|12|14|15|7|12|15|12|6|13|9|6|7|9x3|7|14|9|10|6|12|13|15|11|4|7|9|11|10|8|11|8|9|15|13|5|10|9|8|15|14|5|14|6|9|10|8x2|5|13|6x2|14|5|10|7|5|15|14|8|5|7|6x2|7|15|7|5|9|6|10|13|4|35|6|7|15|10|5|6|5|11|7|9|8|11|14x2|8|5|7|11|6|14|9|14|10|11|9|11|5x2|12x2|7|13|9|8|5|3|29|9|12|15|12|11|9|11|7|10|3|10|2|7|13|9|12|15|9|7|9|14|5|7|10|15|10|11|3|9|5|9x2|13|7|3|12|8|7|11|19|9|12|6|7|14|10|7|14|12|15|4|46|15|46|8|9x2|6|12|6|12|13|7|15|8|7|9x2|12|15|9|12|6|11|9|13|5|7|15|5x2|9|11x2|8|9|8|48|5|11|8|7|14|15x3|7|14|11|2|6|2|4|8|6|11|7|11|10|8|2|3|8|7|15|9|11|6|10|40|11|9|11|6|8|20|13|9|5|6|8|11|9|7|13|10|8|18|6x2|14|11|12|8|9|3|8|12|11|35|14|15|11|7|12|5|14x2|2|9|3|13|9x2|45|5|6|12|13|6|15|5|12x2|4|6|13|3|15|6|14|7x2|13|14|8|3|12|14|8|13|7|13|9|3|7|11|10|11|15|7|13|1800;2400|8|10|9|10|11|5|9|8|7|8|9|5|10|8|15|12|8|15|10|11|12x2|5|12|2|7|15|10x2|14x2|5|15|10|8x2|5|15|7|15x2|12|8|15|13|6|12|5|8|12|5|10|3|45|10x2|2|10|11|13|6|45|6|7|11|15|11|13|4|11|10|15|6x2|2|4|9|20|13|9|4|5|13|6|8|12|8|7|14|5|8|10x2|3|6|4|13|10|13|11|9|10|7|14|7|10|7|14x2|3|13|9|15|35|8|11|15|12|15|6|10|11|22|5x2|12|7|15|22|10|12|21|8|2|12|7|13|14|6|10|12|15|14|9|14|12x2|15|12|7x2|14|6|15|5|27|12|10|14|10|15|9|13x4|5|14|10|8|14|7|12|6|3|13|5|12|14|12|8|7x2|5|13|12|13|6|9|14|7|10|43|6|9|15|10|11|12|11|6|15x2|24|7|4|43|11|10x3|9|10|8x2|5|9|15|5|11|13|15x2|14|5|12|7|12|15x2|10|14|9|15|11|5|26|13|7|14x2|10|13|10x2|7|12|14|7|27|7|9|10|11|10x2|11x2|5|22|7|6|12|3|13|7|6|9|13|5|15|12|14|9x2|14|6|12|10|7|12|14|12|15x2|9|8|15|14|5|9|13|6|7|14|6|14|15|5|10|5|13|8|13|10|15|39|15|12|6|8|14|11|12|5|10|14|6|9|5|12|15|9|7|9x2|7|9|8|2|7|6|15|11|5|45|37|9|12|10|12|9|3|8|3|27|14|8|44|7|4|6|13x2|14x2|15|5|11|8|14|8|13|10|7|6|5|8|11|9|24|9|14|2|11|7|13|11|10|14|5|6|13|9|2|9|7|15|6|12|9|7|5x2|14|13|7|12x2|14|13|15|12|8x2|5|14|15|13x2|5|8|11|2|9|15|12|7|2|4|13|5|13|12|3|15|5|12|30|7|8|15|9|5|2|11|9|10|8|5x3|12|11|9|6|7|13|14x2|5|3|14|10|13|5|7|12|2|5|12|8|50|11|7|13|12|8|12|10|6|14|13|12|47|14|7|10|11|12|11|31|13|11|12|6|39|14|7|11|10|12|2|10|15|10|7|28|7|8|23|5|13|9|6|3|11|6|12|14|1024,0|1|2x510,0x4,10,10,PASS,9.6544e-01,9.6544e-01,6.4058e-03,6.4058e-03,2.0186e-04,2.0186e-04
144,8,64,1,4,1600|8|200|1200,0|1|2x2,0,500,500,PASS,4.0384e-01,1.3638e+00,7.2245e-03,7.4456e-03,3.1565e-04,3.2632e-04
145,8,64,2,4,1600|8|200|1200;1700|8|300|1024,0|1|2x2,0x2,10,10,PASS,6.2089e-01,6.2089e-01,7.3145e-03,7.3145e-03,3.1826e-04,3.1826e-04
146,8,64,4,4,1600|8|200|1200;1700|8|300|1024;1680|8|200|1280;2000|8|700|2048,0|1|2x2,0x4,10,10,PASS,7.4199e-01,7.4199e-01,7.1818e-03,7.1818e-03,3.0231e-04,3.0231e-04
147,8,64,8,4,2200|8|200|1024;1700|8|100|1100;2440|8|200|2048;1600|8|600|1900;3300|8|200|1300;1700|8|300|2100;1780|8|700|1200;2048|8|500|1800,0|1|2x2,0x8,10,10,PASS,8.3246e-01,8.3246e-01,7.1286e-03,7.1286e-03,2.8781e-04,2.8781e-04
148,8,64,1,4,1600|8|10|1200,0|1|2x2,0,10,10,PASS,8.4464e-01,8.4464e-01,7.4257e-03,7.4257e-03,3.2530e-04,3.2530e-04
149,8,64,2,5,1600|8x2|12|1200;1700|8|6|15|1024,0|1|2x3,0x2,10,10,PASS,6.3514e-01,6.3514e-01,7.3885e-03,7.3885e-03,3.2995e-04,3.2995e-04
150,8,64,4,7,1600|8|5|6|7|8|1200;1700|8|10|12|13|15|1024;1680|8|10|12|13|15|1280;2000|8|13|14|15x2|2048,0|1|2x5,0x4,10,10,PASS,6.5202e-01,6.5202e-01,7.2390e-03,7.2390e-03,3.1406e-04,3.1406e-04
151,8,64,8,11,2200|8|5x8|1024;1700|8|5x7|10|1100;2440|8|5x7|12|2048;1600|8|5|15|5x6|1900;3300|8|5|10x2|5x5|1300;1700|8|15x2|5x6|2100;1780|8|15x3|5x5|1200;2048|8|15x4|5x4|1800,0|1|2x9,0x8,10,10,PASS,9.2490e-01,9.2490e-01,7.2042e-03,7.2042e-03,2.9749e-04,2.9749e-04
152,8,64,1,4,1600|8|5|1200,0|1|2x2,0,10,10,PASS,7.2923e-01,7.2923e-01,7.3436e-03,7.3436e-03,3.2499e-04,3.2499e-04
153,8,64,1,5,1600|8|5x2|1200,0|1|2x3,0,10,10,PASS,6.6635e-01,6.6635e-01,7.3715e-03,7.3715e-03,3.3164e-04,3.3164e-04
154,8,64,1,7,1600|8|5x4|1200,0|1|2x5,0,10,10,PASS,7.3279e-01,7.3279e-01,7.4026e-03,7.4026e-03,3.3304e-04,3.3304e-04
155,8,64,1,10,1600|8|5x7|1200,0|1|2x8,0,10,10,PASS,6.6553e-01,6.6553e-01,7.3727e-03,7.3727e-03,3.2578e-04,3.2578e-04
156,8,64,1,11,1600|8|5x8|1200,0|1|2x9,0,10,10,PASS,8.6055e-01,8.6055e-01,7.3930e-03,7.3930e-03,3.2941e-04,3.2941e-04
157,8,64,1,18,1600|8|5x15|1200,0|1|2x16,0,10,10,PASS,9.3643e-01,9.3643e-01,7.4601e-03,7.4601e-03,3.2846e-04,3.2846e-04
158,8,64,1,19,1600|8|5x16|1200,0|1|2x17,0,10,10,PASS,7.9079e-01,7.9079e-01,7.2660e-03,7.2660e-03,3.2484e-04,3.2484e-04
159,8,64,1,28,1600|8|5x25|1200,0|1|2x26,0,10,10,PASS,4.7701e-01,4.7701e-01,7.3675e-03,7.3675e-03,3.2404e-04,3.2404e-04
160,8,64,1,35,1600|8|5x32|1200,0|1|2x33,0,10,10,PASS,6.6092e-01,6.6092e-01,7.3060e-03,7.3060e-03,3.2409e-04,3.2409e-04
161,8,64,1,46,1600|8|5x43|1200,0|1|2x44,0,10,10,PASS,5.2403e-01,5.2403e-01,7.3634e-03,7.3634e-03,3.1802e-04,3.1802e-04
162,8,64,1,66,1600|8|5x63|1200,0|1|2x64,0,10,10,PASS,6.1349e-01,6.1349e-01,7.3451e-03,7.3451e-03,3.1749e-04,3.1749e-04
163,8,64,1,67,1600|8|5x64|1200,0|1|2x65,0,10,10,PASS,8.1144e-01,8.1144e-01,7.2567e-03,7.2567e-03,3.1809e-04,3.1809e-04
164,8,64,1,88,1600|8|5x85|1200,0|1|2x86,0,10,10,PASS,5.9660e-01,5.9660e-01,7.2643e-03,7.2643e-03,3.0828e-04,3.0828e-04
165,8,64,1,122,1600|8|5x119|1200,0|1|2x120,0,10,10,PASS,6.3118e-01,6.3118e-01,7.1815e-03,7.1815e-03,3.0710e-04,3.0710e-04
166,8,64,1,131,1600|8|5x128|1200,0|1|2x129,0,10,10,PASS,5.5300e-01,5.5300e-01,7.2732e-03,7.2732e-03,3.0427e-04,3.0427e-04
167,8,64,1,146,1600|8|5x143|1200,0|1|2x144,0,10,10,PASS,5.6530e-01,5.6530e-01,7.2674e-03,7.2674e-03,3.0219e-04,3.0219e-04
168,8,64,1,259,1600|8|5x256|1200,0|1|2x257,0,10,10,PASS,6.3159e-01,6.3159e-01,7.1017e-03,7.1017e-03,2.8261e-04,2.8261e-04
169,8,64,1,515,1600|8|5x512|1200,0|1|2x513,0,10,10,PASS,6.6557e-01,6.6557e-01,6.8644e-03,6.8644e-03,2.5200e-04,2.5200e-04
170,8,64,1,1027,1600|8|5x1024|1200,0|1|2x1025,0,10,10,PASS,5.3332e-01,5.3332e-01,6.4671e-03,6.4671e-03,2.1923e-04,2.1923e-04
171,8,64,1,4,1600|8|4|1200,0|1|2x2,0,10,10,PASS,1.2403e+00,1.2403e+00,7.3927e-03,7.3927e-03,3.2859e-04,3.2859e-04
172,8,64,1,4,1600|8x2|1200,0|1|2x2,0,10,10,PASS,9.5307e-01,9.5307e-01,7.4363e-03,7.4363e-03,3.3382e-04,3.3382e-04
173,8,64,1,4,1600|8|16|1200,0|1|2x2,0,10,10,PASS,5.5950e-01,5.5950e-01,7.4368e-03,7.4368e-03,3.3934e-04,3.3934e-04
174,8,64,1,4,1600|8|32|1200,0|1|2x2,0,10,10,PASS,5.8432e-01,5.8432e-01,7.3267e-03,7.3267e-03,3.2900e-04,3.2900e-04
175,8,64,1,4,1600|8|64|1200,0|1|2x2,0,10,10,PASS,7.2976e-01,7.2976e-01,7.3516e-03,7.3516e-03,3.2839e-04,3.2839e-04
176,8,64,1,4,1600|8|128|1200,0|1|2x2,0,10,10,PASS,6.6924e-01,6.6924e-01,7.3176e-03,7.3176e-03,3.2362e-04,3.2362e-04
177,8,64,1,4,1600|8|256|1200,0|1|2x2,0,10,10,PASS,6.0315e-01,6.0315e-01,7.4117e-03,7.4117e-03,3.1703e-04,3.1703e-04
178,8,64,1,4,1600|8|512|1200,0|1|2x2,0,10,10,PASS,4.6471e-01,4.6471e-01,7.2801e-03,7.2801e-03,3.0940e-04,3.0940e-04
179,8,64,4,67,1600|8|16x64|1024;1600|8|16x64|1024;1600|8|16x64|1024;1600|8|16x64|1024,0|1|2x65,0x4,10,10,PASS,7.0587e-01,7.0587e-01,7.1287e-03,7.1287e-03,2.9489e-04,2.9489e-04
180,8,64,2,67,2400|8|16x64|1200;2400|8|16x64|1200,0|1|2x65,0x2,10,10,PASS,9.2769e-01,9.2769e-01,6.9529e-03,6.9529e-03,2.7112e-04,2.7112e-04
181,8,64,1,67,2000|8|16x64|1200,0|1|2x65,0,10,10,PASS,5.3206e-01,5.3206e-01,6.9776e-03,6.9776e-03,2.7846e-04,2.7846e-04
182,8,64,2,131,1600|8|16x128|1024;1600|8|16x128|1024,0|1|2x129,0x2,10,10,PASS,8.6955e-01,8.6955e-01,6.9050e-03,6.9050e-03,2.6525e-04,2.6525e-04
183,8,64,1,131,3200|8|16x128|1024,0|1|2x129,0,10,10,PASS,4.8169e-01,4.8169e-01,6.6876e-03,6.6876e-03,2.3876e-04,2.3876e-04
184,8,64,1,259,1600|8|16x256|1024,0|1|2x257,0,10,10,PASS,6.7755e-01,6.7755e-01,6.6556e-03,6.6556e-03,2.3332e-04,2.3332e-04
185,8,64,1,515,2000|8|16x512|1200,0|1|2x513,0,10,10,PASS,5.6869e-01,5.6869e-01,6.2005e-03,6.2005e-03,1.8970e-04,1.8970e-04
186,8,64,2,67,1600|8|32x64|1200;1600|8|32x64|1200,0|1|2x65,0x2,10,10,PASS,6.0451e-01,6.0451e-01,6.8826e-03,6.8826e-03,2.6511e-04,2.6511e-04
187,8,64,2,67,3200|8|64x64|1200;3200|8|64x64|1200,0|1|2x65,0x2,10,10,PASS,5.7292e-01,5.7292e-01,6.4484e-03,6.4484e-03,2.1257e-04,2.1257e-04
188,8,64,1,67,3200|8|64x64|1800,0|1|2x65,0,10,10,PASS,5.3253e-01,5.3253e-01,6.4284e-03,6.4284e-03,2.0548e-04,2.0548e-04
189,8,64,1,67,1600|8|128x64|1200,0|1|2x65,0,10,10,PASS,5.6508e-01,5.6508e-01,6.1863e-03,6.1863e-03,1.9250e-04,1.9250e-04
190,8,64,2,131,3200|8|32x128|1800;3200|8|32x128|1800,0|1|2x129,0x2,10,10,PASS,9.2526e-01,9.2526e-01,6.4024e-03,6.4024e-03,2.0761e-04,2.0761e-04
191,8,64,1,131,2400|8|32x128|1200,0|1|2x129,0,10,10,PASS,7.8607e-01,7.8607e-01,6.5137e-03,6.5137e-03,2.1841e-04,2.1841e-04
192,8,64,1,131,2000|8|64x128|1800,0|1|2x129,0,10,10,PASS,5.6767e-01,5.6767e-01,6.1808e-03,6.1808e-03,1.8596e-04,1.8596e-04
193,8,64,1,259,1600|8|32x256|1024,0|1|2x257,0,10,10,PASS,5.6091e-01,5.6091e-01,6.2847e-03,6.2847e-03,1.9268e-04,1.9268e-04
194,8,64,4,35,1600|8|5x32|1800;1600|8|5x32|1800;1600|8|5x32|1800;1600|8|5x32|1800,0|1|2x33,0x4,10,10,PASS,8.3836e-01,8.3836e-01,7.3047e-03,7.3047e-03,3.0584e-04,3.0584e-04
195,8,64,2,35,1600|8|5x32|2048;1600|8|5x32|2048,0|1|2x33,0x2,10,10,PASS,8.8424e-01,8.8424e-01,7.2259e-03,7.2259e-03,2.9738e-04,2.9738e-04
196,8,64,1,35,2400|8|5x32|1024,0|1|2x33,0,10,10,PASS,5.6402e-01,5.6402e-01,7.1175e-03,7.1175e-03,2.9543e-04,2.9543e-04
197,8,64,2,35,1600|8|7x32|2048;1600|8|7x32|2048,0|1|2x33,0x2,10,10,PASS,7.1158e-01,7.1158e-01,7.2349e-03,7.2349e-03,2.9548e-04,2.9548e-04
198,8,64,1,35,2400|8|7x32|1800,0|1|2x33,0,10,10,PASS,5.8882e-01,5.8882e-01,6.9926e-03,6.9926e-03,2.7802e-04,2.7802e-04
199,8,64,2,35,1600|8|10x32|1200;1600|8|10x32|1200,0|1|2x33,0x2,10,10,PASS,7.3355e-01,7.3355e-01,7.3186e-03,7.3186e-03,3.1563e-04,3.1563e-04
200,8,64,1,35,2000|8|10x32|1800,0|1|2x33,0,10,10,PASS,5.1817e-01,5.1817e-01,7.1551e-03,7.1551e-03,2.8521e-04,2.8521e-04
201,8,64,1,35,2400|8|12x32|1200,0|1|2x33,0,10,10,PASS,1.3082e+00,1.3082e+00,7.0918e-03,7.0918e-03,2.8555e-04,2.8555e-04
202,8,64,1,35,2000|8|15x32|1024,0|1|2x33,0,10,10,PASS,6.8015e-01,6.8015e-01,7.2068e-03,7.2068e-03,2.9843e-04,2.9843e-04
203,8,64,2,53,3200|8|5x50|1024;3200|8|5x50|1024,0|1|2x51,0x2,10,10,PASS,5.9948e-01,5.9948e-01,6.9676e-03,6.9676e-03,2.7388e-04,2.7388e-04
204,8,64,1,53,3200|8|5x50|1024,0|1|2x51,0,10,10,PASS,9.2550e-01,9.2550e-01,6.9854e-03,6.9854e-03,2.6974e-04,2.6974e-04
205,8,64,1,53,1600|8|7x50|1800,0|1|2x51,0,10,10,PASS,5.5775e-01,5.5775e-01,7.1757e-03,7.1757e-03,2.9886e-04,2.9886e-04
206,8,64,1,53,3200|8|10x50|1024,0|1|2x51,0,10,10,PASS,5.1643e-01,5.1643e-01,6.7675e-03,6.7675e-03,2.6470e-04,2.6470e-04
207,8,64,1,53,1600|8|12x50|1024,0|1|2x51,0,10,10,PASS,5.1736e-01,5.1736e-01,7.2432e-03,7.2432e-03,3.1001e-04,3.1001e-04
208,8,64,1,53,2000|8|15x50|1200,0|1|2x51,0,10,10,PASS,7.8373e-01,7.8373e-01,7.0603e-03,7.0603e-03,2.8776e-04,2.8776e-04
209,8,64,1,67,1600|8|5x64|1800,0|1|2x65,0,10,10,PASS,5.5459e-01,5.5459e-01,7.2419e-03,7.2419e-03,2.9604e-04,2.9604e-04
210,8,64,1,67,3200|8|7x64|2048,0|1|2x65,0,10,10,PASS,6.5073e-01,6.5073e-01,6.7824e-03,6.7824e-03,2.4933e-04,2.4933e-04
211,8,64,1,67,2400|8|10x64|2048,0|1|2x65,0,10,10,PASS,5.4749e-01,5.4749e-01,6.9588e-03,6.9588e-03,2.6054e-04,2.6054e-04
212,8,64,1,67,1600|8|12x64|1800,0|1|2x65,0,10,10,PASS,7.7592e-01,7.7592e-01,7.1085e-03,7.1085e-03,2.8340e-04,2.8340e-04
213,8,64,1,67,2400|8|15x64|2048,0|1|2x65,0,10,10,PASS,7.8103e-01,7.8103e-01,6.8978e-03,6.8978e-03,2.5307e-04,2.5307e-04
214,8,64,1,4,1600|8|5|1200,0|1|2x2,128,10,10,PASS,4.1481e-01,4.1481e-01,7.4186e-03,7.4186e-03,2.6539e-04,2.6539e-04
215,8,64,1,4,1600|8|5|1200,0|1|2x2,256,10,10,PASS,4.9354e-01,4.9354e-01,7.3209e-03,7.3209e-03,2.4786e-04,2.4786e-04
216,8,64,1,4,1600|8|5|1200,0|1|2x2,512,500,500,PASS,2.7940e-01,5.8179e-01,7.1508e-03,7.3927e-03,2.2232e-04,2.2623e-04
217,8,64,1,4,1600|8|5|1200,0|1|2x2,1024,10,10,PASS,4.0528e-01,4.0528e-01,7.1724e-03,7.1724e-03,2.0506e-04,2.0506e-04
218,8,64,1,7,1600|8|5x4|1200,0|1|2x5,128,10,10,PASS,4.5942e-01,4.5942e-01,7.3904e-03,7.3904e-03,2.6886e-04,2.6886e-04
219,8,64,1,7,1600|8|5x4|1200,0|1|2x5,256,10,10,PASS,4.9279e-01,4.9279e-01,7.3690e-03,7.3690e-03,2.4596e-04,2.4596e-04
220,8,64,1,7,1600|8|5x4|1200,0|1|2x5,512,10,10,PASS,4.3039e-01,4.3039e-01,7.2875e-03,7.2875e-03,2.2404e-04,2.2404e-04
221,8,64,1,7,1600|8|5x4|1200,0|1|2x5,1024,10,10,PASS,3.4103e-01,3.4103e-01,7.1677e-03,7.1677e-03,2.0378e-04,2.0378e-04
222,8,64,1,11,1600|8|5x8|1200,0|1|2x9,128,10,10,PASS,6.9652e-01,6.9652e-01,7.3680e-03,7.3680e-03,2.6581e-04,2.6581e-04
223,8,64,1,11,1600|8|5x8|1200,0|1|2x9,256,10,10,PASS,4.4980e-01,4.4980e-01,7.2574e-03,7.2574e-03,2.4642e-04,2.4642e-04
224,8,64,1,11,1600|8|5x8|1200,0|1|2x9,512,10,10,PASS,2.8361e-01,2.8361e-01,7.2641e-03,7.2641e-03,2.2201e-04,2.2201e-04
225,8,64,1,11,1600|8|5x8|1200,0|1|2x9,1024,10,10,PASS,3.1633e-01,3.1633e-01,7.1161e-03,7.1161e-03,2.0269e-04,2.0269e-04
226,8,64,1,19,1600|8|5x16|1200,0|1|2x17,128,10,10,PASS,4.6309e-01,4.6309e-01,7.4275e-03,7.4275e-03,2.6300e-04,2.6300e-04
227,8,64,1,19,1600|8|5x16|1200,0|1|2x17,256,10,10,PASS,5.5807e-01,5.5807e-01,7.4207e-03,7.4207e-03,2.4332e-04,2.4332e-04
228,8,64,1,19,1600|8|5x16|1200,0|1|2x17,512,10,10,PASS,2.9959e-01,2.9959e-01,7.1914e-03,7.1914e-03,2.2162e-04,2.2162e-04
229,8,64,1,19,1600|8|5x16|1200,0|1|2x17,1024,10,10,PASS,3.8765e-01,3.8765e-01,7.0735e-03,7.0735e-03,2.0123e-04,2.0123e-04
230,8,64,1,35,1600|8|5x32|1200,0|1|2x33,128,10,10,PASS,3.9967e-01,3.9967e-01,7.3976e-03,7.3976e-03,2.6060e-04,2.6060e-04
231,8,64,1,35,1600|8|5x32|1200,0|1|2x33,256,10,10,PASS,4.2674e-01,4.2674e-01,7.3282e-03,7.3282e-03,2.4258e-04,2.4258e-04
232,8,64,1,35,1600|8|5x32|1200,0|1|2x33,512,10,10,PASS,3.6544e-01,3.6544e-01,7.1726e-03,7.1726e-03,2.1933e-04,2.1933e-04
233,8,64,1,35,1600|8|5x32|1200,0|1|2x33,1024,10,10,PASS,2.4081e-01,2.4081e-01,7.1410e-03,7.1410e-03,1.9816e-04,1.9816e-04
234,8,64,2,7,1600|8|5x4|1200;1600|8|5x4|1200,0|1|2x5,128x2,10,10,PASS,4.9064e-01,4.9064e-01,7.3368e-03,7.3368e-03,2.6574e-04,2.6574e-04
235,8,64,2,7,1600|8|5x4|1200;1600|8|5x4|1200,0|1|2x5,512x2,10,10,PASS,4.4540e-01,4.4540e-01,7.2564e-03,7.2564e-03,2.2272e-04,2.2272e-04
236,8,64,4,11,1600|8|5x8|1200;1600|8|5x8|1200;1600|8|5x8|1200;1600|8|5x8|1200,0|1|2x9,256x4,10,10,PASS,5.8498e-01,5.8498e-01,7.2811e-03,7.2811e-03,2.4540e-04,2.4540e-04
237,8,64,4,11,1600|8|5x8|1200;1600|8|5x8|1200;1600|8|5x8|1200;1600|8|5x8|1200,0|1|2x9,1024x4,10,10,PASS,3.7244e-01,3.7244e-01,7.1175e-03,7.1175e-03,2.0163e-04,2.0163e-04
238,8,64,2,150,1600|8|4|14|6|4|10|5|14x2|15|8|7|11|5|7|6|15|12x3|15|6|12|13x2|3|6|23|14|12|9|5|6|15|6|12|11|10|15|10|14x2|10|14|13|7|15|11|9|13|7|6|3|7|14|7|6|11|4|14|6|12|11x2|8|2|11|10|15x2|9|5|15|5|6|14x2|3|9|13|8|12|14|15|5|11|9x2|7|8|7|13|12|5|8|12|13|12|13|15|3|11|10|6|14|10|11|14|6|47|49|10|4|12|10|12|7|12|8|14|13|15|13|15|2|15|11|5|12|15|9|7|15|9|7|5|14|7|14|7|5|11|13|6|15|11|22|15|2048;1600|8|6|13|37|7|6|7|38|9|29|13|21|5|11|10|13|5|6|8|12|15|9|15|8|35|14|10|12|9|14x2|13|16|5|11|15|22|5|15|10|7|6|17|14|5|8|6|14|9|11|9|6|10|34|8|2|7|9|10|3|4|11|9|5|15|10|14|7|12|14|11|5|3|11|13|15|47|11|6x2|7|13|8|10|6|8|3|6|8|12|11|12|15|14|15|6|8|12|8|13|9|13|15x2|7|11|10|15|11x2|13|5|7|47|8|6|10|6|3|12|22|10|11|15|29|10|6|13|10|5|12|13|11|12|10|9|5|14|15|13|14|6|13|11|7|8|13|12|1800,0|1|2x148,0x2,10,10,PASS,6.1634e-01,6.1634e-01,6.9583e-03,6.9583e-03,2.6078e-04,2.6078e-04
239,8,64,4,230,2000|8|13|9|8|6|8|13|5|11|6|13x2|7|15|8|11x2|5x2|9|10|11|15|6|8|6|10|8|11|7|9|7|6|14|6|5|7x2|9|13|8|11x2|10|11|5|8|14|10|9|21|12|13|10|5|43|7|8|6x2|12|9|5|11|14|21|11|10x2|11|13|11|2|5|14|38|14|10|13|8x2|14|9|7|10|15|14|8|15|8|9x2|12|4|11|5|10|6|8|4|14|13|5|15|8|6|8|15|11|13|8|4|5|13|6|7|11|5|8|11|8|15|13|14|9|14|3|8|6|10|13|11|15|14x2|8|12|14|15|5|13|3|14|13|7|9|23|10|20|9x2|12|9|15|11|12|9x2|6|8|14|11|5|15|14|5|15|10|12|13|6|10|7|5|8|15|5|10|7|2|5|8|50|6|3|13|12|15|9|7|10|6|12|14|15|8|14|11|8x2|9|7|13|8x2|4|15|9|13|7|9|8|7x2|10|14|10|6|12|7|2|19|5|10|5|11|3|6|2048;3200|8|5|7|12|7|11|9|10|11|6|14|10|6|9|15|12x2|6|8|15|8|5|6|11|8|6|11|12|7|9|41|14|8|5|14|9|6|8|12|14|15|10|5|15|7|9|8|11x2|5|10|9|11|5|13|12|7|14|12|2|13|22|11|5|15|22|15|13|9|10|15x2|5|9|15|6|12|15|8|11|5|6|24|26|11|7|8|6|7|8|6|13|49|11|6|15|5|15|13|15|9|15|6|9|11x2|14|15|5|9|13|6|5|12x2|9|7|3|7|5|8x2|2|7|6|10|13|7|13x2|12|2|4|14|12|7|2|46|7|8|14|10|11|10|13|21|8|15|6|11x2|5|10|12|13|5|14|13|10|7|6|4|10|8|14|2|13x2|7|9x2|10|8|38|7|11|7|5|11|7|14x2|10|7|9|15|12|7|10|12|5|14|9|5|13x2|8|6|5|31|6|8|6|9|11|6|7|15|5|33|8|6|9|14|6|14|10|12|10|7|13|11|9|13|10x2|8|6|1800;2000|8|11|3|9|4|7|11|8|13|5|6|10|8|14|9|6|11|9|10|6|14|8|5|12|11|15|7|10|14|12|15x2|9|15|8|7|13|7|9|12x2|13|14|13|12|15|11|15x2|5|7|12|11|14|11|13|6|11|32|5|7|13|10|14|43|5|7|8|7|18|7|12|10|6|12|8|5|8|34|15|8|14|15|6|11|12|2|10x3|9|7|2|15|12|13|12|8|11x2|10x2|6|13x2|10|15|5|15|14|5|11|8|12x2|9|12|8x2|6|15x3|11|4|6|23|11|5x2|30|13|9|10|8|6|8|7|6|41|5x2|13|14|9|43|14|7|9|12|11|5|12|5|15|8|9|12|5|15|10|11|15x2|11|13|11|13|12|7|15|7|15|11|14|8|6|11|5|14|15|13|15|9|5|15x2|10|43|12|13|9|7|15|4|12|13|10|11x2|9|7x2|11|15|10|12|19|14|7|14|12|10|11|45|12|9|12x2|15x2|9|7|8|9|6|11|9|1200;2000|8|2|15|13|6|12|5|14|7x2|10|8|10|13|29|14|35|12|14|29|4|11|14x3|12|7|8|50|6|15x2|11|14|6|12|10|13|7|3|8|10|13|10|14|7|11x2|8|15|11|15|14|5|6|10|15x2|14|5|11|15|4|14|6|5x2|7|42|14|6|3|15|5|7|15|11|6|10x2|11|13|10|8|10|6|7|13|9|7|8|7|10|9|8|11|13|14|8|3|2|7|6|7x2|14|7|11|9|15|12|8|14|9|2|12|11|2|8|11|7|11|7|10|2|15|8|5|6x2|10|8|10|9|13|9|15|8|2|13x2|6|11x2|15|8|11|9|12|8|10|3|13|9|5|12|8|13|7|15|5|7|5|7|13|12|7|5|15|5|11|14|7|44|12|11x2|8|6|8x2|15|5|14|7|15|10|12|9|11x2|14|11|13|29|50|13|15|11|10|31|7|11|10|6|5|14x2|12|7|8|12|6|8|10|7|12|9|13|14|13x2|15|5|7|6|12|8|1200,0|1|2x228,0x4,10,10,PASS,7.3034e-01,7.3034e-01,6.7044e-03,6.7044e-03,2.3868e-04,2.3868e-04
240,8,64,8,7,2000|8|13|34|10x2|1800;2000|8|14|12|10|6|2048;3200|8|9|15|11|10|2048;1600|8|7|13|5x2|2048;2000|8|10|4|5x2|1200;1600|8|14|12|7|11|1800;1600|8|42|9|4|9|1024;3200|8|15x2|18|7|2048,0|1|2x5,0x8,10,10,PASS,7.8406e-01,7.8406e-01,7.1476e-03,7.1476e-03,2.8922e-04,2.8922e-04
241,8,64,4,40,1600|8|10x2|9|15|7|6|9|8|13|10|9|24|8|14|12|7|21|12|7|14|7|13|5|10|12|9|10|12|15|9|15|9|5|13|14|5|6|1200;3200|8|7|10|13|14|11|14|13|8|9|14|30|13|7|12x2|8|9|12|15|6|9|14|6|11|15|6|7|10|9|12x2|6|9|6|8|10|13|1024;1600|8|12x3|6|15|5|15|5|6|13|5|12|14|10|14|15|8x2|5|10|6|2|8|6|9|17|12|21|6|5|8x2|10|12|15|2|4|1024;2000|8|6|7x2|15|7|15|11|24|5x2|7|18|10|12|8|11|7|11|14|10|21|9|23|11|10|8|15|13|3|5|6|14|12|8|14|3|7|1800,0|1|2x38,0x4,10,10,PASS,8.5237e-01,8.5237e-01,7.0971e-03,7.0971e-03,2.9265e-04,2.9265e-04
242,8,64,1,51,3200|8|15|3|7|11|14|12|7|15|5|15|12|5|15|7|12|6|15|14|15x2|13|11|15|6|10|6|8|10|8|9|13|32|13|11|3|15|10|14|12|11|9|5|14|12|15|13|14x2|1024,0|1|2x49,0,10,10,PASS,8.3373e-01,8.3373e-01,6.9492e-03,6.9492e-03,2.6709e-04,2.6709e-04
243,8,64,8,45,2000|8|14|10|8|5|9|5|11|6|15|8|10|15|27|7|12|5|6|10|9|10|13|12|9|6|10x2|31|7|6|29|9|11|5|11|12x2|6|10|5|6|2|8|1200;2400|8|13|29|12|9|8|6|9|5|14|6|13|21|12|14|5|10|8|12|35|34|6|32|3|10|15|9x3|6|5|8|4|12|11|12|5|8|13|14|48|15|9|1800;1600|8|12|11|14|7|15|5|15|6|50|3|9|5|14x2|6|10x2|14|7|3|10x2|14|15|10|14x2|5|6x2|9|15x2|2|7x2|15|13|7|13|6|7|1200;1600|8|13x2|6x2|15|8|7|5|11x2|5|4|30|12|7|13x2|15x2|9x2|46|7|13|15|7|10|24|12|11|14|11|10|6|11|15x2|6|12|5|12|9|1200;2400|8|15|43|14x2|8|14|12|7|6|8x4|6|12|11|14|10|6|12|13|5|6x2|9|5|14|10|5|6|13|10|8|37|6|12|13|5|22|13|9|7|1200;3200|8|12|4|15|48|6|15|13|9|11|8|14|9|6|13|11|15|10|15|13|9|14|15|12x2|10|8|6|15|5|15|11|7|13|12|7|5|8|6|13|9x2|6|1024;2400|8|15|9|13|12x2|13|4|8|5|14|12|11|13|11|14|7|11|8|14|8|5|9|11|14|6|12|11|2|14|7|10|7|8|11|10|5|15|8|14|10|14|7|2048;1600|8|6|8|14|15|6|11|9|11|8|3|7x2|10|8|7|14|10|8|10|15x2|13|14|6|8|34|6|10|3|10|9|10|6|41|14|15x2|7x2|5|3|9|1024,0|1|2x43,0x8,10,10,PASS,9.2073e-01,9.2073e-01,7.0942e-03,7.0942e-03,2.8746e-04,2.8746e-04
244,8,64,8,28,1600|8|15|12|46|5x3|6|3|6|10|14|8x2|7|10|11|7|8|10|34|10|14|3|4|10|1200;1600|8|12|8|11|12|5|7|14|6|7|9|11x2|7|8|6|5x2|15x2|10|3|5|14|13|8|1200;2000|8|14|11|9|5|8|12|7|11|9|15|7|5|8|15|5|14|15|10|5|13|15|10|27|5|10|1800;2400|8|11|15|11|13x2|11x2|14|12|9|5|11|14|11|6|34|16|12|9|15|5|4|17|11|15|1200;2400|8|5|7|11|13|8x2|12|13|15|12|8|12|45|36|9|13|14|5|11x2|8|6|48|8|10|1024;1600|8|3|5|10|12|7|13|8|9|14|7|9|4|9|5|7|13|8|6|9|11|7|15|9x2|8|1024;1600|8|5|12|11|6x2|10|5|8|5|13|10|7|8|39|13|8|25|14|9x2|6|7|10|13|8|2048;2400|8|15|13|8|14|8|10|15|13|5|9|14|49|14|6|10|9|12|15|6|13|14|9|13|12|5|1200,0|1|2x26,0x8,10,10,PASS,1.0644e+00,1.0644e+00,7.1982e-03,7.1982e-03,3.0071e-04,3.0071e-04
245,8,64,2,51,1600|8|6|2|13|7|9|5|8|15|13|9|7|9|12x2|39|8x2|15|29|7x2|12|14|8x2|10|3|8|7|12|10|15|49|12|14|42|7|4|6|17|13|5|12|5|12|8|13|9|1800;2400|8|11|13|10|6|7|16|3|10|5|8|13|9|11|15|9|6|2|9|28|5|13|7|12|5x2|8|4|10|13|14x2|11|7|9|5|6|5|10|11|12|5|7|14|11|2|12|10|6|1200,0|1|2x49,0x2,10,10,PASS,9.2838e-01,9.2838e-01,7.1144e-03,7.1144e-03,2.8566e-04,2.8566e-04
246,8,64,2,117,3200|8|4|2|11|9|14|47|12|11|5|6|8|6|5|8|12|6|14|3|9|12|2|5|14|4|9|43|5|9|42|5|7|2|14|2|8|13|10|13|14|12|11|12|9x2|14x2|7|8|7|2|13|7|5x2|9|49|44|13|2|6x2|9|8|12|14|5|10|12|9|7|11|13|12|13x2|12|11x2|15|12|7|6|8|5|9|14|9|7x2|9|8|14|6|16|15|11|14|8|6|7|9|5|6|9|15|12|15|5|11|9|14|11|15|7|1200;1600|8|11|10|11|2|10|3|8|10|13x2|14|11|14|15|12|5x2|10|19|13|2|7|6|12|5|6|11|10|6|10x2|7|6|3|11x2|7|8|13|9|3|12|10|11|12|3|30|13|5|10|9x2|10|5|12|14|13|9|10|5|12|6|9|7|9|12|13|8|2|9|14x2|6|12|8|9|7|10|11|15|13|5|13|12|15|10|6|5|4|49|12x2|14x2|2|15|12|10|14|7|10|15|5x2|10|48|11|8|12x2|13|10|13|14|1024,0|1|2x115,0x2,10,10,PASS,6.2696e-01,6.2696e-01,6.9192e-03,6.9192e-03,2.6673e-04,2.6673e-04
247,8,64,8,145,3200|8|5x2|7|11|12|6x2|13|7|9x2|37|8|9|8|10|8|13|14|5|11|12|9|7|6|15x2|5|14|8x2|6|15|13|14x3|6|8|13|6|7|6x2|15|9x3|10|15|14|10|13|6|13|8|6|8|13|10|8|7|14|8|7|9|10|9|12|46|7|13|6|9|5|9|12|13|12|5|12|14|6|8x2|9x2|6|5|14|3|8|16|14|10|13|9|5|14|11|6x2|13|11|5|7|5|8|14|12|13|3|7|5|8|10|15|9|14|10|11|14|5|14|7|15|7|15|7|14|13|9|5|2|8|12|11|10|12|11|12|5|2048;3200|8|14|8|11|7|10|13|7|15|12|11|7|12|6|11|5|8|14|6|7|9|13|5|3|8|9|5x3|7|8|7|6|15|4|11|14|5|14|13|7|14|8|15|6|12|15|13|6|3|7|4|7|12|13|8|7|13|7|10|49|5|12|10|14|15|13|42|13|8|14|15x2|11|50|11|10|11|9|8|4|6|14|11x2|15|8|6|10|12|17|11|13|14|7x2|5|2|10x2|9|15|2|7|14x2|10|12x2|8|12|8|6|14|9|2|14|12|23|14|6|8|15|5|9|15|12|14|5|12|8x2|6|13|14|5|44|7|11|5|7|47|26|2048;2400|8|3|14|3|8|15|8|15|14|10|11|5|14|7|12|13|15|13|10|9|10|11|8|15|11|3|11x2|12|40|9|6|3|10|13x3|5|9|6|8x3|5|12|14|15x2|13|11|10|6|7|39|14|24|11|13|3|8|15|9|5|8|2|14|9|15|9x2|12|5|36|8|15|9|10|14|11|14|9|7|14|4|13|8|6|9|15|9|15|13|6|10|7|36|7|15|9|14|6x2|15|10|2|13|14|13|15|5x2|15|7|12x2|11|15x2|9|11|7|9|5|27|15|12|7|13|8|5|6|7|9|6|10|7|14|11|14|12|6|30|5|2048;2000|8|15|13|7|13|11x2|9|8|14|9|15|11|7|13|8|11|15|12|6|14|7|6|9|14x2|11|3|13|6x2|5|11|9|32|11|7|6|11|14|13|10|5x2|10|11|8|15|13|15|14|12|3|5|3|2|10|6|14x2|11|14|9x2|13|12|5|9|7|8|13|11x2|4|14|8|15|13|5|4|5|13|22|6|46|6|15|8|11x2|2|11|8|35|15|12x2|8|14|10|15|10|15|7|11|9|14|5x2|11|13|9|7|9|7|12x2|6|7|11|7|15|11|12|11|12|5|12|5|6|12|9|6|9|13|7|12|8|5|15|9x2|13|1800;3200|8|14|7|13|7|13|15|4|8|13|14|12|10|7|9|10|11|10|7|12|7|5|9|8|11|6|9|5|12x2|15|8x2|10|5|11|15|41|9|10|15|9|11|7|6|8|6|13|10x2|4|9|5x2|6|8|6|15|7|9|14|15|5|7|6|3|14|11|10x2|15|9|14|8|14|12|11|8|15|9|8|11|4|9|8|2|5|12|10|5|9|10|11|14|4|6x2|13|6|8x2|13|3|11|17|5|2|9|6|7|9|8|12|7|15|11|15|2|7|8|5|12|13|10|38|12|13|3|14|8|3|8|7|6|14|37|13|12|11|14x2|12|15|1200;3200|8|12|13|45|8|11|7|10x2|6|7|15|11|14|12|2|6|15|9|12|7|6|31|46|10x2|5|47|11|8|13|5|23|10|12|5|7|6|10|7|16|14|7x3|15|6|11|10|7x2|9|14|11|14|12|5|8|5|11|10|14|8|10|14|15|8|7|6|7|13|6|9|14|8|6|33|2|30|7|5|15|7|8|15|7|12|9|13|6|9|13|11|13|11|17|5|13|15|10|7x2|14|9|6|12|14|12|7|5|18|10|5|11x2|14|12|7|13x2|5|16|7x2|15|8|2|8|14|12|14|9x2|14x2|15|9|12|7|10|14|15|7|2048;3200|8|12|6|8|6x2|5x2|10|12|15x2|13|7x2|6|7|8|10|7|13|11|10|6x2|5|14|9x2|13|6|5x2|11|14|9|11|15|10|14|4|10|15|50|9|14|7|9|8|9|11x2|7x2|6|11|7x2|9|6|13|10|6|10|11|9|14|6|13x2|8|9|5|7|2|9|10|9|11|15|10|14|7x2|13|7|12|14|12|35|11|3|2|9|6|11|9|11|5|14x2|8|5|3|14|10|13|6|10|11|6|11|13|9x2|15|14|10|5|10|7|3|6|14|10|11|13|14|12|7|6|12|9|6|12|2|12|13|14|5|13|8|13|1024;1600|8|12x2|8|11|14|7|11|10|13|6|11|15|7|12|15|8|12|9|15|5|12|7|13|6|7|14|9|7|10|13|12|5|8|14|3|13|12|10|9|13|10|7|14x2|12|5|12|13|8|6|13|11|13|10|6|7|9|11|5|6|12|45|11|10|3|11|6x2|10|2|5|9|8|9|5|3|14|10|15|13|8|35|10|14|10|13|14|8|5|13x2|15|11|8|7|10x2|14|3|6|15|40|9|8|7|10|6|9|6x2|12|2|7|9|7|5|14|15|14|8x2|14|10|35|11x2|7|6x2|12|8|12|7|13|6|14|10|11x2|35|6|7|2048,0|1|2x143,0x8,10,10,PASS,1.0410e+00,1.0410e+00,6.7704e-03,6.7704e-03,2.4246e-04,2.4246e-04
248,8,64,4,50,1600|8x2|11x2|15|9|10|50|13|50|5|11|10|11|13|6|5|8|10|13|3|7|3|13|12|8|6|9|11|5|26|9x2|11|12x2|14|9x2|8|37|13|4|15|13|8|49|5|1800;3200|8|44|8|7|11|6x2|5|2|14x2|15|14|7|14x2|5|7|28|11x2|13|14|5|11|15|13|10|6x2|5|2|13|9|6|12|8|10|6|8|9|5|11|14|10|8|9|3|1024;3200|8|9|7|12|9|8|10|12|9|7|11|12|20|12|7|15|7|14|5|12|15|6|15|14|9|5|9|4|9|15|5|14|7|5|12|6|8x2|14|15|10|5|10|36|3|22|15|5|1800;3200|8|10|7|15|13|6|12|10|14|5|14|40|11|10|13|8|14|15|10|6|11|13|9|8|40|10|9|14|2|11x2|2|7|10|12|7|14|10|12|13|15x2|10|6|7|5|13|11|1200,0|1|2x48,0x4,10,10,PASS,6.5720e-01,6.5720e-01,6.9200e-03,6.9200e-03,2.6848e-04,2.6848e-04
249,8,64,2,7,2000|8x2|10|15|9|2048;1600|8|9|12|8|10|1024,0|1|2x5,0x2,10,10,PASS,6.4684e-01,6.4684e-01,7.2718e-03,7.2718e-03,3.0631e-04,3.0631e-04
250,8,64,2,105,1600|8|5|14|12|10|9|5|6|11x2|13|11|12|15x2|9|11|6|13|9|12|9|13|11|14|6|7|11|6|7|6|11|6x2|5x2|14|9|11|6|8|15|14|10|8|5|9|3|8|12|7|10x2|6|15|14x3|13|3|12|10|11|9|7|14|8|14|28|8|13|5|7|3|6|7|5|12|22|17|12|4|9|5|9|7|9|13|7|8|6|7|5|10|6|11|12|14|7|14|6|40|14|2048;2000|8|10|15|6|50|5|7|9|7|5|4|8|9|13|9|15|14|11|7|9|12|13|6|12|5|10|12|8|10|11|12|7|5|12|5|7|13|8|9x2|15|7|13|8|10|5|9|11|9|8|10|8|11|5|10|7|8|12|7|6|9|5|8|11|10|5|11|15|9|12|2|18|11|7|6|14|7|2|13|7|13|14|10|9|6|11|14|9|12|7x2|27|10|12|10|15|12|5|12|10|7x3|2048,0|1|2x103,0x2,10,10,PASS,5.6205e-01,5.6205e-01,6.9986e-03,6.9986e-03,2.6734e-04,2.6734e-04
251,8,64,8,54,1600|8|6|10|11|8|15|12|5|6x2|2|8|6|7|14|11x2|13|9|15x2|12|13|14|45|5x2|7|11|3|11|5x2|10|14x3|5|11|7|13|10|6|5|12|8|15|9|14|12|9|13|1200;3200|8|9|6|2|10|3|12|13|9|25|5|6|5|15x2|12|10|11|6|8|12|11|5|11|12|9|10|9|7|4|11|8|5|13|12|10|8|6|2|11|7|8|9|6|10|5|15|9|2|6x2|14|1200;2000|8|3|11|12|8|15|8|15|13|12|11|15|12|11|12|8|12|9|14|13|9|7|9|5|10|5|11|47|11|15|11|15|13|11|5|12|14x2|12|13|2|7|15|11|15x2|11|10|9|15|8|5|1024;2000|8|14|15|14x4|12|13|14x2|3|7|12|9|11|12|15|8|10x2|6|8|12|8|15|8|15|12|48|14|19|13|11|7|15|11|3|11|15|5|49|14|3|9|34|11|12|11x2|2|12|1800;3200|8|13|12|8|7|5|13|9|2|9|8x2|13|10|14|12x2|4|14x2|12|11|7|12|15|5|8|9|11|10|5|10|7|10|11|14|11|12|7|10|6|50|12|9|20|14|10|6|14|3|6|9|2048;3200|8|40x2|11|9|6|13|5x2|7|14|2|7|13x2|15|11|4|7|15|8|5|13x2|11x2|5|8|10|3|8|14|13|9x2|12|5|11|15|10|9|25|11|10|8|13x2|11|7|8|42|11|1200;2000|8|6x2|12|11x2|10|8|5|15|4|3|5|7|11|8|14|6|13|12|30|36|5|7|10x2|11|13|11|15|6|13x2|8|10|5|14|5|34|12|14|12|14|11x2|15|14|9|5x2|11|9|1024;3200|8x2|5|15|7|14|11|10x2|8|11|13|11|10|14|13|15|11|7|8|13|6|15|6|15|19|9|15|10|7|12|15|5|13|4|8|11|13|11|10|13|9|14|12|13|10|7|3|13|8|9x2|1024,0|1|2x52,0x8,10,10,PASS,8.1422e-01,8.1422e-01,7.0008e-03,7.0008e-03,2.7433e-04,2.7433e-04
252,8,64,8,123,2400|8|7|6x2|3|7|14|15|8|7|8|10|5|12|9|10|37|4|6|5|13|10|6|5|44|9|6|15|9|14|10|15|9|10|14|9|13|9|20|13|6|12|10|18|6|7|14|10|11|10|15|12|11|15x3|10|15x2|7|39|5|7|8|6|7|14|13x2|10|28|9|12|14|13|45|8|14|11|13|12x2|9|11|12|10|5x2|12|7|6|14|5|6|10|22|7|5|11|7|11|8|12|7|10|7|11|9|11|12|11|15|7|8|6|14|8|9|11|12|9|1200;2000|8|7|4|48|7|8|14|12|13|6x2|5|13|37|13|6|7|6|15|11|15|7|14|13|21|10|22|9|5|15|6|4|10|5|3|41|8|15|11|6|14x3|10|12|11x2|9|13|11|8|6|26|8|13|8|12|3|10|23|10|15|5|7|15|14|9|11x2|4|5|13|14|5|11|31|5|8|5|15|10|7|10|11|15|5|13|8|22|15|10|8|5|9|11|15|9|8|5x2|16|5|6|12|8|7|8|14|15|13|15|12|2|14|10|11x2|7|2|12|10|1800;1600|8x2|13|15|7|6|12|11|5|7|12|2|11|30|6|7|5x2|7|8|7|10|12|10x2|13|11|13x2|7|15|13|8|7|9|8|5|7|11|7|12|17|11|10|12|38|10|14|6|3|7|10|15|10|11|12|6|9|8|12|8|5|8|12|9|13|12|15|11|14|7|4|48|9|5|6|11|6|11|20|8|10|5|10|12|6|2|9|6|13|8|15|9|8|9|14|13|12|14|9|15|10|7|15|12x2|11|10|3|10|15x2|50|13|8|10|14|6|2|3|5|1800;1600|8|13|14|15|10|12|8|6|10|4|5|10|9|8|6|9|12|9|37|14|9|14|12|5|13|2|32|6|7|9|7|34|10|5|8|10x2|12|9|12|8|7|11|12|11x2|5x2|15|7|9|14|12|13|5|12|10|14|4|8|13|14|9|12|10|15|14|9|6|11|15|6|3|9|6|13|2|11|15|13|10|9|12x2|14|9|8|10|13|7|10|6|10|11|15|14|12|14|8|14|11|6x2|8|37|13|15|5|14|9|11|10|13|9|15|5|12|13|31|10|2|1800;3200|8|13|6|12|11|8|11|15x2|7|6|2|15|3|9|13|6|12|9|11|14|48|7|14|12|5|44|10x2|4|9|12|9|5|14|12|13|5x2|10|14|13|11|12|5|11x2|12|8|15|5|15|7|10|13|8x2|11|9|22|3|15|30|10|11|7|11|14|7|6|15|14|6x2|11|15|13|10|46|9|10x2|12|13|12|7x2|10|8|14|15|6|12|7|9|13|6|12x2|7|14|9|8|9|7|9|12|3|10x2|14|12|10|11x2|7|13|10|15|13|10|1024;1600|8|11|12|5|12|3|10|9|8|7|14|11|4|8|7|15|5|6|14|15|8|2|11|9|5|8|10|14|12|3|35|8|12|13|15|11|5|8|13|9|14x2|48|4|14|6|10|5|11|10|11|14x2|10|8|15|10|5|8|5x2|12|13|36|13|7|9x2|6|7|14|7|13|8|9|5|13|8|9|10x2|30|14|15|10x2|5|14|15|10|14x2|15|6|7|11|10|4|7x2|4|6|12|14|12|5|13|2|6|5|10|13|41|13|11|10|12|3|15|13|9|1024;1600|8|9|11|12|13|7|13|10|12|13|3|10|8|7x2|15|14|12|13|5|11|15|14|12|15|5|12|14|25|9|6x2|10|11|12|13|8|2|7|11|9|11|5|6|9|8|3|10|6|8|7|3|4|9|12|7|13|10|11|8|5|15|9|8|11|14|11|14|11|15|12|8|9|15|11|6|12|15|6|5|10|12|9|7|8|9|13|10|6|5|10|13|3|7|32|12|8|13|5|12|6|5|14|15|10|8|10|12|6|5|10x2|14|11|15x2|5|13|15|8|6|1024;1600|8x2|13|10|20|6|11|7|8|5|6|15|13|11|32|5|8|4|12|5x3|12x2|15|6x2|9|5|11|15|8|5|12|14|9|11|8|15|6|15|8|10x3|6|39|15|13|10|9|8|15|9|13|10|11x2|6|8|15|11|5|14|15|7|6|10|14|7|9|14x2|7|8|7|13|11|9|5|14|15|12|13x2|7|12|6|10|12x2|15|13|4|9|7|15|11|6|7|10|9x2|4|8|14|11|13|37|6|12|10|5|14|6|11|5|3|12|30|35|1200,0|1|2x121,0x8,10,10,PASS,7.7187e-01,7.7187e-01,6.9568e-03,6.9568e-03,2.6909e-04,2.6909e-04
253,8,64,4,57,1600|8|37|8|10x2|4|14|12|35|13|10|3|7|6|11|10|5|10|6|8x3|10|7|9|5|14|12|15|8|13|8|5|13|7|13|5|11|14|11|14|12|11|40|14|12|9|6|10x2|12|8|13|9|6|1024;2000|8|14|12|15|5|7|12|15|30|43|5|3|15|6|8|13|14|4|11|6|5|4|12|5|7|9|13|9|15|12|11|4|14|5|15|12|14|11|8|15|12|11|10|9|15|27|10|15|14|11|27|8|7|13|10|2048;1600|8|6|15|13|12|7|14x2|7|6|4|14|8|22|14|12|10x2|41|12|8|12|9|7|5x2|12|7|12|5|8|9|12|11|13|2|15|12|5|13|12x2|11x2|14|10|15|49|9|8x2|11|15x2|14|1200;2400|8|9|7|15|5|7|10|14|15|11|9|7|9|15|38|9|12|30|6|7|13|6|5|15|14|9|14|13|10|15|9|2|15|14|12|7|12|10|12|6|15|13|5|10|7|6|11|15|8|10|9|14x2|5|7|1200,0|1|2x55,0x4,10,10,PASS,7.9546e-01,7.9546e-01,7.1011e-03,7.1011e-03,2.8936e-04,2.8936e-04
254,8,64,4,86,1600|8|11|3|10x3|9|12|6|15|9|8|14|12|9|5|11|13|15|8|9|49|6|12|20|9x2|8|11|15|6|10|5x2|8|46|10x2|12|5|11|7|5|15|13|9|15|9|5|4|9|7|11|5|3|22|9|7|10|12|13|4|12|5|6|15|10|13|8|12|7|13|9|39|3|14|12|15|11|7|11|10|12|7|2048;2400|8|7|11x2|5|13x2|12x2|14|7|10|15|6|15|14|15|6|3|14|11|6x2|13|6x2|10|14|5|15|2|7|8|12|10|7|5|15|6|7|5x2|13|43|7|10|9|7|3|7|15|5|46|10|5|3|9|4|7|9|14|36|11|6|8|13|7|9|8|4|5|9x2|15x2|9|5|11|12|14x2|10|3|15|2048;3200|8|19|8|7|13|6|33|34|14|6|8|9|7|9|14|15|12|6|15|14|8|13|11|12|10|11|12|2|8|15|14|5|13|12|14|11|3|14|8|9|12|13|6|10|12|9|5|4|13|9|8|6x2|5|15|10|6|12|15|7|10|7|15x2|13|9|5|8|13|8|9x2|6|15|8|12|5|13|14|8|5|15|14|5|2048;1600|8|10|14|4|15|11|4|6|3|11|10|9|12|8|6|12|7|10|11|13|30|12|13|8|49|15|5|6|47|38|14x2|7x2|13|7|50|5|12|11|8|14|10|12|26|12|10|7|6|8|9|14x2|10|8|6|10|8|10|7|15|11x2|10|9|6|15|45|5|8|5|11|12|14|10|8|12|10|6|5|6|7|12|8|1800,0|1|2x84,0x4,10,10,PASS,8.4179e-01,8.4179e-01,6.9650e-03,6.9650e-03,2.5908e-04,2.5908e-04
255,8,64,8,10,1600|8|6|9|12|7|14|12|5|2048;3200|8|15x2|12x2|13|14|13|1800;3200|8|6x2|3|41|12|10|9|1800;2000|8|11|5|6|7|5|7|14|1024;1600|8|7|3|12|11|13|6|5|1200;2400|8|11|13|10|2|5|8|9|1024;2000|8x2|11|10|12|13|14|8|1800;2000|8|10|12|15|9|7|15|8|1800,0|1|2x8,0x8,10,10,PASS,8.7148e-01,8.7148e-01,7.1589e-03,7.1589e-03,2.9047e-04,2.9047e-04
256,8,64,8,51,2000|8|9|12|7|8|11|16|6|7|10|15|8|7|8|10|7|12|6|5|13|14|15|5|10|13|15|6|7|12|32|13|11|14|8|13|9|14x2|6|22|3|14|15|9|13|11|2|10x2|1200;2400|8|5|43|12|9|6|9|6|7|4|15|6|13|12|13|15x2|7|12x2|13|10|7|9|7|13|6|15|38|9|10|15|7|15|10|27|10|7|11|12|2|12|15|13|12|11x2|7x2|2048;3200|8|7|12|14|7|13|14|10|8|38|13|5x2|11|2|10|15|5|10|12|6|12|11|15|5|6|9|15|6|13|14|8|49|14|5|7x2|10x2|8|15|13|34|6|11|5|32|7|12|1800;2400|8|3x2|10|22|6|12|6|13|7|12|8|12|10|7x2|10|4|10|11|14|13|14|10|5|13|3|14|10|11|12|14|15|12|4|5|9|14|15|12|13|7|9|14|22|13|14|10|12|1024;2000|8|10|8|7|25|11|15|11|14|15|12|11|9|14|4|13|7|5|7|15|13x2|7|13|8|14|10|8|15|14|5|14|13|6|14|10|5|14|34|14|6|9|11|10|12|10|29|8|13|2048;2000|8|15|9x2|13|15|18|15|9|50|10|7|11|5|8|13|8|15|11|5|12|2|50|13|7|14|3|14|12x2|6|13|10|9|13|12|10|12|6|8|14|6x2|14|9|5|15x2|12|1200;1600|8|2|9|15|11|6|3|13|8|14|15|11|5|10|8|14|6|15|9|6|10|3|14|12|14|7|6|12|10|14|6|7|13|12|9x2|15x2|8|14|9|13|8|9|15|13|12|6|9|1024;2400|8|11|2|12|9|12|15|13|10|15|8|9|7|14|11|9|14|13|3|13|9|12|15|5|7|8|15|11|14|7|14|6|8x2|14|9|13|21|9|5|13|10x2|7|8|11|10|6|7|1024,0|1|2x49,0x8,10,10,PASS,7.1914e-01,7.1914e-01,7.0527e-03,7.0527e-03,2.8025e-04,2.8025e-04
257,8,64,8,98,3200|8|7|6|9|5|14|15|6|12|8|12|14|12|4|9|4|10|6|15|5|10|7|15x2|13|15|6|9|10|12|7|3|39|10|14|3|8|9|12|2|8|14|11|13|5x2|13|7|15x2|12|14|12|5|7x2|6|7|11|12x2|5|9|31|24|15x2|3|5|4|9|11|50|5|13|9|5|6|9|14|10|8|5|13|9|6|12|49|10|15|6|17|3|47|12|15|1800;2400|8x2|14|8|46|14|6|9|30|9|5|12|15|12|9|15|3|18|10|9x2|6|27|10|14|15|49|10|6|14|13|7|13|23|13|14|8|13|12|13|10|15|11|6|22|11|13|2|7x2|5|12|5|10|6|10|14x2|7x2|6|4|6|11|13|6|2|4|10|6|19|9|14x2|8|7|8|12|5|8|6|2|5|15|7|8|11|2|9|6|10|6|15|14|15|7|2048;3200|8|9|15|3|15|13|15|7|8|11|5|7|3|9|43|15|9x2|12|10|12|5|12x2|14|13|9|12|6|11|9|6|11|5|13|7x3|11|8|14|12|13|11|13x2|9|14x2|6|49|14|12|11|39|15|2|6|15|29|9|14|6|7|5|13|10|14|5|16|9|16|12|8x2|13|6|15x2|5|14x2|2|7|10|47|13|9|6|7|12|7|13|8|34|13|1024;2000|8|14|10|12x2|3|6|9|10|9x2|2|9|8|9x2|13x2|6x2|5|13|11|6x2|11|9|7|6x2|7|5|6|21|15|11|9|17|6x2|15|7|12|5|8|10|12x2|14|42|14|8|12|9|15|5|11|12|10|8|14|9|7|12|13|10|5|14|13|5|6|11|13|11|10|6|9|11x2|14|11|40|15|10|9|5|15|10|12|37|15|11|10|5|3|7|1800;2400|8|13|8|9|15x2|8|14|9|14|10|13|9|13|10|8|3|11|23|7|4|12|13|10|12|14|8x2|7|6|15|10|11|14|8|5x2|2|14|3|13|5|15|6|11x2|15|7|8|15|7|12|10|5x2|6|8|11|5|15|12|8|5|14|11|8|14x2|9x2|6|11|2|6|5|15|7|9|12|14|5|38|14|7|8|9|13|5|11|5|11|13|8|9|15x2|1200;2000|8|11|14|7|40|11|9|10|5|12|11|10|6|8|15|13|8|15|5|9|10|8|13|12|15|10|4|11|6|14|15|14|7|13|6|7|11|6|9|11|13|7|13|6|11|13x2|5|6|12|7|6x2|9|6|7|5|10|5|14|15|14|20|15x2|7x2|5x2|15|10x2|13|9|11|14|10|8|10|9|5|7|15|14|12|8x2|10|6|13|14|11|9|19|14|8|1024;2400|8|15|10|13|5|6|10|9|11|15|6|7|5|39|7x2|5|9|12|7|2|10|2|14|5x2|11|12|7|10|13|9|10|7|2|8|4|7|15|10|5|47|12|14x2|7|12|10x2|9|10|9|7|15|6|7|10|12|29|5|15|12x2|31|5x2|9|5x2|3|5|11|8|3|7|10|13|8|10x2|11|12|9x2|11|10|9|12|10|14|12|14|6|5|6|12|2048;2400|8|10|9|7|11|13|14|12|5|12|11|6|10|5x2|41|37|8|7|29|15|6|14|11|7x2|10|9|15|10|13|39|5|8|3|6|30|8|15x2|5|11x2|14|7|12|10|11|19|9|10|9|15|14|3|15|9|12|17|10|9|8|9|36|9|14|6x2|2|10x2|6|14x3|6|13|9|6|12|14|6|11|14|7|14|11|10|5|6|7|13|10|3|9|13|1800,0|1|2x96,0x8,10,10,PASS,1.6919e+00,1.6919e+00,6.8919e-03,6.8919e-03,2.5933e-04,2.5933e-04
258,8,64,8,194,2400|8|12|11x2|15|25|2|11|8|7|17|2|10|11|4|15|13|10|15|13|6|13|7|9|15|10|15|11|2|29|9|3|9x2|6|8|7|11|10|15|8|12|11|13|8|14|7|13|8|13|7x2|9x3|5|12|3|13|15|12|7|11|15|13|12|14|5|14|9|15|6|12|8|14|13|2|9|13|12|15|10|12|5|8|6|9|12|6|12|9|13|5|15|8|4|12|7|11|15|6|2|9|11|10|6|10x2|2|6|2|11|9|15|14x2|7|10|30|8|5|6|7|13|49|11|14|10|13|15|27|5|11|15|37|22|12|14|9|15|13|12|15x2|4|11|7|9|10|13x3|9|7|10|3|15|10|9|20|5|10|12|2|13|6|9|7|15|9|8|7|14|5|15|7|15x2|6|11x2|7|38|6|11|14|7|12|13|8x2|7|1800;3200|8|5|14|8|3|5|13x2|11|4|43|12|15|10|5|12|39|15x2|14|13|7|13|6|11|9|4|11|15|5|7|5|14|9x2|10|3|14|12|6|4|2|9|11|9|15|6|14|10|14|11|6|12|5|7|2|10|11|8|11|5|6|10|12x2|5|32|13|12|3|12|15|2|7|48|5|10|11|10|13|9|6|9|15|12|13|12|4|9|14|2|15|11|8|10|6|8|12|6|12|11|6|8|14|5|3|10|12|7|5|14|4|11|5|14|8|5|6|14|10|7|6|5|10|5|13|7|5|35|12|8|38|5|6|13|5|12|11|14|13|15|14|13|7|49|15|10|12|9|4|9|12|14|6|7|2|15|13|11|8|7|10|14|6|9|15|22|14|9|5|9|10|5|9|11|12|5|13|6|15|7x2|15|10|3|5|13x2|6|10|12|11|2048;3200|8|16|13|12x2|13|9|2|7|14|13|8|13|5|7x2|8|9|5|7|15|7|13|12|10|44|12|5|10|7|3x2|14|7|14|43|8|14|2|6|13|9|6|13|12|8|14|12|15|14|19|11|14|12|5|10|7|5|8|28|15|7|15|3|15|8|11|13|12|13|10|8|14|11|8|11|9|14|6|14|8|14|6|11|13|7|12|42|4|25|5|7x2|6|5|8|5|15|3|10|6|13|8|12|9|7|11|13|7|5|10x2|5|12|7|8|14|8|3|11|5|10|7x2|45|8|13x2|10|8|14|6|8|15|7|12|4|13|12|15|13|7|49|8|12|11|14|11|9|14|5|6|12|13|11|7|5|25|8|49|13|6|11|13|12|6|11|14|7|11|15|8|5|10|8|15|3|15|12x2|10x2|11|10|3|10|13|9|8|12|5x2|1800;2000|8x2|6|5|11|7|11|8|14|3|8|6|12|11x2|13|12|37|12|13|7|8|10|13|12|8|9|15x2|11x2|9|6|8|12|15x2|6|7|10|15|8|4|15|12|8|13|7|14|10|15|8|12x2|7|34|14|6|10|11|8|24x2|50|7|5|9|21|13|12x2|8|14|7x2|10|7|2|9|40|15x2|7|9|14|15|8|10|7|2|5x2|31|7|9|11|14|5|10|11|9x2|3|11|9|12|5|14|10x2|8|11|6|14|15|13x3|12|11|3|7|15|12|9x2|6|7|15|6|13|8|13|5|9|11|6|13|9|5|26|5|13|7|12|13|8|11|6|50|12|5|2|10|5|7|9|13|11|9|13|15|11|5|12x2|10|11|15|14|11|49|7|12|11|15|13|12|15|13|6x2|13|14|6|11|6|8|10|14|13|12|2048;2000|8|7x2|11|7|12|6|11|14|13|12|13|10|7|22|11|10|9|3|15|12|8|14|10|8|9|10|7|13|11|9|8|15|5|10|9|11x2|8|9|15|10|12|2|7|11|12|7|8|14x2|8|5|12|8|14|8x2|15|32|5|13|50|48|15|9|5|12|7|15|5|46|10|13|7|15|14|8|10|15|13|12|6|10|14|15|8|13|7|12|14|10|5|21|9|14|10|11|15|11|8|9x3|2|6x2|9|49|11|10|7|12|5|20|9|13|12|3|13|35|9|5|15|8|13|14|15|8|9|15|11|7|8|13|6|11x2|9|7|14|15|6|12|28|10|5|7|13|12|10|12|11|14|9|5|7|5x2|12|14|4|10|9|7|6|36|11x3|13|10|6|12|5|13x2|9|44|13|6|8|15|12|13|6|8|6|14|11|13|28|2048;2000|8|6|15x2|13|12|4|31|10|7|8|14|3|13|9|5|7|15|10x2|9|8|5|21|8|15|7|38|9|25|6|42|7|14x2|7|6|15|10|5|11|13|15|5|14|10|7|8|7|45|9|12|10|9x2|14|6x2|13|7|13|10|11|6|8|13|11|9|14|12|14|39|12|6|14|13|7|15|11|15|24|15|14|11|6|10|6|14|10|9|45|6|13|9|8|5|6|14|11|10|6|2|8|10|15|7x3|11|10|12|7|15|7|12|6|12|5|13|15|11|8|23|8|14|9|30|11|15|10|6x2|12|11|7|5|3|7|15|7|12|7x2|5|14|15|8|15|9|5|6|14|15|6x2|37|11|10|15|12|3|7|8|14|10|6|2|8|4|11|4|8|10|14|9|5x2|13|7|3|6|8|15|11|6|8|10|15x2|12|9|6|1024;2000|8|7|6|5|11|5|7|8|15|7|12|8|15|12x2|15|8|7|13|14|15x2|12|13|9|7|11|6|12|8|14|15|11|12|9|25|14x2|9|29|6|5|13|12|4|14|9|5|24|41|14|10|15|11|13|11|13|9|11|9|10|7|12|8|7|2|13|12|5|10|5|10|14|15|8|13|12|14|6|36|7|9|10|12|2|46|6|5|6|5|15|23|13x3|11|20|8|10|11|10|13|15|12|4|6|14|11|9x2|6|13x2|5|6x2|10|6|5|12|9|12|9|10|15|8x2|9|7x2|14|10|9|13|28|15x2|4|12|14|16|8|6|15|7x2|9|12|15|7|14|11|8|6|14|11|10|8|18|12|6|8|13|10|11|36|6|11|7|10|8|6|10x2|11|10|15|10|2|8|9|13|11|13|15|12|10|12|13|12|6|15|2048;1600|8|7|6|12|10x2|12|9|11|2|10|12|3|12|11|3x2|11|5|10|7|10x2|14|13|7x2|12|9|10|9|7|31|6|10|7|5|3|8|49|27|10|9|12|9|12|28|10|6|11|3|8|12|5|10|15|11|7|15|6|5|8|9|13|6x2|9|7|8|5|8|14x2|9|35|12|14|8|5|13|11|8|12|3|12|7|8|15|13|12|14|15|7|10|5|8|7|11|3|8|3|15|13|5x3|12|10|15|10|12|9|7|5x2|12x3|14|5|10x2|8|13|7|23|5|8|14|13|7|9x2|6|12|10|12|11|6x2|7|9|11|12|13|7x2|6|5|12x2|15|12|11|15|14|8|12|7|15|7|14|13|14|45|14|13|11|8|10|6|15|6|9|11|6|11x2|20|13|11|10|12|10|15|8|15|11|7|6|10|13|1024,0|1|2x192,0x8,10,10,PASS,7.7674e-01,7.7674e-01,6.7543e-03,6.7543e-03,2.4145e-04,2.4145e-04
259,8,64,8,49,2400|8|15|7|9|8|3|10|5|13|5|12|11|10|8|13x2|9|5|8|15|9|7|12|9|44|9|13|4|15|13|4|7|9|5|10|11x2|6|15|6|12|8|6|5|15|14|15|1200;2000|8|17|10|9|8x2|5|7|11|6|9|7|14x2|15|13|8|9|8|7|9|15|29|10x2|15|10|15|13|3|6x2|7|11|12|5|9|7|8|6|10|13|11|13x2|7|5|1200;3200|8|6|9|14x2|13|6|14|2|12|8x2|11|10|9|11|5|15|27|11|6|12|13|5|7|10|22|5|7|6|8|12|11|14|10|11|14|7|9|10|12|6|13|14|7|11|9|1800;2000|8|6|13|11|14|15|12|11|6|7|12|15|10|7|50|13|12|9|5|7|14|11|7|12|6|5|12|11|9|6|10|7|25|14|26|10|14|26|9|13|28|12|7|3|8|12|6|1024;2000|8|5|11|12|14|2|8|7|8|10|6|15|14|15x2|10|15x2|11|6|10|7|14|12|10|9|15|14|9|6|19|11|5|14|9x2|8|5|15|14x2|12|15|39|9|13|15|1800;2400|8x2|5|11|6|4|5|12|5|9|7|5|7|6|7|44|12|2|6|14|15|37|12|7|8|12|13|8|14|6|8|49|14|12|11|5|13|14|5|6|8x2|13|7|14|7|6|1200;2400|8x2|14|9|5|10x2|12|4|7|12|10|25|9|10x3|3|9|11x2|14|7|11|10|13x3|2|14|12|9|14|6|10|14|12|7|5x2|7|32|12x2|6x2|14|1800;2400|8x2|4|14|11x2|19|12|10|9|5|7|12|8|9|15|14|9|7|12x2|47|7|11|4|9|15|9|6|4|15|4|15|12|10|7|8|13|9|5|13|12|5|7x2|5|12|1800,0|1|2x47,0x8,10,10,PASS,9.6831e-01,9.6831e-01,7.0230e-03,7.0230e-03,2.7711e-04,2.7711e-04
260,8,64,1,231,1600|8|15|12|15|8|14|34|12|11|9x3|3|11|15x2|5|6|9|6x2|31|6|10|14|11|2|15|14|13|6|11|8|13|6x2|8|5|3|8|6|15|10|9|10|7x2|8|50|45|11|21|23|6|15|3|8|4|11|2|6|15|13x2|8|9|5|11|2|13|2|5|12|7x2|15x2|5|3|5|9x2|15|14|9|11|6|5|9|10|8|13|10|9|2|8|15|12|5|10|8|12|11|10|14|13x2|11|6|9|15|6|13|5|7|44|10|15|8|9|8|12|11|6|13|11|14|7|9|15|10|13|2|10|11|6|49|15|6|9|12|11|8|14|8|6|11|13|11|13|8|9|49|6|5x2|4|13|4|6|5|7|8|14|13|10x2|5|7|5|6|11|32|10x2|6|8|6x2|15|14|15|9|7|8|15|7|9|4|13|6|3|8|11|9|10|12|13|14|9x2|10|7|8|12|15|2|13|9|13|5x2|13|6|2|8|5x2|6|10x2|13|10|14|11|8|4|6|13|2048,0|1|2x229,0,10,10,PASS,5.2634e-01,5.2634e-01,6.8192e-03,6.8192e-03,2.4418e-04,2.4418e-04
261,8,64,8,45,1600|8|9|25|7|10|45|14|10|16|14|8|5|8|7|6x2|10|2|7|14|9|5|13|10|7|10|5|6|10|9|13|6|9|11|9|13|11|8|10x2|8|5|12|2048;2000|8|9|5x2|15|13x2|12|4|12x2|13|9|11|5|4|9|5|6|15|6|14|6|5|28|13|15|11|8|4|9|14|7|10|5|11|14|12|5|6|13x3|1200;1600|8|10|14|12|8x2|5|14|10x2|3|5|4|43|14|11|5|6x2|20|12|7|8|9x2|15|13|9|5|15|7|12|11|5|11|13|9|14|13|10|11|7x2|1200;1600|8x2|5|7|6|9|10|6|13|10|9|8|12|9|29|10|8|7|6x2|12x2|2|6|13|11|7|10|6|15|7x2|11|14|15|14|7|14|7|6|11|10x2|1200;3200|8|12|13|11|6|12x2|9|8|6|10|8x3|7|4|14|12x2|8|6|9|13|15|13|8|3|7|13|6|13|15|12|14|5|7|12|43|7|14|11|6|13|1200;2000|8|10|8|6|11|14|34|2|5|6|8|13|15|14|8|14|10|15|10|3|9x2|30|12|6|13|6|11|8|9|8|9|10|12|5|7|5|15|11|6|7|3|15|2048;3200|8|5|9|12|15|26|8|5|8|12x2|11|10|18|7x2|15x2|3|15|11|46|6x2|11|13|7|12|2|14|7|13|14|13|6|8x2|14|13|7|8|6|10|2048;3200|8|12|10|13|9|7|13|7|22|10|17|10|11|14|12|11|13|11|10x2|13|15|11|9|10|9|4|10|5|24|8|6|14|15x2|13x2|12|15|6|45|22|6|1800,0|1|2x43,0x8,10,10,PASS,1.0761e+00,1.0761e+00,7.0108e-03,7.0108e-03,2.7746e-04,2.7746e-04
262,8,64,4,658,2000|8|12|14|9x2|12|14|13|14x2|11|15|6|14|11|15|13|12x2|13|14|8|14|4|7|15|12|10|2|5|7|39|11|7|13|9|20|11|9|12|10|12|14|6|13|14|11|13|7|44|11|6|5|4|15|12|9|7|6|13|9|12|13x2|10|5|15|8|9|6x2|5|6|7|6|14|10|6|10|8|10|8|10|5|9|5|12|5|9|5|9|6|9|12|9|7|11x2|5|8|11|8|6|12|3|10|15|10|12|7|14|7|11|9|6|13|6|10|6|13|7|15x2|6x2|15|3|13|15|11|8|9|14x2|13|11x2|6|13|8|13|7|11|15|8|5|14|9|12|8|6|14|10|6|7|9|5x3|6|10|7|6|5|14|5|10|5|13x2|4|12|5|12|15|12|15x2|9|4|13x2|12|26|5|13|9x3|7|11|6|30|9|2|12|9x3|10x2|15x2|10|8|5|9|15|13|14x2|12|9|12|28|13|11|12|7|6|8|3|11|13|14|5|21|12|7|46|5|13x2|15|12|4|7|14x2|11|13x2|7|24|6|8|11|9|15|8|11|7|13|9|15|37|36|5|14|6|34|5x2|9|11|8|7|8|7|14|12|14|3|8|3|14|13|8|15|9|4|12|9|11|8x2|11|13|6|4|7|10|6|4|40|10|7x2|10|8|11|7|10|11|15|2|12|14x2|9|15|9|6|12x2|9|13|8|11|12|14|9|4|14|15|8|7|14|15|5|15|9|6x2|12x2|8|15|6|14|7|14|13|8|15|14x2|40|11|9|12|7|15|6|15|12|8|6|14|12|5|13|9|14|9|12|7|15x2|5|6|12|8|11|7|48|9|28|13|14|13x2|12|9|6|14x2|7|9x2|12|7|9x2|4|9|15|14|5|6|9|11|7x2|11|5|6|5|12|6|13|5|15|13|15|4|8|9|2|9|13|7|13|8x2|13|2|13|14x2|39|8|14x2|12|9|12|3|7|4|7|6|10|11|15|7|6|7|5x2|46|13|8x2|6|3|9|7|10|11x2|15|14|48|6|12|15|11|6|13|4|14|9x2|10|7|12|29|45|29|9|5|9|12|8x2|5|15|9|4|13|37|10|12|48|7|6|9|12|5|8|6|7|13|5|2|9|26|8|23|14|12|7|9|15|9|12|14|46|8|9|8|6|11|14|12|6|12|7|6|12|5|15|10|9|15|9|13|6|11|5|15|12|5|7|13|11|15|11|13|15|5|8|15|12|10|13|5|10|5|14|5|6|2|9|13|6|9|6|2|7|11|9|14|6|7|12|9|10|9|5|11x2|8|15|6|12|49|8|11|15|6|10|15|12|10|12|5|9|13|12|9|13|7|9|14|5|11|17|11|41|10|11|9|5|14|8|14|45|15|13|11|7|3|5|14|7|14|12|6|9|6|5|7|14|7|11x2|5|7|13|14|15|22|10|15|18|7|8|7|9|3|8|12|13|5|1024;2000|8|5|14|12|14|15|6|7|14|10|9|15|14|8x2|7|8|12|11x2|15|12|9|2|10|7|11|15|10|14|11|15|6|10|5|40|7|6|12|15|5|12|15|5|12|14|12|13|9|18|12|7|6|7|9|10x2|14|10|12|14|7|40|11|12|13|14|15|14|9|14|5|14|13|15|13x2|5|11|8|14|8|7|5|14|7|15|11|14x2|13|14|15|10|6|5|13|11|10|11|12x2|10|7|14|7x2|38|46|10|9|6|14|13|7|6|7|10x2|5|15|5|12x2|8|6|5|41|7|11|8|7|13|8|12|11|7|8|14|10|8|13|6|5|13|7|5|3|15x2|13|9|14|10|15x2|3|5|6|20|6|9|14|7|13|11x2|6|5|9|2|14|7x2|15|13|9x2|8|12|14|7|3|7|10|3|13x2|9|8|10x3|12|15|12|7x2|5|13|8|14|11|10|14|9|5|6|10|8x2|9|13|5|8|11|10|11|8x2|6|9|7|6x2|10|14|13|14|7|13|16|12|11|14|34|8|7|3|2|27|13|12|6|12|4|22|15|8|7|13|12|5|14|7|14|4|15|6|7|12|40|13|15|14|6|11|15x2|9|10|9|10|7|15|9|13|5|6|12|8|10|7|8|24|10|9|6|11|13|15|13|11|10|6|14|7|14|8|5|10|5|15|10x2|13|15|11|7|13|11x2|10|14|7|5|40|12|10|15|16|9|13|12|15|13|14|43|15|14|15|8|14|5|3|15|7|27|12|14|12|13|6|14x2|10|11|4|12|9x2|6|10|11|14|15|7|15|3|12|11x2|8x2|14|12|5x2|6|10x2|6|15|13|8|11|13|6|12|5|11|8|9x2|26|24|31|14|5x2|14|8|5|9|5|10|11|10|7|10|13|34|9|12|8|10|31|8|12|7x2|11|15|3|9|6x2|12|6|9|31|8|7|11|15|2|22|14|7|19|6|12|5|13|19|5|6|5x2|13|3|11|15|10|3|13|11|15|8|10|8|10|11|13x2|15|14|8|11|6|9|12x2|7|6|13|12|5|9|2|15|12|47|15|4|5|15|8|15|13|2|10x2|7|4|5x2|6|5|13|6x2|50|5|15|6|14|10|15|11|12|13|2|15|9|10|7|14|13|15|7|15|5|15|12|9|13|6|13|14|3|10|14|12|2|13|10|12|15|4|11|6|9|14|12|8|10|32|15x2|14|7|10|12|9|10|12|9|13|7|11|14|11|10|9|10|14x2|15|4|5|9|11|7|8|12|8|14|15|14|5|3|10|12|13|4|8|6|9|13|10|14|9|4|6|31|13|14|6|9|14x2|2|11|7|6x2|13|10|9|10|7|6|26|5x2|8|19|8|6|5|14x2|7|12|11|8|9|14|2|13|5|13|7|15|6x2|8|12|13|11|6|13|12|9|13|6|7|12|5|7|15|19|5|13|12|43|32|8|23|7|9|13|7|13|9|1024;2000|8x2|4x2|5x2|14|9|14|13|8|9x2|8x2|50|6|10|11|8x2|15|12|7|9|8|12|7|13|5|4|15|13|10|15|11|10|41|14|7|24|8|7|10|6|12|4|13|8|38|15|5|6|8|13|8|5|8|12|6|12|6|5|10x2|15|9|10|5|12|6|4|11|4|6|12|10|7|9|15|5|14|13|9|6|13|15|11x2|9|14|6|8|14|7x2|9|15x2|5x2|13|12x2|15|12|5|15|5|6x2|10|7|9|15|10|12|15|10|5|13|12|5|14|43|9x2|12|7|5|9|8|12|9|8x2|12|15|29|12|5|7|44|11|15|13|6|9|6|9|11x2|13|14|5|12|8|18|13|7x2|13x2|5|8|13|7|9|14|12|7|8|14|5|14|12|11|7|9|13|9x4|12|14|12|11|9|35|13|6|5x2|13|9x3|8|6|15|7|14|5|13|5|12|7x2|11|15|9|7|15|28|7|15|14|6|13|11|8|6|12|9|12|9x2|5|7|14|6|15x3|8|14|15|6x2|13|6|7|10|15|9|12|8|12|9|15|13|11|49|11|15|5|14|11|7|14|13|15|7|41|4|6|5x2|7|14|6|8|10|14|10|8|7|11|12|14|5|10|12|5|15x2|12|3|6|14|11|5|6|15|14|2|11|35|14|13|5|15|14|8|9|14|6|7x2|9|10|35|14|9|15|6|11|12x2|6|5|10|11|9|11|12|9|6|9|13|14|8|12|7|9|3|5|2|15|8|5|7|9|12|15|7|10|15|12|9|10|9|5|12|3|8|12|14|12|11|5|12|3|6|3|5x2|8|15|10|5x2|9x2|7|15|2|5|13|6x2|14|11x2|9|13|19|8|9x2|6x2|11|7|8|6|10|8x2|14|13|12|10|11|7|15x2|14x2|5|15|10|11|10|6x2|14|15|25|7|5|15|8|3|8|9|11|12|7x3|11|7|14|10|12|15|10|13x2|14|11|13|9|10|15|8x2|2|13|14|8|15|14|11|9|5|13|15|6x2|12|10|31|8|32|7|15|13|12x2|11|5x2|14|11|6x2|7x2|15|12|5|7|9|6|9|5|12|37|9|10|7|11|15|7|46|6|5|11|14|13|15|14|30|14|11|10|7|6|21|14|8|10|5|12|13|44|40|11|6|8|14|7|10|6|9x2|12|43|10|11|14|5|10|9x2|5|10|11|6|11|6|13x2|11|12|7|5|12|15|12|11|15|12|8|15|11|6|12|11|5|14|6|8|13|11|13|2|9|7|11|10|14|15|10|7|10|12|8|14|9|13|10|6|7|15|10|13|5|8|11|14|11|14|11|4|9x2|7x2|14|15|12|11|6|13|5|6|9|7|18|8|14|13|8|6x2|12|11|5|14|7|8x2|12|15|10|5|14|13|10|12|5|6|13|5|14|11|14|13|8|15|10|11|14x2|9|15x2|8|10|15|9|5|2048;2000|8|9|8|6x2|9|12|14|7|8|9x2|3|9|15|6|14|10|46|11|12|10|11|7|8|2|12|8|9x2|8x3|15|6|11|6|8|9|6|11|15|10|6|4|6|8|12|6|9|11|8x2|10|6|8|12|11|5|4|5|15|9|8|13|12|8|6x2|8|5|14|9x3|11x2|5|15|8|13|11|12|7|6|12|5|6|15|7|24|10|9|14|5|8|5|12|11|14|10|19|7|11|12|9|15|5x2|9|5|12x2|2|12|11|9|10|8x2|12|34|14|2|6|5|13|8|5x2|2|8|5|8|14|11x2|10|14|6|11|14|10|5|23|5|15|7|6|5|14|9|10x3|12|9|10|7|10|6|10|12|8|4|13|15|6|12|14|8|12|7|9|2|7|11x2|8|15x2|13|9|5|12|13|11|10|12|14|15|24|5|11x2|10|9|14|9|8|9|10|11x2|8x2|13|15|8|15|6|25|15|6|7|6|15|6|5|14|12|11|12|20|15|5|12|2|6|12|7|13|15|8x2|10|13|5|12x2|9|13x2|9|6|5|15x2|10|12|10|9|4|5|7|13|6|14|13|12|11|9|11|49|15|10|14|10|6|4|15|11x2|6|3|11|9|15|11|8|10|15|11|15|21|15|8|6x2|13|15|11|5|2|11|12|8|10|12x2|5|11|14|15x2|12|14|6|14|13|12|13|8|14|7|15|11|2|10|13|6|10|4|11|10|3|8|6|7|9|6|7|10|12|43|15|14x2|10|14|5|2|15|5|6|21|8|15|13|9|14|12|15|9|15|11|13|29|3|12|5|10|9|14|8|42|23|6x2|11|6|12|15|6|8|9|14|15|9|34|10x3|15|10|6|11|7|5|12|13|14|15|6x2|4|5|12x2|9|10|13x2|7|10|3|2|7|15|13x2|14|11x2|3|9|2|11|6|13|15|14|13|12|14|10|12|9|12|14|9|14|10|9|11x2|9|11|15|6|5|13|14|13|5|13|7|15|10|8|10|13|7|5|15|7|8|11|3x2|10x2|4|8|11|12|5|8|15x2|11|7|11|5|15|30|11|13x2|11|12|10x3|8|11|10|9|11|13|7|49|5|7|6|7|11|5|3|7|6|3|12|7|12|13|7|8|11|6|5|11|25|9|13|14|6|15|31|13|8|5|13|6x2|10|5x2|15|10|9|13x3|12|7|10|14|7|5|6|10|9|15|11|5|9|13|14|8|14|8|14x2|7x2|9|11|13x2|7|14|7|5|9|5|8|13|7|14|15|13x2|11|12|13|14x2|8|7|15|11|12|13|6x2|14|7|6|10|7|13|10|7|4|6|8|6|15|11|6|11|49|9|22|12|8|32|15|12|11|7|5|14|5|8|15|5|15x2|13|14|12|10|14|13|3|12|6|12|6|15|6|9|13|2|14x2|2|3|2|14|15|4|11|13x2|6|8|6|9|15|8|3|5|15|1800,0|1|2x656,0x4,10,10,PASS,8.6551e-01,8.6551e-01,6.2365e-03,6.2365e-03,1.9523e-04,1.9523e-04
263,8,64,4,45,1600|8|11|7|6|10|15|6|5|13|7x2|11|15|6|9|5|9|10|13|8|10|11|8|14|6|3|14|8|12|6|10x2|7x2|10|5|12|9|10|6|14|8|5|1200;2400|8|7|13x2|7|14|9|47|2|9|7|21|12|11|14|9|4|14|5|10|14|12|4|13x2|9|6|15x2|12|14|12|10|39|8|4|13|11|9|11|5|10|8|1800;3200|8|15|11|12|5|14|15|12|14|10|15|5|7|4|8|9|10|7|10|6|14|13|12|5|14|13|11|41|12x2|10|15|7|15|11x2|13|12|5|14|5|8|11|2048;3200|8|14|12|15|13|7|16|15|8|14|15|9|14|12x2|6|24|5|29|9|5|12|5|4|29|7|13|31|12|5|7|14|9|11|5|6|14|7|5|49|6|5|14|1024,0|1|2x43,0x4,10,10,PASS,8.7710e-01,8.7710e-01,6.9789e-03,6.9789e-03,2.7162e-04,2.7162e-04
264,8,64,1,229,3200|8|13|7x2|11|15|14|6|8|13|3|10|14|2|13|8|11|5|7|12|15|13|7|14x2|13|11|9|7|11|9|8|10|13|10|4|2|13|5|15|37|21|11|8|10|13|12|9|11|12|7|5|7|14|9|13|7|6|2|15|9|11|13|19|24|9|7|9x2|5|10x2|36|5x2|11|13|7|42|15|6|14|5|15|11|7|4|7|10|11|9|8|13|5|14|19|15|12|11|10|9|46|6|7|5|12|31|8|2|11|15|10|11|6|4|9|15|14|5|10|9x2|15|8|9|12x2|6x2|13|8|14x2|13|11x2|13|26|10|9|3|9|15|14|7|5|12|14|5|15|5|8|12|9|11|6|3|10|12|5|12|15|12x2|5|14|11|13|8|12|11|41|9|6|15|3|7|12|10|13|11|13x2|6|22|9|8|5|2|4|6|14|10|6|10|7|11|12|8|3|14|3|7x3|34|14|8|7|6|9|15|13|7|6|13|19|10|12x2|6|13|15|2|7|6|11|1024,0|1|2x227,0,10,10,PASS,4.8266e-01,4.8266e-01,6.6030e-03,6.6030e-03,2.3467e-04,2.3467e-04
265,8,64,2,209,2000|8x2|6|11x2|2|13|6|22|12|13|6|15|14|7|14x2|6|8|15|14|6|13|11|45|12|7|2|4|3|8|5|10|15|32|9|11|13|10|6|11|15|10|28|11|10|13|6|12|9|8|12|9|14|9|7|5|13x3|7|8|6|7|6|5|6|15|7|22|6x3|8|13|11|8|7|11|14x2|7|5|11|8|6|8|11|12|7|15|8|15x2|9|13|8|2|8|9|12|15|9|15|11|13x2|6|11x2|7|10|13|6|7|11|9|5|8|11|6|5|12|6|15|24|11|8|6|15x2|13|11|14|12|11|10|13|14|6|7x2|14|11|13|4|11|15|11|9|8|6|10|14x2|6|7|8|14|6|8|13|11|3|2|6|14|5|14|5|4|6|10|14|12|15|10|3|8|9|14|5|10|8|10|5|11|8|2|13|6|9|14|8|11|8|15|5|14|10|21|9|14|13|46|12x2|1200;3200|8|15|9x2|8|5|15|12|13|9|6|9|8|6x2|10|9|12|5|13|9|14|9|49|13|11|12|5|8|12|13|47|12|7|11|15|9x2|5|15x2|8|10|19|9|6|13|30|14|10x3|8|11|10|5|9|4|9|10x2|14|10|6|14|12|7|12|13|14|11|16|11x2|4|15|6|13|9|14|8|12x2|5|9|11|10|11x2|15|6|15|11|12|15|9x2|14|12|9|14|12|15|9|15|6|5|8|12|9|15|11|12|10|15x2|21|12|7x2|14|9|37|14|15|2|12|6|14|15|12|50|6|8|12|8|13|15|14|12|4|5x2|9|11|12|11|9|2|8|39|6|8|12|5|2|7|9|11|13|4|30|6|27|12|7|12|6|14|15|5|8|11|13|10|13|6x2|8|15|11|13|7|13|12|5|10x2|49|12|11|7|8|5|12|11|10|6x2|11|12|14|13|9|15|13x2|1800,0|1|2x207,0x2,10,10,PASS,6.2680e-01,6.2680e-01,6.6957e-03,6.6957e-03,2.3704e-04,2.3704e-04
266,8,64,8,7,2000|8x2|15|10|14|1200;3200|8|12|15|44|7|1800;3200|8|4|12|9|12|1200;2400|8x2|14|15|9|1024;2000|8x2|15|5|15|1200;2400|8|10|5|11|13|2048;3200|8|13x2|5|13|2048;3200|8|5|11|7|5|1200,0|1|2x5,0x8,10,10,PASS,6.9427e-01,6.9427e-01,7.0625e-03,7.0625e-03,2.7981e-04,2.7981e-04
267,8,64,4,142,3200|8|2|49|6x2|12|7|3|13|12|15|14|40|10|6|8|33|9|15|14|12|14|42|13|15|9|10|14|6|9|5|11|13|12|13|7|15x2|5|13|9|12|7|12|6|15|13|4|9x3|10x2|6|12|14|12|8|13|10|5|13|10|14|11|10|7|11|9|11|14|12|10x2|6|8x2|12|15|32|40|6|3|13|11|5x2|3|13|6|10|15|9|6|15|11|7x2|8|14|13|14|5|12|5|6|9|5|4|12|13|5|14|9|11|9|13|15|5|10|14|8|9|14|15|6|39|12|8|10|35|15|10|6|14|13|7|12|10|5|1024;2000|8|11|6|9|8|7|11|14|50|9|13|10|4|11|10|14|10|14x2|12x2|8|13|6|47|5x2|15|11|12|6|13|10|8|11|14|6|7|11|15x2|12|5|7|14|15|9|10|7|8|11|8|5|6|3|6|8|48x2|9|13|10|13|7|38|7|12|5|8|14|18|8|9|8|11|15|8|6|8x2|15|8|13|14|12|4|11|5|12|11|10|15|5|13|12|8|9|11|15|10|15|11|3|10|9|6|9|19|9|43|15|6|8|5|11|3|12x2|11|47|10|12|2|11|13x2|5|12|9|11x2|12|15|9|14|10|15|5|12|5|1024;1600|8|15|5|8|15|5|12|7|13x2|14|5|10|14|5|42|11|14|7|15|9|12|11|10|15|17|5x2|14|6|13|15|11|45|11|8|12|5|12|11x2|14|36|10|2|13|29|15x2|5|10|6|13|3|2|6|15|6|7|12|6x2|8|5|15|8|3|13|6|7|11x2|7|11|9x2|6|14|23|15|6|15x2|13|7|11|7|11|12|7|9|12|9|2|13x2|10|8|9|6|11|7|14|11|9|12|8|9|10|15|13|18|19|5x2|15|8|10|5|10|6|15x2|11|7|3|7|13|11|10|9|11|7|10|9|12|13|15|14|5|2048;3200|8x2|9|8|25|9|30|9|10|8|7|15|6|13|14|8|7|9|12|13|17|9|14|5|11|5|14|12|9|5|9|3|15|12|13|11|13|4|10|8|4|43|3|6|10x4|6|36|10|8|5|12|9|7|14x2|11|8|9|13|11x2|10|15|6|7|10|3|5x3|49|14|12|10x2|12x2|9|10|11|8|6|13|7|6|22|32|5|10|9|8|26|5|13x2|15|6x3|10|9|13|6|8|9|14|5|15|9|8x2|3|12|9|11|4|8x2|9|7|9|11|19|34|13|11|12|8x2|15x2|6|10x2|15|9|5|2048,0|1|2x140,0x4,10,10,PASS,1.0019e+00,1.0019e+00,6.8020e-03,6.8020e-03,2.4967e-04,2.4967e-04
268,8,64,1,12,1600|8|11|10|12|5|11x3|7x2|1200,0|1|2x10,0,10,10,PASS,6.5534e-01,6.5534e-01,7.3402e-03,7.3402e-03,3.2765e-04,3.2765e-04
269,8,64,8,301,2400|8|13|11|29|13|5|10|15|10|8|7x2|15|14|7|15|8|11|8|12|14|8|13|5|14|13|6|15|12|17|23|11|12|8|14x3|9|12x2|15|16|5|13|5|12|6|5|6|14|12|14|7|13|11|14x2|13|11x2|13|11|47|48|9|13|14|4|8|13x2|11|12|6|10|9|15|14|13|10|36|15|11|13|5|11|15|9|11|41|8|7|13|11|25|15|9|14|11|12|11|13|14|13|11|6|13|9x2|5|9|15x2|7|11|15|7|24|13x2|6|10|5|11|3|13|11|5|7|9|13|4|8|9x2|10|43|10|23|5|37|14|13|6|3|5|14|5|13|12|5|9|5|6|13|10|6|24|13|5|9|13|5|31|7|4|9x2|8|13x2|12x2|30|8|14x2|40|14x2|13|5|10|15|6|15|10|5|14|11|40|11|14|11|6|11|14|5|6|8|9|14|5|8|5|10|11|13|7|11|10|6|9|7x2|11x2|6|12x2|8|6|4|12|11|15|9|12|8|11|5|9|13x2|10|7|8|7x2|12|5|6|7|6|14|2|9|6|16|10|11|6|13|50|10|13|9|5x2|13|8|13|5|11|15|12|4|6|11|15|5|7|10|6|12|20|3|9x2|8|14|10|14|11|5x2|11|8|11|15|2|6|11|6|10|5|14|3|13|2048;2400|8|7|6|41|8|12|5|15|42|5|6|7|8x2|14|10|8|13|12|5|8|10|12|7|12|8|12|5|6|13|14|13x2|8|15|7|8|12|11|10|7|11|5|14|12|5|41|12|13|8|40|5|3|7|5|6|9|8x2|6x2|4|15|8|7|5|9|7|9|34|7|11|5|14|5|14|8x3|15|13|9|14|9|14|13|7|10|8|20|5|6|4|11|14|15|8|7|4|8|12|8|11|7|12x2|15|7x2|3|7|44|10x2|6|13|7|8|5x2|8|12|7|15|8|11|8|13|12x2|14|11|8|14|12|11|44|6|15|11|14|12x2|4|7|8|11|9|7|12|13|6|4|15|13|11x2|13|10|7|15|5x2|14x2|13|6|7x2|5|41|6|15|13|9|10|7x2|12|15|4|15|14|8|14|25|9|6|5|8|5|13|15|5|15|37|13|10|26|13|15|13|8|13|8|4|8|12|11|30|11|14|5|11|13|2|5|13|15|6|9|11|12|50|6|9|42|8x2|7|15|11|12|11|14|15|8|14|10|5|3|14|3|5|15|3|14|8|5|13|2|11|14x2|6x2|11|10|6|11|14|15|5|6|12|30|14|11|15|10|9|5|9|13|14|13|9|6|8|9x2|8|5|10x2|8|4|6|14x2|11|12|13|9|7|10|14|15|5|2048;3200|8|9|5x2|13|8|10|8x2|5|13|11|33|8|5|6|14|11|12|10|12|45|13|9|11|6|10|14|11|15|7|4|6|7|8|9|15|11|13|10|13|5|18|12|13|8|12|11|6|15|14|7|12|9|5|15|6|8|19|11|13|31|14|2|7|10|7|11|13|6|15|6x2|7x2|29|8|7|13|10|43|8|40|7|10|12|14|15|7|12x2|3|11|7|14|27|14|12x3|11|6|10|3|9|7|9|10|9|6|5|11x2|9|6|14|5|15|8|12|10x2|7|48|9|5|9|26|10|15|3|8|23|5|4|10|8|6x2|13|10x2|5|9|11|10|29|14|5|7x2|15|7|11|8|12|5x2|13|5|15|6|9x2|8|45|5|15|13|11|5|3|14|12|13|7|8|10|6|8|7|13|8x2|14|8|15|9|11|13|14x2|8|14|6|15|9|13|11|31|9|14|7x2|14|8|11|14|5x2|6|7|13|11x2|4|10|11|10x2|7|12|15|9|14|6|9|15x2|10|5|9|32|6|7|11|10|7|14|15x3|9|8|11|5|7|13|8|12|3|13|11|6|9|8|15|13|6|29|11|14|5|7|3|12|9|6|4|9|15|10|8|14|9x2|12|11|6|15|12|5|11|10|13|11|13|5|15|12|27|13|38|5|11|12|9|2|5|1024;1600|8|9|14|6|11|8|5|13|6|7|10|13|10|6|14|12|6|10|9|15|6|13|7|14|13|7|5|13|7|15|2|5|13x2|10|9|10|13|10|8|9|6|9x2|2|13|8|12|6|12|11|22|8|13|12|13|3|10|7|15|11|12|10|8|4|5|12|7|6|12x2|4|8x3|13|7|10|28|9|5|11|8|14|17|11|12|10|12|7|11x3|12|11|5|13|10x2|12|6|7|14|15|19|8|2|3|15|5|14|5|14|13|10|15|8|10|12|13|15|10|8|9|11|15|21|12|8|9|11|6|25|2|6|14|7|13|2|13|7|5|4|14|9|7|14|10|14|11|15|7|6|15|13|5|10|6|5|7|8|5|11|13|5|13|5|9x2|8x2|6|37|13|14|46|13x2|10|13|12|6|7x2|10x2|7|9|13|6|10|14|13|11x4|10|12|35|13|12|14|15|12|13|15|12|10|13|15x2|8|5|8x2|15|13|10|7|10|9|6|9|7|8|15|7|6|10|29|12|5|6|10|24|28|13|8|15|9|14|13|3|14|21|8|11|12|7|9|14|8|13|11|13|9|6|15|7|4|10x2|11|2|10|8|15|14|15|9|12|6|7|14|8|6|7|14|10|5|13|11|15|9|3|19|8|13x2|14|13|5|11|8|11|12|8|15|1200;2400|8|3|14|8|9|15|36|14|38|12|2|13|6|11|12|10|15|14|5|7|2|7|6|9x2|10|11|7|12|5|4|6|17|10|9|10|14|8|10|9|11|7|14|12|8|10|6|12x2|9|8|12|8|14|36|12|14|13|12|15|14|5|8|12|6|10|47|15|9|7|15|11|12x2|3|5|6|7|11|5|11|4|5|13x2|2|6x2|14|8|12|5|12|10|6x2|12|5|6|9|11|8|7|5|7|6|12|6|11|8|12|7|14|5|11|8|10|13x3|9|14x2|9|13|8|13|7|6|8|6|12|7|10|6|11|10x2|11|3|5|6|13|11|13|4|13|14|13|29|10x2|11x2|3|12|15|11|14|18|13|6|3|7|9|5|11|15|14|15|13|11|15|12x2|15|5|7|5|10|14x2|3|5x2|11|12|11|15|6|44|13|10|5x2|7|8|11|4|7|6|14|5|13|15|45|11|14|2|15|14|6|9|11|14|6|8|13|10|9|13|6|14|8|4|14|8|15|9|2|15|6|13|12x2|5x3|7|11|15|7|9|15|6|7|13|6|2|6|10|6x2|15|11|14|8|12|15|6|7|9|6|9|15|6|15|9|2|9|14|13|4|13|14|11|6|9|5|3|14|8|9|6|7|8|15|9|25|13|5|6|13|5|14|6|45|9|11|2048;3200|8|15x2|8|9|11|8|11|14|15|6|3|13|14|6|9|11|15|10|12|7|6|14x2|10|12|9|21|13|9|4|5|3|12|6|11|6x2|3|6|13|5|10|8|13|11|14|7|8|14|7|11|6|11|10|9|8|6|5|12|7|15|10|9|10|9|8|13|15|9x2|7|4|14|12|8|5|15|13|8|11|13|14|5|11|13|8|13|38|15|13x2|11|8|15|10|13|7|8|13|12|35|14|15|5|15|5|15|12|11|8x2|13|12|4|10|15|14|9|8|15|5|10|14x2|12|11|5|6x2|14|4|15|6|11|13|10|13|14|5|13|7|6|7|10|15|14|9|7|6|5|9|6|5x2|6|44|12|10|9|11x2|14|12x2|14|6|10|9|11x2|8|11|14|13|12x2|14x2|6|10|14|10|9|8|2|6|8|6|7|9|8|12|9|8|10|8|6|9|7|9|6|8|13|10x2|12|8|9|11|2x2|15|6|10|6|11|10x2|5|14x2|33|8|5|6|8|6|12|49|7|9|4|11|14|7|5|15x2|12|11|5|15x2|7|10|15|5|9|10|2|13|2|11|7|15x3|8|10|15|6|32|9x3|14|5|10|6|4|11|7|11|8|7|5|8|6|5|7|5|10|33|8|5|12|14|15|9|44|12|8|5x2|8|7|8|5|1024;2400|8|11|2|12|9|12|8|2|5|6|8|9x2|8|6|32|10|6|8|6|11|7|6|11|14|15|10|14|9|5|2|7|15|6|8|12|14|5x2|15|10|13|10|8|26|14x3|7|11|12|11|8x2|15|10|7|34|14|5|8|14|10x3|5|15|7|5|14|21|12|7|12|8|5|9|12|6|14|2|13|2|12|6|11|13|11|13|8x2|6|5|10|7|12|3|9|13|10|12|2|15|10|13|15|11|10|8|9|13|5x2|2|7x2|8x2|13|10|14|6|12|14|13|14|12|22|13x2|7|11|12|15|9|12|6|7|10|11x2|5|9|12|5|13|12|14|13|8|12|7|13|10|9|11|2|13|12|2x3|8|13|7|12x2|40|2|12|10|3|8|6|43|7|11|13|9|22|15|10|6|9x2|45|30|15x2|10|9|14|2|4|5|13|6|12|14|8x3|6|10|6|14x4|5|11|12|5|14|12|9|8x2|10|12|45|14|4|2|6|14|29|12|14|6|10|7|11|14|6|7|10|15|12|15|11|6|7|6|12|11x2|13|12|10|38|5|8x3|9|26|7|9|14|13|5x2|13|15|8|6|5|9|5|15x2|9|35|10|7|9|11|13|6|32|13|10x2|7|14|18|10|6|15|6x2|5|15|9|7x2|13|7|1800;2000|8x2|12|11|4|5|9|14x2|13|6|13|9|5|3|6|13|9|6|10|15|13|14x2|10|14|13|8|6|14|12|11|10|7|13|47|2|7|12|9|4|12|14|43|5|10|7|5|12|2|5|14|7x2|12|8|7x2|5|15|8|6|12|3|8|15|12|9|11x2|3|12|7|12|10|12|13|14|6x2|8|6|14|7|8|13|29|9|8|13|14|11|7|5|10|11x2|10x2|14x2|15|9|5|11|14|8|5|9|10|15|12|14|8x2|41|13x3|14|2|13|15|5|15|11|15|8|10x2|8|9|7|9|6|8|14|13|6|7|9|8|13|7|9|5|8|9|36|6|7|9|15|12|14|15|10|14|10|12|18|5|3|13|8|6|10x2|11|9|12|6|9|6|5|8|15|7|6|11|7|14|6|8x2|10|5|13|10|8|5|8|7|5|10|12|7x2|13|14|7|11|5|15x2|9x2|11|6|16|4|8|4|12|14|11|8|7|10|9x3|15|10|37|6|9|6|13|7|13|9|7|13|2|10|49|13|12|8|13|5|11|9|8|15|11|5|9|31|13|12|5x2|14|13|12|14|11|15x2|7|12x2|6|8|12|6|7x2|8|10|8|12|11|6|8|12|9|15|12|6|4|14|8|12|2|8|5|13|14|10x2|12|14|37|50|14|2|1200,0|1|2x299,0x8,10,10,PASS,1.2457e+00,1.2457e+00,6.5839e-03,6.5839e-03,2.2676e-04,2.2676e-04
270,8,64,2,34,2400|8|14|13x2|6|7|11|13|9|13|6|9|11|10|8|7|10|8|3|8|13|10|6|15|12|5|11|6|14|7|14x2|1800;2000|8|7|14|9|11|13x2|4|5|14|15|10|12|14x2|6|15|30|6|12|7x2|5|15|7|10|14|12|13|12|15|12|2048,0|1|2x32,0x2,10,10,PASS,6.6592e-01,6.6592e-01,7.0603e-03,7.0603e-03,2.7580e-04,2.7580e-04
271,8,64,2,380,2400|8|10|13|15|5|15|6|4|7|48|13|14|13|14|5|12|6|15|12|7|8|22|13|15|14|6|10|7|5|31|9|12|42|10|8x2|12|13|9|6|9|5|8|15|13|9|8|12|10|25|9|7|5x2|6|15|14|4|5|48|12|7|8|14|8|9|6|14|5|14|6|12|8|5|10x2|13|9|14|12|13|11|10|14|11x2|6|11|6|11|3|9|10|3|45|13|15|9|14|10|6|11|7|14|15x2|7|12|10|30|6|10|11|10|6x2|11|2|11|6|14|7|11|2|15x2|13|11|15|12x3|4|9|13|7|2|11|13|5|15|12|7|8|12|5|13|9|14|11|7|12|11|15|6|12|13|12|9x2|12|4|9|10|14|12x2|9|12x2|15|6|12|9|15|14x2|13|2|15|14|11|13|9|12|13|6|10|11|9|15|9|14|15|9|2|15|14|11|14|5|16|10|12|10x2|9|46|3|14|11|13|7|6|14|5x2|12|5|9|13x2|5|12|7|8|9|4|8|6|15|6|12|2|5|12|11x2|9|43|5x2|9|15x2|10|9|7|6|9|7x3|11|22|10|12|13|10|8|35|9|10|14|6|4|7|15|7|14|15|14|6|11|2|6|8|15|7x3|10|13|6x3|43|5x3|12|10x2|8|7x2|12x2|8|5|7x2|15|7|9|5|13|4|6|14|10|15|8|12|35|15x2|2|15|13|12|13|15|7|2|14|5|15|14|4|5x2|16|3|15|10x2|9|6|8|4|5|36|14x2|6|11|5|9|3|15|7|14|11|8|6|41|9|11|14|13|6|9|11|8|12|10|5|3|8|14|5|21|10|14|8|9|13|1024;2000|8|3|13|6|42|5|48|14|4|33|9x2|5|11|5|7|5|11|9|8|6x2|15|6|15|4|8|9|14|13|7|15|8|9x2|13|14|15|10x2|11|8|12|5|10|8|11|13|15|2|8|9|15|6|10|9x2|12|7x2|5|14|8|12|9|14|6|15|8|6|9|3|14|12|14|45|8|50|15|7|12|14|13|12x3|9|2|5|14|15|6|10x2|8|11|10|13|3|6|8|7|5|14|2|8|5|8|14|9|4|6|36|8|13|6|8|15|8|11|7|14|6|7|15|12|11x2|3|8|5|13|12x2|5|11|12|7|5|14|13|6|10|20|2|10|4|9|5|12|5|15|14|8|7|14|7|12|6|5|12|5|13|10|14|11|15|11|5|6|5|6|8|4|5|9|41|15|3|5|7|9|2|10|7|9|6|9|3|15|12|8|10|15|12|11x2|13|15|5|6x2|8|7|14|11|12|13|6|8|12|6|4|11|8|9|6|11|7|5|8|14|15|12|9|12|4|8|5|10|9|6|9|15|7|5|7|5|14|8|15|13x2|11|13|17|6|14|9x2|5|15x2|22|14|5|2|15|35|15|12x3|7x2|9x2|4|8|13|9|11|14|9x2|6|24|10|11|8|2|12|5|8|13|12|6|10|9|10|7|5|12|11|14|9|7x2|11|10|14|8|10x2|27|11|15x2|5|10|5|13|10|4|9|13x2|7|5|10|11|7|10|11|44|7|11|13|7|13|10|24|15|6|15|10|12|13|2|9|8|13|15|5|6|8|24|6|12|8|20|5|13|10|9|13|7|9|6|3|5|14|13|9|10|6|14|12|9|10|45|13|12|13|14|12|5|10|2048,0|1|2x378,0x2,10,10,PASS,8.1503e-01,8.1503e-01,6.5390e-03,6.5390e-03,2.2071e-04,2.2071e-04
272,8,64,2,51,3200|8|5|13|12|10|11|14|5|9|10|11|12|31|15|10|11|9|12|6|5|14x2|10|6|13|3|10|14|15|12|25|12x2|15|6|13|14|5|13|15|3|7x2|12|13|14|6|9|6|1800;2000|8|13|9|7|6|11|13|5|8|6|10|8|12|2x2|32|8|7|15|14x2|8|6|10|5|13x2|10|11|2|14|3|5|10|15|14|13x2|14|9|11|14|8|5|13|8|11|40|7|1800,0|1|2x49,0x2,10,10,PASS,5.9152e-01,5.9152e-01,6.9560e-03,6.9560e-03,2.6508e-04,2.6508e-04
273,8,64,2,10,3200|8|7|12|7|8|5|3|12|1200;3200|8|2|11|6|7|8|2|3|2048,0|1|2x8,0x2,10,10,PASS,8.5035e-01,8.5035e-01,6.9392e-03,6.9392e-03,2.6487e-04,2.6487e-04
274,8,64,2,16,3200|8|15|8|3|5|12|47|13|12|15|4|5x2|7|1800;2400|8|10|11|6|5|12|15|9|7|5|15|13|12|8|2048,0|1|2x14,0x2,10,10,PASS,6.2150e-01,6.2150e-01,7.0054e-03,7.0054e-03,2.6758e-04,2.6758e-04
275,8,64,2,14,2400|8|7|8|5|10|11|7|12|14|37|8|11|2048;2000|8|4|14|8|6|11|14|18|9|14|6|11|1800,0|1|2x12,0x2,10,10,PASS,8.2151e-01,8.2151e-01,7.1194e-03,7.1194e-03,2.8349e-04,2.8349e-04
276,8,64,4,147,3200|8x2|40|14|4|6|7|4|7|12|10|32|11|8|11|15|45|5|11|5|9|5x2|14|7|14|5|12|2|11|14|7|10|8|12x2|6x3|10x2|15|7|14|6x2|2|9|3|13x2|6|9|15|3|6|14|15|9|6|9x2|10|9|13x2|15|6|20|7|2|4|25|14|13|7|4|5|6|5|10|13|14|26|11|12|7|12|13|23|6|7|14|8|12|6|13|8|7|11|13|14|33|6|11|5|13x2|8|10|34|10|13|11|10|8x2|5|12|5|8x2|10|8|46|7x2|9|4|8|15|11|9|10|6|5x2|12|10|15x2|34|14|6|9|2048;2000|8|14|11|9|40|11|13|11|48|9|6|11x2|10|11|9|7|9|13|10|6|38|11|10|15|48|3|7x2|12|15|8|11|5x2|12|9|10|12|13|14|5|15|7|5|15x3|12|10|6|12|29|8|10|8|12|6|9|6|11|6x2|12|5|15|6|9|14|9|15|8|9|10|11|14|13|11|7x2|6|5|6|10|9x2|12|3|7|3|10|14|15x3|11|13|7|15|10|9|11|8|12x2|15|14|29|10|8|7|11|47|13|15|7|8|14|10|8|5|10|5|9|12|45|7|10|11|14|12|14|5|8|5|9|6|11|8|6|11|8|13|14|7|2048;3200|8|12|10|13|17|7|11|2|9|11|7|5|13|6|11|8|11|6x2|11|7|8|11|10|5|15|12|13|11|10|14|11|13|6|13|10|14|9|8|11|15|7|13|8|14|15|21|6|11|12|15|14|9|7|4|3|10x2|2|7|10|12|13|2|9|8|5|10|9|7|13|7|8|2|13x2|7|13|10|4|3|6|14|15|7|15|14|11|14|11|2|7|11|15|7|12|46|11|9x2|5|9|5|9|13x2|10|9|7|9|6|14|8|11|12|6|10|12|15|13|5|7|11|5|11|12|10|5|9|5|15|4|12|13x3|4|9|46|15|7|8x2|14x2|1200;3200|8x2|2|11|9|8|9|11|5|6|15|5x2|8x2|14|13|15|8|5|8|9|2|8|14|11|7|5|6|7|12|10|29|11|9x2|15|6|9|13|9|5|8|2|5|9|14|4|14|11|7|15x3|14|11|5|12x2|7|13|10|8|14|9|3|10|15|9x2|10|9|14|13|9|14|7|5|9|13|15|14|6|8|15|9|8|15|9|2|11|5|11|9|5|11|3|15|13|8|15|5|10|22|14|6x2|9|6|38|2|25|3|6|10|11x2|3|11|6|7|11|2|3|6|7|14|13|12|5|9|7|12|7|10|49|15|14|7|10|14|15|3|14|12|1800,0|1|2x145,0x4,10,10,PASS,9.7683e-01,9.7683e-01,6.7472e-03,6.7472e-03,2.3997e-04,2.3997e-04
277,8,64,4,25,2000|8|5|2|6|11|9|10|12|4|10|11x2|8x2|13|15|9|7|8|13|14|10|9|1800;2000|8|39|7|12|6|12|39|11|7|13|31|9|8|11|10|11|13|10|5x2|6|12|5|1024;2000|8|12|10|11|13|9|7|14|7|15|3|11|6|9|14|6|15|13x2|11|6|8|10|1800;2000|8x2|14|6|10|14|13|23|14|5|13|15|14|9|12|8|5|3|12|8|5|6|14|2048,0|1|2x23,0x4,10,10,PASS,9.5820e-01,9.5820e-01,7.2030e-03,7.2030e-03,2.9091e-04,2.9091e-04
278,8,64,8,14,1600|8|9|6|13|8|9|14|10|13|9x2|12|1800;3200|8|7|6|9|12|6|7|11|13x2|15|13|1024;3200|8|6|3|6|5|15|9|40|14|12|10|9|1024;1600|8x2|41|7|13|9x2|10|5|12|13|10|1200;3200|8|15|12|5|8|12|6|9|8|15|10|6|1800;2000|8|14|5|11|14|10|15|19|25|3|5|13|1800;2400|8|15|8|10x2|13|3|5|12|3|12x2|1800;3200|8|5|7|5|14|8|12x2|14|7|11|12|1024,0|1|2x12,0x8,10,10,PASS,7.3384e-01,7.3384e-01,7.0952e-03,7.0952e-03,2.8464e-04,2.8464e-04
279,8,64,4,34,2000|8x2|14|15|13|6|14|22|5|9|35|5|7|13x2|14|4|8|4|10|37|7|32|6|12|6|9|6|12|7|15|11|1200;2400|8|6|13|7|5|6|15|9|6|13|3|4|5|12|37|8|7|6|10|15x2|8|6|8|6|5|32|13|43|8x2|15|1024;2400|8|9|15|5|11|7|6|11|41|9|10|15|13|9|12|13|10|30|14|6|12|10|11|9|14|8|14|11|8|7|9|12|1024;2400|8|11|14|12|14|10|13|8|5|11|5|7|10|17|12|15|9x2|6|3|12|8|7|10|14|12|15|6|7|6|5|8|1200,0|1|2x32,0x4,10,10,PASS,7.5946e-01,7.5946e-01,7.1466e-03,7.1466e-03,2.9090e-04,2.9090e-04
280,8,64,2,67,1600|8|15|6|15|11x2|10|6|7|8|9|10|8x2|18|15|43|13x3|15|9|6|9|6|13x2|15|9|5|13|5|10|2|10|9|15|13|5|14|5|15|7|6|9|5|43|10x2|44|6|26|12|13|3|13|15|14|8|11|10|11|9|14|10|1800;3200|8|7x2|5|6|12|14|8|13x2|47|10|5|8|5|15|5|12|11|13|8x4|10|9|8|10|17|9|11|5|2|3|10|15|5|14|5|6|8|13|4|14|15|11|10|9|13|14|5|15|9|11|46|2|14|21|8|2|7|13x2|6|11|1800,0|1|2x65,0x2,10,10,PASS,4.9713e-01,4.9713e-01,6.9375e-03,6.9375e-03,2.6526e-04,2.6526e-04
281,8,64,4,207,2000|8|13|10|5|3|5|6|13|8|4|5|14|7|5|15|6|7|14|6|14|9|11|13|15|10|11|7|14x2|5|7|10|14|15|10|11|10|6|5|11|5|15|13x2|10|13|9|12|32|14|15|12|13|6|15|10|13x2|11|10|5|8x2|15|11|12x2|8|13x2|9|7|14|6|8|13|12|13|12|8|6|11|10|11|12|10|14x2|12|9|6|10|8|5|14|11|13x2|14|13x2|9|10x2|11|3|15|12|7|9|7|6|7|9|11|9|12|15|10|7|11|6|11|9|10|4|14|7|5|8|12|37|15|7|10|5|13x2|9|2|8|13|12|15|10|11|12|7|5|7|9x2|10|5|10|12|10|11|9|7|13|15|6|11|8|6|9|15|11|10|8x2|6|12|6|13|9x2|10|5|15|7|14x2|7|4|12|5|11|15|9|41|15|14|12|6|15|5|3|15|10|13x2|10x2|1800;2000|8|4|10|15|9|15|7|5|10x2|7|13|15|10x2|8|10|11|5|7|9|8x2|15|14|10|9|5x2|14|15x2|12|5|12|7|13|11|7|8x2|12|10|5|10|6|8|11|15|5|13|9|6|5x2|7x2|15|20|14|4|15|20|5|9|39|10|15|11|10|3|6|12|8|9|13|12|4|12|11|39|13|14|11|12|6|5x3|10|8|13|7x2|14|5|11x2|6|7|14|5|9|8|6|9|5|6|5|11|10|12|13|4|5|9|12|6|11|50|8|9|12|7|14|8|5|8|12|2|9|4|16|5|13|10|7x2|15x2|13|7|11|7|2|15|8|9|7|14|12|13x2|5|9|14|13|7|11|10|14|9|12|15|6|14|6|10|7|5|15x2|12|8|12|15|11|8|6|5|10|14x2|8|12|6|15|5x2|13|5|11|7|6x2|9|10|8|6|13|10|7|11|5|7|2048;2400|8|12|13|5|13|12|7|14|19|6|7|15|10|11|12|13|6|13|14|8|9|14x2|15x2|10|6|13|14|6|2|15|8|10|20|9|6|13|9|5|8|14|9|7|15|10|11|5|7|4|3|14x2|5|7|6|11|14|15|26|9|7x3|6|26|10|15|4|10|14|15|12|10|8|7|10|7x2|5|8|7|13|14|5|12|6|11|14|5|13|11|5|10|4|11|5|9x2|6|14|12|13x2|14|12|7|11|7|5|8|14|7|8|5|50|9|10|15|5|13|5|10|13|5|8|12|13|3|6|10|45|40|7|6|14|9|14|26|13|12|6|11|6|5x3|9|11|10|9|11|13|11|4|14|11|12|15|13|23|14|9|12|11|8|14|5|46|14|12x2|10|13|14|8|10|7|2|10|9|11|8|14|12|6x2|20|7|14|37|7|13x2|14|7|8|7|9|10|11|25|10|31|26|1024;2400|8|15|12|8|10|15|13|9|8|12|5|15x2|12|6|14|12|10|6|5|11x2|8x2|6|8|10|12|13|12|6|14x2|8|13|10|6|9|6|8x2|3|15|14|2|13x2|12|14|15|14|8|15|6x2|9|7|14|7|9|6|7|11|5|8|14|11|5|14|9|11|8|14|10|14|8x2|10|8|3|10|2|14|10|11|8x2|14|15|13|6|3|12|15|13|24|9|12|6|14|6|13|10|13|5|15|7|9|5|7|6|14|5|13|15|12|9|13|7|9|14|7|5|6|8x2|6|11|5|14|5|9|10|20|11|9|10|33|10|15|14|10|11|14|6|7|6|8|9|6|14x2|15|14|8|11|8|5|12x2|9|11|6|10|5|14|10|9|8|6|5|14|2|7|9|12|15|14|13|7|13|15|9|33|12|10|3|11x2|13|7|14|8|9|14|10x2|7|4|15|5|9x2|15|9|1800,0|1|2x205,0x4,10,10,PASS,7.1021e-01,7.1021e-01,6.7773e-03,6.7773e-03,2.4417e-04,2.4417e-04
282,8,64,1,49,2000|8|13|4|13|7|6|5|20|6|12|11|12|14|12|6|47|11|10|14|9|6|14|9|13x2|7x2|13|5|11|7|39|14|3|13|7|3|15x2|6|5x2|12|11x2|15|8|1800,0|1|2x47,0,10,10,PASS,7.8248e-01,7.8248e-01,7.0956e-03,7.0956e-03,2.8101e-04,2.8101e-04
283,8,64,4,376,1600|8|9|7|6|13|14|9|3|13x2|15|7|5|22|9|7x2|5|7|15|10|8|10|14|7|12|11|9|13|15|11|12|8|11|7|2|15|6|11|13|22|7x2|9|13|11|14|12|10|13|7|8|9|14|10|11x2|9|13|14|7|5x2|42|8|7|48|6x2|12|10|4|5|9|34|10|2|9|13|7|13|11|15x2|6|10|13|14|10|15|8|5|6|14|7|6|9|7|10|12|2|14|5|11|6|8|15x2|42|10|7|6|13|5|10|8|5|11|9|15x2|4|8|7|8|11|10|7|10|12|14|5|11|10|15|8|15|12|15|14|11x2|12|14|10|7|12|15|29|11|4|11|29|10|11|10|12|9x2|13|9|3|10|13|39|35|15|18|11|2|12|13|14x2|12x2|6|7|8|11x2|15x2|2|13|5|8|10|5|8|11|12|10|12|4|6|14|15|12x2|15|14|11|22|2|13|11|7|12|8|7|9|11|15|7|15|7|3|33|5|13|14|12|10|5x2|8x3|7|3|14|13|22|15|13|12|13|11|10|2|13|15|9|11|10|12|5|11|8|15|8|13|11|8|40|20|5|12x2|11|9|11|14|9x2|12|15|3|9|8|9|13|5|8|6|11|14|13|12|3|7|13|15x2|6|13|14|15|36|15x2|10x2|14|47|15|9|7|15|5|7|8|14x2|9|12|2|9|7|8x2|14|10|13|21|10|8|12|9|10|14|6|30|10|9|4|6|9|10|6|7x2|8|5|6|13|8|13|5|13|5|12|5|6|4|3|5|49|10|9|11|14|15|14|12|7|4|6x2|2|6|29|12|5|42|13|5|14|15|11x2|9x2|1024;1600|8x2|34|13|15|14|5x2|13|12|6|8|14|9|7|14|12x2|5|15|10|9|7|12|11|13|2|10|14x2|5|13|14|6|5|10|3|11|14|13|6|14|10|8|9|15|7|13|8|7|14|10|15|12|9|11|12|6|13|12|14|9|2|5|41|17|6|12|10|12|15x2|5|10|12|8|13|5|9|5|14|8|38|14x2|12|7|15|9|12|8|10|13|7x2|13|5|46|11|8|9|14x3|9|6|5|12|26|7|14|11|25|14|10|40|4|10|14|6x2|7|9|2|11|5|8|11|14|9|11|12|11|15|5|14|11|8|13|6|5x4|11|8|7|27|6|8|13|6|13|11|9|4|32|11|12|11|7|9|37|8x2|9|13|15|5|12|8|12|4|13|2|7|10|11|4|9x2|7|10|11|13|10|11|15|8|3|15|7x2|10|5|14|12|14|6x3|8|13|8x2|15|35|8|10|14|7|6|9|5|11|8|5|7x3|2|9|12|13|12|11|9|13|4|8|5|7|13|2|10|9|11x2|13|41|12|15|5|11|9|14|12|10|7x2|11|8|10|11|10|9|50|5|8|15|6|11|10|11|8|13|7|5|47|7|10|8|10|9|33|5|9|4|14|8|35|6|12|15|7|50|14|7|5|7x2|9|10|11|7|15x2|5|6|7|9x2|10|9|14|10|12|8|6|14|11|8|6|10|14|8x2|6|14|15|11|10|49|10|3|9|35|3|10|13|12|9|11|10|15|7|20|7|15x2|5|12|5|14|13|14|8|7|11|13|8|14|15|10|13x2|11|8|50|6|9x2|12|6|7|8|10|47|12|5|4|7|14x2|1800;2400|8|11|14|6|5|6|14x2|10|13|9|15|6|7x2|15|12|5|10|4|8|9|12|7|11|10|14|9|6|8|6|9|11|7|6|11|7|5x2|12x2|7|15|7|9|12|10|11|7|14x2|5|13|23|6|11|15|10|14x2|11|7|15|12|5|12|15|8|15|14|10|22|8|5|12|30|10|14|6|13|11|13|9|11|6|15|3|10|14|10x2|13|8|5|12|15|9|13|12x2|14|11x2|14|10|8|11|6|10|11|2|14|11|15|11|15|12|5|9|5|10x2|9|14|15|11|8|9|12|10|9|10|7|10|11|5|12x2|9|13|9|6|7|13x2|7|4|13|10x3|13|15|5|11|10|12|14|29|6|2|12|6|7|8|7|30|11x2|8|11|13|9x2|40|4|10|9|15|10|8|47|8|15|9|4|5|9|14|10|5|14|7|12|3|6|9|11|14|9x2|15|12|14|11|2|6|14|9|11x2|8|9|14|13|6|9x2|11|14|12|7|12|7|15|50|9|14|7|8|12|8x2|7|13|15|9|6|10|7|12|6|7|10|13|11|12x2|9|14|5|6|12|9|12|9|10|14|8|12|31|11|8|7|4|13|10|13|8|6|14|11|2|8|11|12|13|8x2|10|9|5|12|14|5|15|12|8|7|8|5|15|12|14|8|14|15|6x2|12|10|13|10|7|11|9|7|8|10|9|11|9|7|10|3|5|10|11|8|10|9|12|32|14|12|6|11|7|12|7|39|3|11|14|8|11|13|5|8|15|13|8|14|11|13|11|9|2|11|10|5|30|11|8|15|13|15|12|5|10|6|15|6x4|10|13|5|7|11|47|13|12|2048;2400|8|37|10|13|7|8|7|12|10x2|12|6|14|12|11|12|15|5|7|9|15|13|15|11|2|9|13|2|5|8|13|11|10|8x2|18|14|11|8|7|8x2|11|15|7|13|15|12x2|14|13|6|37|3|8|9|6|11|13|11|9|6|13|4|13|9|8|12|6x2|4|3|5|15|8|12|6|7|10|15|6|12|11|13|7|14|32|9x2|50|15|6|12|7|8|3|13|5|15|5|11|13x3|10|5|7x2|13|12|9|14|15|6|15|6|12x2|9|14|7|12|11|13|2|12|21|12|5|11|7|5x2|4|8|3|13|12|7|6|8|10|7x2|11|6|5|14|7|6|8|13|8|13|14|5|11|15|14|8|15|12|11|14|15|11|13|9|13|9|15|12|7|6|11|5|11|8|14|12x2|15|14|7|8|12|22|7|37|14|9|5|14|15|8|7|12|15|16|9|10|4|12x2|8|11|12|5x3|10|15|7|14|13|7|11|7|10|5|11|10|4|15|10|2|5|6|13|11|12|36|47|5|6|11|6|15|10|11|12|5|9|15|11|6|14|13|2|12|10|6|12|14|8|11|6|13|14|8|6|14|15|7|15|10|6x2|33|11|10|9|10|5|14|10|3|9|13|8|15|5|7|15x2|11|6|15|14|12|14|9|5|6|8|5|10|37|8|6|5|3|5|15|8x2|11|12x2|13|15|12x2|5|10|12|13|15|9|3|10|7|11|9|5|11|15|4|11|27|31|12|8|13|11|6x2|9|14|38|6|9|15|14|11|7|6|31|15|14|9|21|5|10|14x2|5x2|14|13x2|14x2|11|8|14|9|10|12|36|23|13|14|9|1024,0|1|2x374,0x4,10,10,PASS,9.7132e-01,9.7132e-01,6.5385e-03,6.5385e-03,2.2230e-04,2.2230e-04
284,8,64,2,90,1600|8|5|8|12|11|8|11|13|9|38|10|5|13|9|7|10|11|12|5|7|13|8|10|11|9|7|8|5|11|13|11|10|11|7|6|8|7x3|14x2|6|10|12|10|7|11|14|13x2|12|14|13|10|9|14|17|14|45|7|12|10|7|28|14|9|2|9|6|9|23|15|9|15|7|6|31|10|5x2|13|10x2|4|10|8x2|12|1024;2400|8|7|6|12|7|2|9|13|11|8|14x2|11|8|14x3|8|4|11|12|14|6|13|7|15|5|13|15x2|12|8|12x2|11x2|10|12|14|6|7|14|10|8|10|8|10|14|8|4|14|8|10|14|11|7|32|4|7|6|11|5|14x2|24|8|12|6|8x2|13|10|12|13|8|7x2|14|10|14|12|11|14|8|9|6|12|14|1800,0|1|2x88,0x2,10,10,PASS,6.7435e-01,6.7435e-01,6.9608e-03,6.9608e-03,2.7637e-04,2.7637e-04
285,8,64,1,338,2400|8|13|14|6|10|8|13|15|8|6|14|15|7|12|8|14|7|9|10|13|7|10|11|8|12|8|12|13|8|12|6|7|14|42|14|10|12|8|14|15|5|12x2|11|10|6|15|11|12|5|7|15|7|14|7|5|12|7|3|12|11|12|9|8|14|7|11|14|16|5|9|11|23|5|2|7|12x2|5|9|14|6|14|9|13|6|13x3|10x2|3|12|13|15|9|7|9|15|11|9|15|7|9|11|12|6|7|11|15|10|6|10|8|7|14|12|10|7|12|14|13|7|15|5x2|13|11|13|12|15|13|6|14x2|10|35|11|8|14|4|11|6|8|10|12x2|2|6|10|15|6|8|5x2|11|9|15|7|8|10|9|15|13|8|7|4|6x2|13x2|5|14|9|5|14|13|15|5|4|8|29|9|15|9|6|14|10|4|5|8x2|12|5|13|15|13x2|6|38|14x2|13|14|2|15|8|5|10|9|6|12|15|9|8|5x2|14|6x2|13|15x2|14|7|10|15|6|33|14x2|15|5|10|6|13|4|2|12|10|6|9|10|15|4|5|4|9|15|6|14x2|13|14|10|20|10|5|10|6|5|6|14x2|26|12|9|5|32|10|12|8|12|8|44|9|7|14|7|15x2|13|8|15|13x2|6|8|15|8|23|8|5|13|8|14|6|5|11|5x2|12x2|2|12|35|13|12|9|6|15|10|8|11|8|10|5|11|14|10|5|41|14|15|7|39|8|6|7|5|4|19|6|10|3|5|1200,0|1|2x336,0,10,10,PASS,6.1679e-01,6.1679e-01,6.5462e-03,6.5462e-03,2.2612e-04,2.2612e-04
286,8,64,8,25,2000|8x2|9|8|2|7|13|4|10|6|10|13|9|6x2|14|15|6|2|10|9|12|14|1024;1600|8|7|8|15|30|10|6|9|12|6x2|14|9|13|6|14|9|10x2|14|8|11|9|1024;2400|8|13|6|2|13|12|27|14|15|7|14|10|11|5x2|9|7|10|47|14|7|10|12|2048;2000|8|9|37|15|7|34|2|8x2|2|12|15|11|4|36|8|15|8|5|10x2|11|6|1200;1600|8x2|13|25|13|5|9|4|5|9|11|14|7|6|11|10|9|11|23|11|10|5|38|1024;2000|8|14|9|12|15|9|5|11|8|11|10|14|10|3|10|11x2|14|47|15|7|12|14|1024;2400|8|49|8|10|7|8|9|11|14|8|7|12|7x2|5x2|8|13|14|11|7|10|8|2048;1600|8|11x2|10|9|15|5|11|15|10|8|12|14|5|7x2|11|8|6|15|6|5|13|2048,0|1|2x23,0x8,10,10,PASS,8.9756e-01,8.9756e-01,7.1811e-03,7.1811e-03,2.9765e-04,2.9765e-04
287,8,64,4,512,3200|8|7|6|11|6|9x2|11|7|8|6|14|13x2|9|15|3|8|7|13|11|14|5|7|5x2|6x2|13|30|11|5|7|17|8|11|7|6|12|14|15|12|15x2|12|7x2|26|6|9|5|14|12|15|6|49|9|7|10|9|13|12|8|11x2|14|8|6|11|6|10|11|6|12|2|11|5|13|10|8|15|13|11|5|13|5|6|14|15|10|5|13|12|7|10|14|8|13|5|3|5|20|13|14|6|12|5|6|10|11|10|7|5|13|14|15|10|13|9x3|6|12|7|15|28|8|15|9|7|15|7|13|6|8|12|6|27|9|11|14|6|10|8|6|14|5|14|5|9|14|8|11|6|13|9|13|48|6|9|33|13|11|36|10|9|8|14|8|12|6x2|8|5|6|15|6|14|8|12|15|8|14|9x2|12x2|9|5|24|12|5|12x2|14|9|13|9x2|12|7|9|15|11|13|11|9|7|13|5|11|6|14|15|7|13|6|9|8|13|15|7|11|13|7|3|14|31|8|13|11|14x2|9|13|12|5x2|9|6|11|5|10|6|14x2|7|14|6|28|10|5|12|8x2|14|13|19|29|8|5|24|13|6|10|7|44|13|8|11|9|15|5|6|3|8|6|12|14|23x2|9|15|7|24|15|34|10|12x2|6|14|10x2|5|12|11|8|10|12|14|7|8|6|10|8|9|10|14|9|13|14|6|13|49|9|11|2|8|14|15|14|11|9|4|14|6|15|6|12|6|15|9|15|9|14|8|13|12|6|14|11|8|14|11|5|11|9|14|13|9|12x2|13|6|17|13|6|32|10|7|14|13|10|13|6x2|12|14|5|8|6|13|8|10|14|12|40|13|14|5|15|9|12x2|14|15|2|7x2|10|6|8|11|10|8|12|5|11|15|6|8|14|5|15|14|15|6|12x2|14x2|8|6|10|13x2|14|7|10|9|11|5|11|14|10|14|13|10|5|13x2|3|10|6|13|11|7x2|12|25|3|8|11|12|8x2|10|9x2|13|12|15|11|3|14|13|32|10|11|10|9|8|9|10|13|14|13x2|15|11|7|11|14|5|12|15|14|33|14|12|15|5|4|2|9|12|14|11|13|6|24|8|9|12|27|6|8|11|12|6|14|12|13|11|14|7|11|12|11|2048;2400|8|14|11|15|8|10|7|8|12|30|7|9|11|13|12|42|10|16|14|9|7|8|4|6|9|8|10|6|17|14|13x2|11|7|6|11|6|9|7|14|5|12|5|11|10|8|10|9|14|11|12x2|10|11|13|9|7|11|14|7|13|3|14|5|35|10|5|11|15|14|7|10x2|8|5|9|5|8|9|11|50|11|10|5|29|8|6|13|14|8|10|5x2|13|11x2|13|10|8|3|11x3|13|10|8|9|10x2|15|5|9|12|5|14|5|9|15|13|8|6|15|13|5|8|34|7x2|15x2|14|10|6|15x2|14|2|6|9|8x2|13|8|3|9|5|7|12|6|15|6|7x2|15|6|13|12|6|14|11|7|2|7|10|11x4|14|28|13|10|7|13|14|8|11|3|5|15|6|14|5|9|12x2|11|5|2|10|15|6x2|13|12|15|6|14|12|4|11|13|7|9|8|12|14|13|11|7|5|4|12|13|10|35|6|9|8|49|11x2|14|9|5|10|14|11|10|6|11|14|13|8|4|6|12|10|12|14|35|8|9x2|5|14|22|6|14|5|12x2|14|22|4|6|5|15|9|15|21|15|14|12|15x2|10|5|10|6|10|15|13|5|8|7|6|5|45|12|10|5|12|11|8|15|9|7|10|6|4|15|5x2|12|13|12|7|8|10|6|12|15|8|4|5|9|6|43|6|21|6|11|15|12|8|3|14|8|9|10|7|47|10|8|15|5|12|10|8|12|4|7|13|14|7|5|12|6|10|9|15x2|10|14|8|13|15|12|5|7|9|23|11|14|5|6|13|5|9|14|10x2|4|11|7|13|9|10|14|8|13|8|14|12|6|12|5|6|14|5|10|14|11|7|5|15|9|14|8|11|10|9|8|9|6x2|14|5|10|5|10|4|15|8|7|8|12|15|6|11|15|5|11|8|12|7|11|7|5|6|9|14|9|8|11|13|14|11|5|6|14|11|13|11|8|13|7|6|5|11|47|6|10|7|11|12|10|6|15|9x4|8|15|12|3|7|8|6|8|7|15|5|14x3|13|14|15|7|5|12|5|6|12|7|12|14x2|7|13|49|13|11x3|9|11x2|15x2|13|6|47|12|14|6|14|8|15|5|9|5|49|4|13|5|12|1800;1600|8|10|8|7|10|43|11|14|10|8|10|14|12|15|14|10|14|8|14|15x2|12|3|11|13|11|3|15|6|10|13|7|6|13|27|12|14|13|3|13|8|14|5|12|11|14|11|9|6|14x2|15|8x2|6x2|7|15|5|8|6|5|7|10|5|11|12|11|13|12|14|12|15|10|13|5|15|13|9|8|10|6|9|46|13|14|12|14|9|42|7|12|5|6|7|10|12|8|11|10|9|2|10|9|14|11|5|16|13|25|12|10|2|12|11|6|10|5|8x2|10|7|9|15|10|11|9x2|5|14|13|9|15x2|6|13|5|15|2|8|6|15|11|6|7|14|15|9|6|11|2|7x2|3|14|6|7|14|12|9|26|8|7|9|13|6|4x2|13|11|8|13|6|8|10|8|13x2|4|12|9|8|15|12|7|8|10|14|8|14|8|10|2|8|9x2|11|12|14|15|7|12|15|12|6|13|9|6|7|9x3|7|14|9|10|6|12|13|15|11|4|7|9|11|10|8|11|8|9|15|13|5|10|9|8|15|14|5|14|6|9|10|8x2|5|13|6x2|14|5|10|7|5|15|14|8|5|7|6x2|7|15|7|5|9|6|10|13|4|35|6|7|15|10|5|6|5|11|7|9|8|11|14x2|8|5|7|11|6|14|9|14|10|11|9|11|5x2|12x2|7|13|9|8|5|3|29|9|12|15|12|11|9|11|7|10|3|10|2|7|13|9|12|15|9|7|9|14|5|7|10|15|10|11|3|9|5|9x2|13|7|3|12|8|7|11|19|9|12|6|7|14|10|7|14|12|15|4|46|15|46|8|9x2|6|12|6|12|13|7|15|8|7|9x2|12|15|9|12|6|11|9|13|5|7|15|5x2|9|11x2|8|9|8|48|5|11|8|7|14|15x3|7|14|11|2|6|2|4|8|6|11|7|11|10|8|2|3|8|7|15|9|11|6|10|40|11|9|11|6|8|20|13|9|5|6|8|11|9|7|13|10|8|18|6x2|14|11|12|8|9|3|8|12|11|35|14|15|11|7|12|5|14x2|2|9|3|13|9x2|45|5|6|12|13|6|15|5|12x2|4|6|13|3|15|6|14|7x2|13|14|8|3|12|14|8|13|7|13|9|3|7|11|10|11|15|7|13|1800;2400|8|10|9|10|11|5|9|8|7|8|9|5|10|8|15|12|8|15|10|11|12x2|5|12|2|7|15|10x2|14x2|5|15|10|8x2|5|15|7|15x2|12|8|15|13|6|12|5|8|12|5|10|3|45|10x2|2|10|11|13|6|45|6|7|11|15|11|13|4|11|10|15|6x2|2|4|9|20|13|9|4|5|13|6|8|12|8|7|14|5|8|10x2|3|6|4|13|10|13|11|9|10|7|14|7|10|7|14x2|3|13|9|15|35|8|11|15|12|15|6|10|11|22|5x2|12|7|15|22|10|12|21|8|2|12|7|13|14|6|10|12|15|14|9|14|12x2|15|12|7x2|14|6|15|5|27|12|10|14|10|15|9|13x4|5|14|10|8|14|7|12|6|3|13|5|12|14|12|8|7x2|5|13|12|13|6|9|14|7|10|43|6|9|15|10|11|12|11|6|15x2|24|7|4|43|11|10x3|9|10|8x2|5|9|15|5|11|13|15x2|14|5|12|7|12|15x2|10|14|9|15|11|5|26|13|7|14x2|10|13|10x2|7|12|14|7|27|7|9|10|11|10x2|11x2|5|22|7|6|12|3|13|7|6|9|13|5|15|12|14|9x2|14|6|12|10|7|12|14|12|15x2|9|8|15|14|5|9|13|6|7|14|6|14|15|5|10|5|13|8|13|10|15|39|15|12|6|8|14|11|12|5|10|14|6|9|5|12|15|9|7|9x2|7|9|8|2|7|6|15|11|5|45|37|9|12|10|12|9|3|8|3|27|14|8|44|7|4|6|13x2|14x2|15|5|11|8|14|8|13|10|7|6|5|8|11|9|24|9|14|2|11|7|13|11|10|14|5|6|13|9|2|9|7|15|6|12|9|7|5x2|14|13|7|12x2|14|13|15|12|8x2|5|14|15|13x2|5|8|11|2|9|15|12|7|2|4|13|5|13|12|3|15|5|12|30|7|8|15|9|5|2|11|9|10|8|5x3|12|11|9|6|7|13|14x2|5|3|14|10|13|5|7|12|2|5|12|8|50|11|7|13|12|8|12|10|6|14|13|12|47|14|7|10|11|12|11|31|13|11|12|6|39|14|7|11|10|12|2|10|15|10|7|28|7|8|23|5|13|9|6|3|11|6|12|14|1024,0|1|2x510,0x4,10,10,PASS,7.7532e-01,7.7532e-01,6.3411e-03,6.3411e-03,2.0416e-04,2.0416e-04
288,8,32,1,4,1600|8|200|1200,0|1|2x2,0,500,500,PASS,4.2923e-01,9.0791e-01,7.2803e-03,7.5320e-03,3.2085e-04,3.3372e-04
289,8,32,2,4,1600|8|200|1200;1700|8|300|1024,0|1|2x2,0x2,10,10,PASS,5.1500e-01,5.1500e-01,7.3547e-03,7.3547e-03,3.2670e-04,3.2670e-04
290,8,32,4,4,1600|8|200|1200;1700|8|300|1024;1680|8|200|1280;2000|8|700|2048,0|1|2x2,0x4,10,10,PASS,8.6114e-01,8.6114e-01,7.2912e-03,7.2912e-03,3.0759e-04,3.0759e-04
291,8,32,8,4,2200|8|200|1024;1700|8|100|1100;2440|8|200|2048;1600|8|600|1900;3300|8|200|1300;1700|8|300|2100;1780|8|700|1200;2048|8|500|1800,0|1|2x2,0x8,10,10,PASS,7.5323e-01,7.5323e-01,7.1584e-03,7.1584e-03,2.9450e-04,2.9450e-04
292,8,32,1,4,1600|8|10|1200,0|1|2x2,0,10,10,PASS,9.7784e-01,9.7784e-01,7.4404e-03,7.4404e-03,3.3113e-04,3.3113e-04
293,8,32,2,5,1600|8x2|12|1200;1700|8|6|15|1024,0|1|2x3,0x2,10,10,PASS,6.8501e-01,6.8501e-01,7.3865e-03,7.3865e-03,3.3864e-04,3.3864e-04
294,8,32,4,7,1600|8|5|6|7|8|1200;1700|8|10|12|13|15|1024;1680|8|10|12|13|15|1280;2000|8|13|14|15x2|2048,0|1|2x5,0x4,10,10,PASS,7.6723e-01,7.6723e-01,7.3442e-03,7.3442e-03,3.2047e-04,3.2047e-04
295,8,32,8,11,2200|8|5x8|1024;1700|8|5x7|10|1100;2440|8|5x7|12|2048;1600|8|5|15|5x6|1900;3300|8|5|10x2|5x5|1300;1700|8|15x2|5x6|2100;1780|8|15x3|5x5|1200;2048|8|15x4|5x4|1800,0|1|2x9,0x8,10,10,PASS,9.3649e-01,9.3649e-01,7.2504e-03,7.2504e-03,3.0278e-04,3.0278e-04
296,8,32,1,4,1600|8|5|1200,0|1|2x2,0,10,10,PASS,5.1506e-01,5.1506e-01,7.3180e-03,7.3180e-03,3.3354e-04,3.3354e-04
297,8,32,1,5,1600|8|5x2|1200,0|1|2x3,0,10,10,PASS,5.1628e-01,5.1628e-01,7.5465e-03,7.5465e-03,3.3201e-04,3.3201e-04
298,8,32,1,7,1600|8|5x4|1200,0|1|2x5,0,10,10,PASS,7.2297e-01,7.2297e-01,7.4063e-03,7.4063e-03,3.4184e-04,3.4184e-04
299,8,32,1,10,1600|8|5x7|1200,0|1|2x8,0,10,10,PASS,5.9376e-01,5.9376e-01,7.4459e-03,7.4459e-03,3.4123e-04,3.4123e-04
300,8,32,1,11,1600|8|5x8|1200,0|1|2x9,0,10,10,PASS,5.4878e-01,5.4878e-01,7.4835e-03,7.4835e-03,3.3469e-04,3.3469e-04
301,8,32,1,18,1600|8|5x15|1200,0|1|2x16,0,10,10,PASS,6.7537e-01,6.7537e-01,7.4485e-03,7.4485e-03,3.3641e-04,3.3641e-04
302,8,32,1,19,1600|8|5x16|1200,0|1|2x17,0,10,10,PASS,6.6589e-01,6.6589e-01,7.4068e-03,7.4068e-03,3.3571e-04,3.3571e-04
303,8,32,1,28,1600|8|5x25|1200,0|1|2x26,0,10,10,PASS,7.0189e-01,7.0189e-01,7.4995e-03,7.4995e-03,3.3029e-04,3.3029e-04
304,8,32,1,35,1600|8|5x32|1200,0|1|2x33,0,10,10,PASS,6.0083e-01,6.0083e-01,7.4599e-03,7.4599e-03,3.3180e-04,3.3180e-04
305,8,32,1,46,1600|8|5x43|1200,0|1|2x44,0,10,10,PASS,6.9950e-01,6.9950e-01,7.4138e-03,7.4138e-03,3.2409e-04,3.2409e-04
306,8,32,1,66,1600|8|5x63|1200,0|1|2x64,0,10,10,PASS,5.4850e-01,5.4850e-01,7.3028e-03,7.3028e-03,3.1848e-04,3.1848e-04
307,8,32,1,67,1600|8|5x64|1200,0|1|2x65,0,10,10,PASS,5.1247e-01,5.1247e-01,7.4625e-03,7.4625e-03,3.2557e-04,3.2557e-04
308,8,32,1,88,1600|8|5x85|1200,0|1|2x86,0,10,10,PASS,4.5676e-01,4.5676e-01,7.3575e-03,7.3575e-03,3.2248e-04,3.2248e-04
309,8,32,1,122,1600|8|5x119|1200,0|1|2x120,0,10,10,PASS,5.8307e-01,5.8307e-01,7.2503e-03,7.2503e-03,3.1114e-04,3.1114e-04
310,8,32,1,131,1600|8|5x128|1200,0|1|2x129,0,10,10,PASS,6.4247e-01,6.4247e-01,7.3570e-03,7.3570e-03,3.1266e-04,3.1266e-04
311,8,32,1,146,1600|8|5x143|1200,0|1|2x144,0,10,10,PASS,5.1194e-01,5.1194e-01,7.3237e-03,7.3237e-03,3.1115e-04,3.1115e-04
312,8,32,1,259,1600|8|5x256|1200,0|1|2x257,0,10,10,PASS,7.0675e-01,7.0675e-01,7.2308e-03,7.2308e-03,2.8503e-04,2.8503e-04
313,8,32,1,515,1600|8|5x512|1200,0|1|2x513,0,10,10,PASS,5.3532e-01,5.3532e-01,6.8692e-03,6.8692e-03,2.6366e-04,2.6366e-04
314,8,32,1,1027,1600|8|5x1024|1200,0|1|2x1025,0,10,10,PASS,7.3139e-01,7.3139e-01,6.5509e-03,6.5509e-03,2.2322e-04,2.2322e-04
315,8,32,1,4,1600|8|4|1200,0|1|2x2,0,10,10,PASS,7.1565e-01,7.1565e-01,7.6266e-03,7.6266e-03,3.3471e-04,3.3471e-04
316,8,32,1,4,1600|8x2|1200,0|1|2x2,0,10,10,PASS,9.6122e-01,9.6122e-01,7.3785e-03,7.3785e-03,3.4147e-04,3.4147e-04
317,8,32,1,4,1600|8|16|1200,0|1|2x2,0,10,10,PASS,5.5950e-01,5.5950e-01,7.2523e-03,7.2523e-03,3.3790e-04,3.3790e-04
318,8,32,1,4,1600|8|32|1200,0|1|2x2,0,10,10,PASS,5.5177e-01,5.5177e-01,7.4217e-03,7.4217e-03,3.4005e-04,3.4005e-04
319,8,32,1,4,1600|8|64|1200,0|1|2x2,0,10,10,PASS,6.7431e-01,6.7431e-01,7.5353e-03,7.5353e-03,3.3685e-04,3.3685e-04
320,8,32,1,4,1600|8|128|1200,0|1|2x2,0,10,10,PASS,4.5199e-01,4.5199e-01,7.4563e-03,7.4563e-03,3.3135e-04,3.3135e-04
321,8,32,1,4,1600|8|256|1200,0|1|2x2,0,10,10,PASS,6.7909e-01,6.7909e-01,7.3256e-03,7.3256e-03,3.2537e-04,3.2537e-04
322,8,32,1,4,1600|8|512|1200,0|1|2x2,0,10,10,PASS,6.9829e-01,6.9829e-01,7.3149e-03,7.3149e-03,3.1696e-04,3.1696e-04
323,8,32,4,67,1600|8|16x64|1024;1600|8|16x64|1024;1600|8|16x64|1024;1600|8|16x64|1024,0|1|2x65,0x4,10,10,PASS,8.0639e-01,8.0639e-01,7.2100e-03,7.2100e-03,3.0166e-04,3.0166e-04
324,8,32,2,67,2400|8|16x64|1200;2400|8|16x64|1200,0|1|2x65,0x2,10,10,PASS,5.1091e-01,5.1091e-01,7.0676e-03,7.0676e-03,2.7551e-04,2.7551e-04
325,8,32,1,67,2000|8|16x64|1200,0|1|2x65,0,10,10,PASS,7.4253e-01,7.4253e-01,7.0670e-03,7.0670e-03,2.8698e-04,2.8698e-04
326,8,32,2,131,1600|8|16x128|1024;1600|8|16x128|1024,0|1|2x129,0x2,10,10,PASS,8.6563e-01,8.6563e-01,7.0934e-03,7.0934e-03,2.7563e-04,2.7563e-04
327,8,32,1,131,3200|8|16x128|1024,0|1|2x129,0,10,10,PASS,6.2771e-01,6.2771e-01,6.8258e-03,6.8258e-03,2.4449e-04,2.4449e-04
328,8,32,1,259,1600|8|16x256|1024,0|1|2x257,0,10,10,PASS,7.0237e-01,7.0237e-01,6.8013e-03,6.8013e-03,2.4163e-04,2.4163e-04
329,8,32,1,515,2000|8|16x512|1200,0|1|2x513,0,10,10,PASS,5.5629e-01,5.5629e-01,6.3001e-03,6.3001e-03,1.9492e-04,1.9492e-04
330,8,32,2,67,1600|8|32x64|1200;1600|8|32x64|1200,0|1|2x65,0x2,10,10,PASS,5.0129e-01,5.0129e-01,6.9820e-03,6.9820e-03,2.6966e-04,2.6966e-04
331,8,32,2,67,3200|8|64x64|1200;3200|8|64x64|1200,0|1|2x65,0x2,10,10,PASS,8.0452e-01,8.0452e-01,6.5153e-03,6.5153e-03,2.1612e-04,2.1612e-04
332,8,32,1,67,3200|8|64x64|1800,0|1|2x65,0,10,10,PASS,6.0648e-01,6.0648e-01,6.3921e-03,6.3921e-03,2.1103e-04,2.1103e-04
333,8,32,1,67,1600|8|128x64|1200,0|1|2x65,0,10,10,PASS,5.0613e-01,5.0613e-01,6.3289e-03,6.3289e-03,2.0062e-04,2.0062e-04
334,8,32,2,131,3200|8|32x128|1800;3200|8|32x128|1800,0|1|2x129,0x2,10,10,PASS,6.0540e-01,6.0540e-01,6.5083e-03,6.5083e-03,2.1207e-04,2.1207e-04
335,8,32,1,131,2400|8|32x128|1200,0|1|2x129,0,10,10,PASS,5.3908e-01,5.3908e-01,6.6655e-03,6.6655e-03,2.2666e-04,2.2666e-04
336,8,32,1,131,2000|8|64x128|1800,0|1|2x129,0,10,10,PASS,4.9182e-01,4.9182e-01,6.2418e-03,6.2418e-03,1.9268e-04,1.9268e-04
337,8,32,1,259,1600|8|32x256|1024,0|1|2x257,0,10,10,PASS,4.7731e-01,4.7731e-01,6.3141e-03,6.3141e-03,1.9839e-04,1.9839e-04
338,8,32,4,35,1600|8|5x32|1800;1600|8|5x32|1800;1600|8|5x32|1800;1600|8|5x32|1800,0|1|2x33,0x4,10,10,PASS,7.4844e-01,7.4844e-01,7.3773e-03,7.3773e-03,3.1016e-04,3.1016e-04
339,8,32,2,35,1600|8|5x32|2048;1600|8|5x32|2048,0|1|2x33,0x2,10,10,PASS,5.3310e-01,5.3310e-01,7.3530e-03,7.3530e-03,3.0493e-04,3.0493e-04
340,8,32,1,35,2400|8|5x32|1024,0|1|2x33,0,10,10,PASS,5.3417e-01,5.3417e-01,7.3342e-03,7.3342e-03,3.0528e-04,3.0528e-04
341,8,32,2,35,1600|8|7x32|2048;1600|8|7x32|2048,0|1|2x33,0x2,10,10,PASS,6.5205e-01,6.5205e-01,7.3295e-03,7.3295e-03,3.0434e-04,3.0434e-04
342,8,32,1,35,2400|8|7x32|1800,0|1|2x33,0,10,10,PASS,9.8958e-01,9.8958e-01,7.1479e-03,7.1479e-03,2.8463e-04,2.8463e-04
343,8,32,2,35,1600|8|10x32|1200;1600|8|10x32|1200,0|1|2x33,0x2,10,10,PASS,7.8222e-01,7.8222e-01,7.3867e-03,7.3867e-03,3.2274e-04,3.2274e-04
344,8,32,1,35,2000|8|10x32|1800,0|1|2x33,0,10,10,PASS,6.0642e-01,6.0642e-01,7.2352e-03,7.2352e-03,2.9734e-04,2.9734e-04
345,8,32,1,35,2400|8|12x32|1200,0|1|2x33,0,10,10,PASS,4.9199e-01,4.9199e-01,7.0777e-03,7.0777e-03,2.9134e-04,2.9134e-04
346,8,32,1,35,2000|8|15x32|1024,0|1|2x33,0,10,10,PASS,6.5669e-01,6.5669e-01,7.2212e-03,7.2212e-03,3.1173e-04,3.1173e-04
347,8,32,2,53,3200|8|5x50|1024;3200|8|5x50|1024,0|1|2x51,0x2,10,10,PASS,5.7656e-01,5.7656e-01,7.0243e-03,7.0243e-03,2.7798e-04,2.7798e-04
348,8,32,1,53,3200|8|5x50|1024,0|1|2x51,0,10,10,PASS,5.1508e-01,5.1508e-01,7.0135e-03,7.0135e-03,2.8042e-04,2.8042e-04
349,8,32,1,53,1600|8|7x50|1800,0|1|2x51,0,10,10,PASS,4.5500e-01,4.5500e-01,7.3608e-03,7.3608e-03,3.0696e-04,3.0696e-04
350,8,32,1,53,3200|8|10x50|1024,0|1|2x51,0,10,10,PASS,9.0103e-01,9.0103e-01,6.9591e-03,6.9591e-03,2.7606e-04,2.7606e-04
351,8,32,1,53,1600|8|12x50|1024,0|1|2x51,0,10,10,PASS,5.2711e-01,5.2711e-01,7.2744e-03,7.2744e-03,3.1956e-04,3.1956e-04
352,8,32,1,53,2000|8|15x50|1200,0|1|2x51,0,10,10,PASS,8.0485e-01,8.0485e-01,7.1614e-03,7.1614e-03,2.9315e-04,2.9315e-04
353,8,32,1,67,1600|8|5x64|1800,0|1|2x65,0,10,10,PASS,5.4145e-01,5.4145e-01,7.3239e-03,7.3239e-03,3.0553e-04,3.0553e-04
354,8,32,1,67,3200|8|7x64|2048,0|1|2x65,0,10,10,PASS,6.0014e-01,6.0014e-01,6.9895e-03,6.9895e-03,2.5667e-04,2.5667e-04
355,8,32,1,67,2400|8|10x64|2048,0|1|2x65,0,10,10,PASS,5.2959e-01,5.2959e-01,6.9651e-03,6.9651e-03,2.6527e-04,2.6527e-04
356,8,32,1,67,1600|8|12x64|1800,0|1|2x65,0,10,10,PASS,7.5573e-01,7.5573e-01,7.2153e-03,7.2153e-03,2.9001e-04,2.9001e-04
357,8,32,1,67,2400|8|15x64|2048,0|1|2x65,0,10,10,PASS,6.8132e-01,6.8132e-01,7.0216e-03,7.0216e-03,2.6070e-04,2.6070e-04
358,8,32,1,4,1600|8|5|1200,0|1|2x2,128,10,10,PASS,4.0603e-01,4.0603e-01,7.5201e-03,7.5201e-03,2.7384e-04,2.7384e-04
359,8,32,1,4,1600|8|5|1200,0|1|2x2,256,10,10,PASS,4.1405e-01,4.1405e-01,7.2634e-03,7.2634e-03,2.5420e-04,2.5420e-04
360,8,32,1,4,1600|8|5|1200,0|1|2x2,512,500,500,PASS,2.2799e-01,5.2869e-01,7.1690e-03,7.4798e-03,2.2809e-04,2.3788e-04
361,8,32,1,4,1600|8|5|1200,0|1|2x2,1024,10,10,PASS,2.6223e-01,2.6223e-01,7.2208e-03,7.2208e-03,2.1174e-04,2.1174e-04
362,8,32,1,7,1600|8|5x4|1200,0|1|2x5,128,10,10,PASS,4.7891e-01,4.7891e-01,7.5574e-03,7.5574e-03,2.7757e-04,2.7757e-04
363,8,32,1,7,1600|8|5x4|1200,0|1|2x5,256,10,10,PASS,3.8375e-01,3.8375e-01,7.4632e-03,7.4632e-03,2.5564e-04,2.5564e-04
364,8,32,1,7,1600|8|5x4|1200,0|1|2x5,512,10,10,PASS,3.2501e-01,3.2501e-01,7.2492e-03,7.2492e-03,2.3076e-04,2.3076e-04
365,8,32,1,7,1600|8|5x4|1200,0|1|2x5,1024,10,10,PASS,3.0740e-01,3.0740e-01,7.1926e-03,7.1926e-03,2.1150e-04,2.1150e-04
366,8,32,1,11,1600|8|5x8|1200,0|1|2x9,128,10,10,PASS,8.3090e-01,8.3090e-01,7.4955e-03,7.4955e-03,2.7706e-04,2.7706e-04
367,8,32,1,11,1600|8|5x8|1200,0|1|2x9,256,10,10,PASS,3.5919e-01,3.5919e-01,7.3719e-03,7.3719e-03,2.5400e-04,2.5400e-04
368,8,32,1,11,1600|8|5x8|1200,0|1|2x9,512,10,10,PASS,4.0424e-01,4.0424e-01,7.2207e-03,7.2207e-03,2.3253e-04,2.3253e-04
369,8,32,1,11,1600|8|5x8|1200,0|1|2x9,1024,10,10,PASS,6.2919e-01,6.2919e-01,7.0671e-03,7.0671e-03,2.1082e-04,2.1082e-04
370,8,32,1,19,1600|8|5x16|1200,0|1|2x17,128,10,10,PASS,3.8061e-01,3.8061e-01,7.3494e-03,7.3494e-03,2.6974e-04,2.6974e-04
371,8,32,1,19,1600|8|5x16|1200,0|1|2x17,256,10,10,PASS,3.3812e-01,3.3812e-01,7.3293e-03,7.3293e-03,2.5108e-04,2.5108e-04
372,8,32,1,19,1600|8|5x16|1200,0|1|2x17,512,10,10,PASS,3.5155e-01,3.5155e-01,7.2267e-03,7.2267e-03,2.2631e-04,2.2631e-04
373,8,32,1,19,1600|8|5x16|1200,0|1|2x17,1024,10,10,PASS,2.5688e-01,2.5688e-01,7.1755e-03,7.1755e-03,2.0874e-04,2.0874e-04
374,8,32,1,35,1600|8|5x32|1200,0|1|2x33,128,10,10,PASS,4.4857e-01,4.4857e-01,7.5065e-03,7.5065e-03,2.6953e-04,2.6953e-04
375,8,32,1,35,1600|8|5x32|1200,0|1|2x33,256,10,10,PASS,2.8626e-01,2.8626e-01,7.3204e-03,7.3204e-03,2.4624e-04,2.4624e-04
376,8,32,1,35,1600|8|5x32|1200,0|1|2x33,512,10,10,PASS,2.8931e-01,2.8931e-01,7.3077e-03,7.3077e-03,2.2415e-04,2.2415e-04
377,8,32,1,35,1600|8|5x32|1200,0|1|2x33,1024,10,10,PASS,4.3848e-01,4.3848e-01,7.0909e-03,7.0909e-03,2.0535e-04,2.0535e-04
378,8,32,2,7,1600|8|5x4|1200;1600|8|5x4|1200,0|1|2x5,128x2,10,10,PASS,4.8979e-01,4.8979e-01,7.5438e-03,7.5438e-03,2.7480e-04,2.7480e-04
379,8,32,2,7,1600|8|5x4|1200;1600|8|5x4|1200,0|1|2x5,512x2,10,10,PASS,3.4178e-01,3.4178e-01,7.3612e-03,7.3612e-03,2.2832e-04,2.2832e-04
380,8,32,4,11,1600|8|5x8|1200;1600|8|5x8|1200;1600|8|5x8|1200;1600|8|5x8|1200,0|1|2x9,256x4,10,10,PASS,3.9649e-01,3.9649e-01,7.4441e-03,7.4441e-03,2.5266e-04,2.5266e-04
381,8,32,4,11,1600|8|5x8|1200;1600|8|5x8|1200;1600|8|5x8|1200;1600|8|5x8|1200,0|1|2x9,1024x4,10,10,PASS,2.8089e-01,2.8089e-01,7.1909e-03,7.1909e-03,2.0944e-04,2.0944e-04
382,8,32,2,150,1600|8|4|14|6|4|10|5|14x2|15|8|7|11|5|7|6|15|12x3|15|6|12|13x2|3|6|23|14|12|9|5|6|15|6|12|11|10|15|10|14x2|10|14|13|7|15|11|9|13|7|6|3|7|14|7|6|11|4|14|6|12|11x2|8|2|11|10|15x2|9|5|15|5|6|14x2|3|9|13|8|12|14|15|5|11|9x2|7|8|7|13|12|5|8|12|13|12|13|15|3|11|10|6|14|10|11|14|6|47|49|10|4|12|10|12|7|12|8|14|13|15|13|15|2|15|11|5|12|15|9|7|15|9|7|5|14|7|14|7|5|11|13|6|15|11|22|15|2048;1600|8|6|13|37|7|6|7|38|9|29|13|21|5|11|10|13|5|6|8|12|15|9|15|8|35|14|10|12|9|14x2|13|16|5|11|15|22|5|15|10|7|6|17|14|5|8|6|14|9|11|9|6|10|34|8|2|7|9|10|3|4|11|9|5|15|10|14|7|12|14|11|5|3|11|13|15|47|11|6x2|7|13|8|10|6|8|3|6|8|12|11|12|15|14|15|6|8|12|8|13|9|13|15x2|7|11|10|15|11x2|13|5|7|47|8|6|10|6|3|12|22|10|11|15|29|10|6|13|10|5|12|13|11|12|10|9|5|14|15|13|14|6|13|11|7|8|13|12|1800,0|1|2x148,0x2,10,10,PASS,5.0237e-01,5.0237e-01,6.9784e-03,6.9784e-03,2.6585e-04,2.6585e-04
383,8,32,4,230,2000|8|13|9|8|6|8|13|5|11|6|13x2|7|15|8|11x2|5x2|9|10|11|15|6|8|6|10|8|11|7|9|7|6|14|6|5|7x2|9|13|8|11x2|10|11|5|8|14|10|9|21|12|13|10|5|43|7|8|6x2|12|9|5|11|14|21|11|10x2|11|13|11|2|5|14|38|14|10|13|8x2|14|9|7|10|15|14|8|15|8|9x2|12|4|11|5|10|6|8|4|14|13|5|15|8|6|8|15|11|13|8|4|5|13|6|7|11|5|8|11|8|15|13|14|9|14|3|8|6|10|13|11|15|14x2|8|12|14|15|5|13|3|14|13|7|9|23|10|20|9x2|12|9|15|11|12|9x2|6|8|14|11|5|15|14|5|15|10|12|13|6|10|7|5|8|15|5|10|7|2|5|8|50|6|3|13|12|15|9|7|10|6|12|14|15|8|14|11|8x2|9|7|13|8x2|4|15|9|13|7|9|8|7x2|10|14|10|6|12|7|2|19|5|10|5|11|3|6|2048;3200|8|5|7|12|7|11|9|10|11|6|14|10|6|9|15|12x2|6|8|15|8|5|6|11|8|6|11|12|7|9|41|14|8|5|14|9|6|8|12|14|15|10|5|15|7|9|8|11x2|5|10|9|11|5|13|12|7|14|12|2|13|22|11|5|15|22|15|13|9|10|15x2|5|9|15|6|12|15|8|11|5|6|24|26|11|7|8|6|7|8|6|13|49|11|6|15|5|15|13|15|9|15|6|9|11x2|14|15|5|9|13|6|5|12x2|9|7|3|7|5|8x2|2|7|6|10|13|7|13x2|12|2|4|14|12|7|2|46|7|8|14|10|11|10|13|21|8|15|6|11x2|5|10|12|13|5|14|13|10|7|6|4|10|8|14|2|13x2|7|9x2|10|8|38|7|11|7|5|11|7|14x2|10|7|9|15|12|7|10|12|5|14|9|5|13x2|8|6|5|31|6|8|6|9|11|6|7|15|5|33|8|6|9|14|6|14|10|12|10|7|13|11|9|13|10x2|8|6|1800;2000|8|11|3|9|4|7|11|8|13|5|6|10|8|14|9|6|11|9|10|6|14|8|5|12|11|15|7|10|14|12|15x2|9|15|8|7|13|7|9|12x2|13|14|13|12|15|11|15x2|5|7|12|11|14|11|13|6|11|32|5|7|13|10|14|43|5|7|8|7|18|7|12|10|6|12|8|5|8|34|15|8|14|15|6|11|12|2|10x3|9|7|2|15|12|13|12|8|11x2|10x2|6|13x2|10|15|5|15|14|5|11|8|12x2|9|12|8x2|6|15x3|11|4|6|23|11|5x2|30|13|9|10|8|6|8|7|6|41|5x2|13|14|9|43|14|7|9|12|11|5|12|5|15|8|9|12|5|15|10|11|15x2|11|13|11|13|12|7|15|7|15|11|14|8|6|11|5|14|15|13|15|9|5|15x2|10|43|12|13|9|7|15|4|12|13|10|11x2|9|7x2|11|15|10|12|19|14|7|14|12|10|11|45|12|9|12x2|15x2|9|7|8|9|6|11|9|1200;2000|8|2|15|13|6|12|5|14|7x2|10|8|10|13|29|14|35|12|14|29|4|11|14x3|12|7|8|50|6|15x2|11|14|6|12|10|13|7|3|8|10|13|10|14|7|11x2|8|15|11|15|14|5|6|10|15x2|14|5|11|15|4|14|6|5x2|7|42|14|6|3|15|5|7|15|11|6|10x2|11|13|10|8|10|6|7|13|9|7|8|7|10|9|8|11|13|14|8|3|2|7|6|7x2|14|7|11|9|15|12|8|14|9|2|12|11|2|8|11|7|11|7|10|2|15|8|5|6x2|10|8|10|9|13|9|15|8|2|13x2|6|11x2|15|8|11|9|12|8|10|3|13|9|5|12|8|13|7|15|5|7|5|7|13|12|7|5|15|5|11|14|7|44|12|11x2|8|6|8x2|15|5|14|7|15|10|12|9|11x2|14|11|13|29|50|13|15|11|10|31|7|11|10|6|5|14x2|12|7|8|12|6|8|10|7|12|9|13|14|13x2|15|5|7|6|12|8|1200,0|1|2x228,0x4,10,10,PASS,7.2435e-01,7.2435e-01,6.7389e-03,6.7389e-03,2.4567e-04,2.4567e-04
384,8,32,8,7,2000|8|13|34|10x2|1800;2000|8|14|12|10|6|2048;3200|8|9|15|11|10|2048;1600|8|7|13|5x2|2048;2000|8|10|4|5x2|1200;1600|8|14|12|7|11|1800;1600|8|42|9|4|9|1024;3200|8|15x2|18|7|2048,0|1|2x5,0x8,10,10,PASS,9.7026e-01,9.7026e-01,7.2053e-03,7.2053e-03,2.9662e-04,2.9662e-04
385,8,32,4,40,1600|8|10x2|9|15|7|6|9|8|13|10|9|24|8|14|12|7|21|12|7|14|7|13|5|10|12|9|10|12|15|9|15|9|5|13|14|5|6|1200;3200|8|7|10|13|14|11|14|13|8|9|14|30|13|7|12x2|8|9|12|15|6|9|14|6|11|15|6|7|10|9|12x2|6|9|6|8|10|13|1024;1600|8|12x3|6|15|5|15|5|6|13|5|12|14|10|14|15|8x2|5|10|6|2|8|6|9|17|12|21|6|5|8x2|10|12|15|2|4|1024;2000|8|6|7x2|15|7|15|11|24|5x2|7|18|10|12|8|11|7|11|14|10|21|9|23|11|10|8|15|13|3|5|6|14|12|8|14|3|7|1800,0|1|2x38,0x4,10,10,PASS,8.8734e-01,8.8734e-01,7.2342e-03,7.2342e-03,3.0001e-04,3.0001e-04
386,8,32,1,51,3200|8|15|3|7|11|14|12|7|15|5|15|12|5|15|7|12|6|15|14|15x2|13|11|15|6|10|6|8|10|8|9|13|32|13|11|3|15|10|14|12|11|9|5|14|12|15|13|14x2|1024,0|1|2x49,0,10,10,PASS,5.9050e-01,5.9050e-01,7.0426e-03,7.0426e-03,2.7354e-04,2.7354e-04
387,8,32,8,45,2000|8|14|10|8|5|9|5|11|6|15|8|10|15|27|7|12|5|6|10|9|10|13|12|9|6|10x2|31|7|6|29|9|11|5|11|12x2|6|10|5|6|2|8|1200;2400|8|13|29|12|9|8|6|9|5|14|6|13|21|12|14|5|10|8|12|35|34|6|32|3|10|15|9x3|6|5|8|4|12|11|12|5|8|13|14|48|15|9|1800;1600|8|12|11|14|7|15|5|15|6|50|3|9|5|14x2|6|10x2|14|7|3|10x2|14|15|10|14x2|5|6x2|9|15x2|2|7x2|15|13|7|13|6|7|1200;1600|8|13x2|6x2|15|8|7|5|11x2|5|4|30|12|7|13x2|15x2|9x2|46|7|13|15|7|10|24|12|11|14|11|10|6|11|15x2|6|12|5|12|9|1200;2400|8|15|43|14x2|8|14|12|7|6|8x4|6|12|11|14|10|6|12|13|5|6x2|9|5|14|10|5|6|13|10|8|37|6|12|13|5|22|13|9|7|1200;3200|8|12|4|15|48|6|15|13|9|11|8|14|9|6|13|11|15|10|15|13|9|14|15|12x2|10|8|6|15|5|15|11|7|13|12|7|5|8|6|13|9x2|6|1024;2400|8|15|9|13|12x2|13|4|8|5|14|12|11|13|11|14|7|11|8|14|8|5|9|11|14|6|12|11|2|14|7|10|7|8|11|10|5|15|8|14|10|14|7|2048;1600|8|6|8|14|15|6|11|9|11|8|3|7x2|10|8|7|14|10|8|10|15x2|13|14|6|8|34|6|10|3|10|9|10|6|41|14|15x2|7x2|5|3|9|1024,0|1|2x43,0x8,10,10,PASS,1.0166e+00,1.0166e+00,7.1664e-03,7.1664e-03,2.9381e-04,2.9381e-04
388,8,32,8,28,1600|8|15|12|46|5x3|6|3|6|10|14|8x2|7|10|11|7|8|10|34|10|14|3|4|10|1200;1600|8|12|8|11|12|5|7|14|6|7|9|11x2|7|8|6|5x2|15x2|10|3|5|14|13|8|1200;2000|8|14|11|9|5|8|12|7|11|9|15|7|5|8|15|5|14|15|10|5|13|15|10|27|5|10|1800;2400|8|11|15|11|13x2|11x2|14|12|9|5|11|14|11|6|34|16|12|9|15|5|4|17|11|15|1200;2400|8|5|7|11|13|8x2|12|13|15|12|8|12|45|36|9|13|14|5|11x2|8|6|48|8|10|1024;1600|8|3|5|10|12|7|13|8|9|14|7|9|4|9|5|7|13|8|6|9|11|7|15|9x2|8|1024;1600|8|5|12|11|6x2|10|5|8|5|13|10|7|8|39|13|8|25|14|9x2|6|7|10|13|8|2048;2400|8|15|13|8|14|8|10|15|13|5|9|14|49|14|6|10|9|12|15|6|13|14|9|13|12|5|1200,0|1|2x26,0x8,10,10,PASS,6.8526e-01,6.8526e-01,7.2712e-03,7.2712e-03,3.0756e-04,3.0756e-04
389,8,32,2,51,1600|8|6|2|13|7|9|5|8|15|13|9|7|9|12x2|39|8x2|15|29|7x2|12|14|8x2|10|3|8|7|12|10|15|49|12|14|42|7|4|6|17|13|5|12|5|12|8|13|9|1800;2400|8|11|13|10|6|7|16|3|10|5|8|13|9|11|15|9|6|2|9|28|5|13|7|12|5x2|8|4|10|13|14x2|11|7|9|5|6|5|10|11|12|5|7|14|11|2|12|10|6|1200,0|1|2x49,0x2,10,10,PASS,9.8079e-01,9.8079e-01,7.1678e-03,7.1678e-03,2.9267e-04,2.9267e-04
390,8,32,2,117,3200|8|4|2|11|9|14|47|12|11|5|6|8|6|5|8|12|6|14|3|9|12|2|5|14|4|9|43|5|9|42|5|7|2|14|2|8|13|10|13|14|12|11|12|9x2|14x2|7|8|7|2|13|7|5x2|9|49|44|13|2|6x2|9|8|12|14|5|10|12|9|7|11|13|12|13x2|12|11x2|15|12|7|6|8|5|9|14|9|7x2|9|8|14|6|16|15|11|14|8|6|7|9|5|6|9|15|12|15|5|11|9|14|11|15|7|1200;1600|8|11|10|11|2|10|3|8|10|13x2|14|11|14|15|12|5x2|10|19|13|2|7|6|12|5|6|11|10|6|10x2|7|6|3|11x2|7|8|13|9|3|12|10|11|12|3|30|13|5|10|9x2|10|5|12|14|13|9|10|5|12|6|9|7|9|12|13|8|2|9|14x2|6|12|8|9|7|10|11|15|13|5|13|12|15|10|6|5|4|49|12x2|14x2|2|15|12|10|14|7|10|15|5x2|10|48|11|8|12x2|13|10|13|14|1024,0|1|2x115,0x2,10,10,PASS,5.8843e-01,5.8843e-01,6.9624e-03,6.9624e-03,2.7163e-04,2.7163e-04
391,8,32,8,145,3200|8|5x2|7|11|12|6x2|13|7|9x2|37|8|9|8|10|8|13|14|5|11|12|9|7|6|15x2|5|14|8x2|6|15|13|14x3|6|8|13|6|7|6x2|15|9x3|10|15|14|10|13|6|13|8|6|8|13|10|8|7|14|8|7|9|10|9|12|46|7|13|6|9|5|9|12|13|12|5|12|14|6|8x2|9x2|6|5|14|3|8|16|14|10|13|9|5|14|11|6x2|13|11|5|7|5|8|14|12|13|3|7|5|8|10|15|9|14|10|11|14|5|14|7|15|7|15|7|14|13|9|5|2|8|12|11|10|12|11|12|5|2048;3200|8|14|8|11|7|10|13|7|15|12|11|7|12|6|11|5|8|14|6|7|9|13|5|3|8|9|5x3|7|8|7|6|15|4|11|14|5|14|13|7|14|8|15|6|12|15|13|6|3|7|4|7|12|13|8|7|13|7|10|49|5|12|10|14|15|13|42|13|8|14|15x2|11|50|11|10|11|9|8|4|6|14|11x2|15|8|6|10|12|17|11|13|14|7x2|5|2|10x2|9|15|2|7|14x2|10|12x2|8|12|8|6|14|9|2|14|12|23|14|6|8|15|5|9|15|12|14|5|12|8x2|6|13|14|5|44|7|11|5|7|47|26|2048;2400|8|3|14|3|8|15|8|15|14|10|11|5|14|7|12|13|15|13|10|9|10|11|8|15|11|3|11x2|12|40|9|6|3|10|13x3|5|9|6|8x3|5|12|14|15x2|13|11|10|6|7|39|14|24|11|13|3|8|15|9|5|8|2|14|9|15|9x2|12|5|36|8|15|9|10|14|11|14|9|7|14|4|13|8|6|9|15|9|15|13|6|10|7|36|7|15|9|14|6x2|15|10|2|13|14|13|15|5x2|15|7|12x2|11|15x2|9|11|7|9|5|27|15|12|7|13|8|5|6|7|9|6|10|7|14|11|14|12|6|30|5|2048;2000|8|15|13|7|13|11x2|9|8|14|9|15|11|7|13|8|11|15|12|6|14|7|6|9|14x2|11|3|13|6x2|5|11|9|32|11|7|6|11|14|13|10|5x2|10|11|8|15|13|15|14|12|3|5|3|2|10|6|14x2|11|14|9x2|13|12|5|9|7|8|13|11x2|4|14|8|15|13|5|4|5|13|22|6|46|6|15|8|11x2|2|11|8|35|15|12x2|8|14|10|15|10|15|7|11|9|14|5x2|11|13|9|7|9|7|12x2|6|7|11|7|15|11|12|11|12|5|12|5|6|12|9|6|9|13|7|12|8|5|15|9x2|13|1800;3200|8|14|7|13|7|13|15|4|8|13|14|12|10|7|9|10|11|10|7|12|7|5|9|8|11|6|9|5|12x2|15|8x2|10|5|11|15|41|9|10|15|9|11|7|6|8|6|13|10x2|4|9|5x2|6|8|6|15|7|9|14|15|5|7|6|3|14|11|10x2|15|9|14|8|14|12|11|8|15|9|8|11|4|9|8|2|5|12|10|5|9|10|11|14|4|6x2|13|6|8x2|13|3|11|17|5|2|9|6|7|9|8|12|7|15|11|15|2|7|8|5|12|13|10|38|12|13|3|14|8|3|8|7|6|14|37|13|12|11|14x2|12|15|1200;3200|8|12|13|45|8|11|7|10x2|6|7|15|11|14|12|2|6|15|9|12|7|6|31|46|10x2|5|47|11|8|13|5|23|10|12|5|7|6|10|7|16|14|7x3|15|6|11|10|7x2|9|14|11|14|12|5|8|5|11|10|14|8|10|14|15|8|7|6|7|13|6|9|14|8|6|33|2|30|7|5|15|7|8|15|7|12|9|13|6|9|13|11|13|11|17|5|13|15|10|7x2|14|9|6|12|14|12|7|5|18|10|5|11x2|14|12|7|13x2|5|16|7x2|15|8|2|8|14|12|14|9x2|14x2|15|9|12|7|10|14|15|7|2048;3200|8|12|6|8|6x2|5x2|10|12|15x2|13|7x2|6|7|8|10|7|13|11|10|6x2|5|14|9x2|13|6|5x2|11|14|9|11|15|10|14|4|10|15|50|9|14|7|9|8|9|11x2|7x2|6|11|7x2|9|6|13|10|6|10|11|9|14|6|13x2|8|9|5|7|2|9|10|9|11|15|10|14|7x2|13|7|12|14|12|35|11|3|2|9|6|11|9|11|5|14x2|8|5|3|14|10|13|6|10|11|6|11|13|9x2|15|14|10|5|10|7|3|6|14|10|11|13|14|12|7|6|12|9|6|12|2|12|13|14|5|13|8|13|1024;1600|8|12x2|8|11|14|7|11|10|13|6|11|15|7|12|15|8|12|9|15|5|12|7|13|6|7|14|9|7|10|13|12|5|8|14|3|13|12|10|9|13|10|7|14x2|12|5|12|13|8|6|13|11|13|10|6|7|9|11|5|6|12|45|11|10|3|11|6x2|10|2|5|9|8|9|5|3|14|10|15|13|8|35|10|14|10|13|14|8|5|13x2|15|11|8|7|10x2|14|3|6|15|40|9|8|7|10|6|9|6x2|12|2|7|9|7|5|14|15|14|8x2|14|10|35|11x2|7|6x2|12|8|12|7|13|6|14|10|11x2|35|6|7|2048,0|1|2x143,0x8,10,10,PASS,6.9907e-01,6.9907e-01,6.8239e-03,6.8239e-03,2.4899e-04,2.4899e-04
392,8,32,4,50,1600|8x2|11x2|15|9|10|50|13|50|5|11|10|11|13|6|5|8|10|13|3|7|3|13|12|8|6|9|11|5|26|9x2|11|12x2|14|9x2|8|37|13|4|15|13|8|49|5|1800;3200|8|44|8|7|11|6x2|5|2|14x2|15|14|7|14x2|5|7|28|11x2|13|14|5|11|15|13|10|6x2|5|2|13|9|6|12|8|10|6|8|9|5|11|14|10|8|9|3|1024;3200|8|9|7|12|9|8|10|12|9|7|11|12|20|12|7|15|7|14|5|12|15|6|15|14|9|5|9|4|9|15|5|14|7|5|12|6|8x2|14|15|10|5|10|36|3|22|15|5|1800;3200|8|10|7|15|13|6|12|10|14|5|14|40|11|10|13|8|14|15|10|6|11|13|9|8|40|10|9|14|2|11x2|2|7|10|12|7|14|10|12|13|15x2|10|6|7|5|13|11|1200,0|1|2x48,0x4,10,10,PASS,7.1823e-01,7.1823e-01,7.0645e-03,7.0645e-03,2.7391e-04,2.7391e-04
393,8,32,2,7,2000|8x2|10|15|9|2048;1600|8|9|12|8|10|1024,0|1|2x5,0x2,10,10,PASS,7.4330e-01,7.4330e-01,7.3467e-03,7.3467e-03,3.1465e-04,3.1465e-04
394,8,32,2,105,1600|8|5|14|12|10|9|5|6|11x2|13|11|12|15x2|9|11|6|13|9|12|9|13|11|14|6|7|11|6|7|6|11|6x2|5x2|14|9|11|6|8|15|14|10|8|5|9|3|8|12|7|10x2|6|15|14x3|13|3|12|10|11|9|7|14|8|14|28|8|13|5|7|3|6|7|5|12|22|17|12|4|9|5|9|7|9|13|7|8|6|7|5|10|6|11|12|14|7|14|6|40|14|2048;2000|8|10|15|6|50|5|7|9|7|5|4|8|9|13|9|15|14|11|7|9|12|13|6|12|5|10|12|8|10|11|12|7|5|12|5|7|13|8|9x2|15|7|13|8|10|5|9|11|9|8|10|8|11|5|10|7|8|12|7|6|9|5|8|11|10|5|11|15|9|12|2|18|11|7|6|14|7|2|13|7|13|14|10|9|6|11|14|9|12|7x2|27|10|12|10|15|12|5|12|10|7x3|2048,0|1|2x103,0x2,10,10,PASS,6.2715e-01,6.2715e-01,7.0416e-03,7.0416e-03,2.7392e-04,2.7392e-04
395,8,32,8,54,1600|8|6|10|11|8|15|12|5|6x2|2|8|6|7|14|11x2|13|9|15x2|12|13|14|45|5x2|7|11|3|11|5x2|10|14x3|5|11|7|13|10|6|5|12|8|15|9|14|12|9|13|1200;3200|8|9|6|2|10|3|12|13|9|25|5|6|5|15x2|12|10|11|6|8|12|11|5|11|12|9|10|9|7|4|11|8|5|13|12|10|8|6|2|11|7|8|9|6|10|5|15|9|2|6x2|14|1200;2000|8|3|11|12|8|15|8|15|13|12|11|15|12|11|12|8|12|9|14|13|9|7|9|5|10|5|11|47|11|15|11|15|13|11|5|12|14x2|12|13|2|7|15|11|15x2|11|10|9|15|8|5|1024;2000|8|14|15|14x4|12|13|14x2|3|7|12|9|11|12|15|8|10x2|6|8|12|8|15|8|15|12|48|14|19|13|11|7|15|11|3|11|15|5|49|14|3|9|34|11|12|11x2|2|12|1800;3200|8|13|12|8|7|5|13|9|2|9|8x2|13|10|14|12x2|4|14x2|12|11|7|12|15|5|8|9|11|10|5|10|7|10|11|14|11|12|7|10|6|50|12|9|20|14|10|6|14|3|6|9|2048;3200|8|40x2|11|9|6|13|5x2|7|14|2|7|13x2|15|11|4|7|15|8|5|13x2|11x2|5|8|10|3|8|14|13|9x2|12|5|11|15|10|9|25|11|10|8|13x2|11|7|8|42|11|1200;2000|8|6x2|12|11x2|10|8|5|15|4|3|5|7|11|8|14|6|13|12|30|36|5|7|10x2|11|13|11|15|6|13x2|8|10|5|14|5|34|12|14|12|14|11x2|15|14|9|5x2|11|9|1024;3200|8x2|5|15|7|14|11|10x2|8|11|13|11|10|14|13|15|11|7|8|13|6|15|6|15|19|9|15|10|7|12|15|5|13|4|8|11|13|11|10|13|9|14|12|13|10|7|3|13|8|9x2|1024,0|1|2x52,0x8,10,10,PASS,7.4322e-01,7.4322e-01,7.0560e-03,7.0560e-03,2.8107e-04,2.8107e-04
396,8,32,8,123,2400|8|7|6x2|3|7|14|15|8|7|8|10|5|12|9|10|37|4|6|5|13|10|6|5|44|9|6|15|9|14|10|15|9|10|14|9|13|9|20|13|6|12|10|18|6|7|14|10|11|10|15|12|11|15x3|10|15x2|7|39|5|7|8|6|7|14|13x2|10|28|9|12|14|13|45|8|14|11|13|12x2|9|11|12|10|5x2|12|7|6|14|5|6|10|22|7|5|11|7|11|8|12|7|10|7|11|9|11|12|11|15|7|8|6|14|8|9|11|12|9|1200;2000|8|7|4|48|7|8|14|12|13|6x2|5|13|37|13|6|7|6|15|11|15|7|14|13|21|10|22|9|5|15|6|4|10|5|3|41|8|15|11|6|14x3|10|12|11x2|9|13|11|8|6|26|8|13|8|12|3|10|23|10|15|5|7|15|14|9|11x2|4|5|13|14|5|11|31|5|8|5|15|10|7|10|11|15|5|13|8|22|15|10|8|5|9|11|15|9|8|5x2|16|5|6|12|8|7|8|14|15|13|15|12|2|14|10|11x2|7|2|12|10|1800;1600|8x2|13|15|7|6|12|11|5|7|12|2|11|30|6|7|5x2|7|8|7|10|12|10x2|13|11|13x2|7|15|13|8|7|9|8|5|7|11|7|12|17|11|10|12|38|10|14|6|3|7|10|15|10|11|12|6|9|8|12|8|5|8|12|9|13|12|15|11|14|7|4|48|9|5|6|11|6|11|20|8|10|5|10|12|6|2|9|6|13|8|15|9|8|9|14|13|12|14|9|15|10|7|15|12x2|11|10|3|10|15x2|50|13|8|10|14|6|2|3|5|1800;1600|8|13|14|15|10|12|8|6|10|4|5|10|9|8|6|9|12|9|37|14|9|14|12|5|13|2|32|6|7|9|7|34|10|5|8|10x2|12|9|12|8|7|11|12|11x2|5x2|15|7|9|14|12|13|5|12|10|14|4|8|13|14|9|12|10|15|14|9|6|11|15|6|3|9|6|13|2|11|15|13|10|9|12x2|14|9|8|10|13|7|10|6|10|11|15|14|12|14|8|14|11|6x2|8|37|13|15|5|14|9|11|10|13|9|15|5|12|13|31|10|2|1800;3200|8|13|6|12|11|8|11|15x2|7|6|2|15|3|9|13|6|12|9|11|14|48|7|14|12|5|44|10x2|4|9|12|9|5|14|12|13|5x2|10|14|13|11|12|5|11x2|12|8|15|5|15|7|10|13|8x2|11|9|22|3|15|30|10|11|7|11|14|7|6|15|14|6x2|11|15|13|10|46|9|10x2|12|13|12|7x2|10|8|14|15|6|12|7|9|13|6|12x2|7|14|9|8|9|7|9|12|3|10x2|14|12|10|11x2|7|13|10|15|13|10|1024;1600|8|11|12|5|12|3|10|9|8|7|14|11|4|8|7|15|5|6|14|15|8|2|11|9|5|8|10|14|12|3|35|8|12|13|15|11|5|8|13|9|14x2|48|4|14|6|10|5|11|10|11|14x2|10|8|15|10|5|8|5x2|12|13|36|13|7|9x2|6|7|14|7|13|8|9|5|13|8|9|10x2|30|14|15|10x2|5|14|15|10|14x2|15|6|7|11|10|4|7x2|4|6|12|14|12|5|13|2|6|5|10|13|41|13|11|10|12|3|15|13|9|1024;1600|8|9|11|12|13|7|13|10|12|13|3|10|8|7x2|15|14|12|13|5|11|15|14|12|15|5|12|14|25|9|6x2|10|11|12|13|8|2|7|11|9|11|5|6|9|8|3|10|6|8|7|3|4|9|12|7|13|10|11|8|5|15|9|8|11|14|11|14|11|15|12|8|9|15|11|6|12|15|6|5|10|12|9|7|8|9|13|10|6|5|10|13|3|7|32|12|8|13|5|12|6|5|14|15|10|8|10|12|6|5|10x2|14|11|15x2|5|13|15|8|6|1024;1600|8x2|13|10|20|6|11|7|8|5|6|15|13|11|32|5|8|4|12|5x3|12x2|15|6x2|9|5|11|15|8|5|12|14|9|11|8|15|6|15|8|10x3|6|39|15|13|10|9|8|15|9|13|10|11x2|6|8|15|11|5|14|15|7|6|10|14|7|9|14x2|7|8|7|13|11|9|5|14|15|12|13x2|7|12|6|10|12x2|15|13|4|9|7|15|11|6|7|10|9x2|4|8|14|11|13|37|6|12|10|5|14|6|11|5|3|12|30|35|1200,0|1|2x121,0x8,10,10,PASS,1.3568e+00,1.3568e+00,7.0370e-03,7.0370e-03,2.7589e-04,2.7589e-04
397,8,32,4,57,1600|8|37|8|10x2|4|14|12|35|13|10|3|7|6|11|10|5|10|6|8x3|10|7|9|5|14|12|15|8|13|8|5|13|7|13|5|11|14|11|14|12|11|40|14|12|9|6|10x2|12|8|13|9|6|1024;2000|8|14|12|15|5|7|12|15|30|43|5|3|15|6|8|13|14|4|11|6|5|4|12|5|7|9|13|9|15|12|11|4|14|5|15|12|14|11|8|15|12|11|10|9|15|27|10|15|14|11|27|8|7|13|10|2048;1600|8|6|15|13|12|7|14x2|7|6|4|14|8|22|14|12|10x2|41|12|8|12|9|7|5x2|12|7|12|5|8|9|12|11|13|2|15|12|5|13|12x2|11x2|14|10|15|49|9|8x2|11|15x2|14|1200;2400|8|9|7|15|5|7|10|14|15|11|9|7|9|15|38|9|12|30|6|7|13|6|5|15|14|9|14|13|10|15|9|2|15|14|12|7|12|10|12|6|15|13|5|10|7|6|11|15|8|10|9|14x2|5|7|1200,0|1|2x55,0x4,10,10,PASS,7.3036e-01,7.3036e-01,7.1752e-03,7.1752e-03,2.9493e-04,2.9493e-04
398,8,32,4,86,1600|8|11|3|10x3|9|12|6|15|9|8|14|12|9|5|11|13|15|8|9|49|6|12|20|9x2|8|11|15|6|10|5x2|8|46|10x2|12|5|11|7|5|15|13|9|15|9|5|4|9|7|11|5|3|22|9|7|10|12|13|4|12|5|6|15|10|13|8|12|7|13|9|39|3|14|12|15|11|7|11|10|12|7|2048;2400|8|7|11x2|5|13x2|12x2|14|7|10|15|6|15|14|15|6|3|14|11|6x2|13|6x2|10|14|5|15|2|7|8|12|10|7|5|15|6|7|5x2|13|43|7|10|9|7|3|7|15|5|46|10|5|3|9|4|7|9|14|36|11|6|8|13|7|9|8|4|5|9x2|15x2|9|5|11|12|14x2|10|3|15|2048;3200|8|19|8|7|13|6|33|34|14|6|8|9|7|9|14|15|12|6|15|14|8|13|11|12|10|11|12|2|8|15|14|5|13|12|14|11|3|14|8|9|12|13|6|10|12|9|5|4|13|9|8|6x2|5|15|10|6|12|15|7|10|7|15x2|13|9|5|8|13|8|9x2|6|15|8|12|5|13|14|8|5|15|14|5|2048;1600|8|10|14|4|15|11|4|6|3|11|10|9|12|8|6|12|7|10|11|13|30|12|13|8|49|15|5|6|47|38|14x2|7x2|13|7|50|5|12|11|8|14|10|12|26|12|10|7|6|8|9|14x2|10|8|6|10|8|10|7|15|11x2|10|9|6|15|45|5|8|5|11|12|14|10|8|12|10|6|5|6|7|12|8|1800,0|1|2x84,0x4,10,10,PASS,6.5385e-01,6.5385e-01,6.9940e-03,6.9940e-03,2.6795e-04,2.6795e-04
399,8,32,8,10,1600|8|6|9|12|7|14|12|5|2048;3200|8|15x2|12x2|13|14|13|1800;3200|8|6x2|3|41|12|10|9|1800;2000|8|11|5|6|7|5|7|14|1024;1600|8|7|3|12|11|13|6|5|1200;2400|8|11|13|10|2|5|8|9|1024;2000|8x2|11|10|12|13|14|8|1800;2000|8|10|12|15|9|7|15|8|1800,0|1|2x8,0x8,10,10,PASS,9.8012e-01,9.8012e-01,7.2698e-03,7.2698e-03,2.9833e-04,2.9833e-04
400,8,32,8,51,2000|8|9|12|7|8|11|16|6|7|10|15|8|7|8|10|7|12|6|5|13|14|15|5|10|13|15|6|7|12|32|13|11|14|8|13|9|14x2|6|22|3|14|15|9|13|11|2|10x2|1200;2400|8|5|43|12|9|6|9|6|7|4|15|6|13|12|13|15x2|7|12x2|13|10|7|9|7|13|6|15|38|9|10|15|7|15|10|27|10|7|11|12|2|12|15|13|12|11x2|7x2|2048;3200|8|7|12|14|7|13|14|10|8|38|13|5x2|11|2|10|15|5|10|12|6|12|11|15|5|6|9|15|6|13|14|8|49|14|5|7x2|10x2|8|15|13|34|6|11|5|32|7|12|1800;2400|8|3x2|10|22|6|12|6|13|7|12|8|12|10|7x2|10|4|10|11|14|13|14|10|5|13|3|14|10|11|12|14|15|12|4|5|9|14|15|12|13|7|9|14|22|13|14|10|12|1024;2000|8|10|8|7|25|11|15|11|14|15|12|11|9|14|4|13|7|5|7|15|13x2|7|13|8|14|10|8|15|14|5|14|13|6|14|10|5|14|34|14|6|9|11|10|12|10|29|8|13|2048;2000|8|15|9x2|13|15|18|15|9|50|10|7|11|5|8|13|8|15|11|5|12|2|50|13|7|14|3|14|12x2|6|13|10|9|13|12|10|12|6|8|14|6x2|14|9|5|15x2|12|1200;1600|8|2|9|15|11|6|3|13|8|14|15|11|5|10|8|14|6|15|9|6|10|3|14|12|14|7|6|12|10|14|6|7|13|12|9x2|15x2|8|14|9|13|8|9|15|13|12|6|9|1024;2400|8|11|2|12|9|12|15|13|10|15|8|9|7|14|11|9|14|13|3|13|9|12|15|5|7|8|15|11|14|7|14|6|8x2|14|9|13|21|9|5|13|10x2|7|8|11|10|6|7|1024,0|1|2x49,0x8,10,10,PASS,8.4746e-01,8.4746e-01,7.1137e-03,7.1137e-03,2.8875e-04,2.8875e-04
401,8,32,8,98,3200|8|7|6|9|5|14|15|6|12|8|12|14|12|4|9|4|10|6|15|5|10|7|15x2|13|15|6|9|10|12|7|3|39|10|14|3|8|9|12|2|8|14|11|13|5x2|13|7|15x2|12|14|12|5|7x2|6|7|11|12x2|5|9|31|24|15x2|3|5|4|9|11|50|5|13|9|5|6|9|14|10|8|5|13|9|6|12|49|10|15|6|17|3|47|12|15|1800;2400|8x2|14|8|46|14|6|9|30|9|5|12|15|12|9|15|3|18|10|9x2|6|27|10|14|15|49|10|6|14|13|7|13|23|13|14|8|13|12|13|10|15|11|6|22|11|13|2|7x2|5|12|5|10|6|10|14x2|7x2|6|4|6|11|13|6|2|4|10|6|19|9|14x2|8|7|8|12|5|8|6|2|5|15|7|8|11|2|9|6|10|6|15|14|15|7|2048;3200|8|9|15|3|15|13|15|7|8|11|5|7|3|9|43|15|9x2|12|10|12|5|12x2|14|13|9|12|6|11|9|6|11|5|13|7x3|11|8|14|12|13|11|13x2|9|14x2|6|49|14|12|11|39|15|2|6|15|29|9|14|6|7|5|13|10|14|5|16|9|16|12|8x2|13|6|15x2|5|14x2|2|7|10|47|13|9|6|7|12|7|13|8|34|13|1024;2000|8|14|10|12x2|3|6|9|10|9x2|2|9|8|9x2|13x2|6x2|5|13|11|6x2|11|9|7|6x2|7|5|6|21|15|11|9|17|6x2|15|7|12|5|8|10|12x2|14|42|14|8|12|9|15|5|11|12|10|8|14|9|7|12|13|10|5|14|13|5|6|11|13|11|10|6|9|11x2|14|11|40|15|10|9|5|15|10|12|37|15|11|10|5|3|7|1800;2400|8|13|8|9|15x2|8|14|9|14|10|13|9|13|10|8|3|11|23|7|4|12|13|10|12|14|8x2|7|6|15|10|11|14|8|5x2|2|14|3|13|5|15|6|11x2|15|7|8|15|7|12|10|5x2|6|8|11|5|15|12|8|5|14|11|8|14x2|9x2|6|11|2|6|5|15|7|9|12|14|5|38|14|7|8|9|13|5|11|5|11|13|8|9|15x2|1200;2000|8|11|14|7|40|11|9|10|5|12|11|10|6|8|15|13|8|15|5|9|10|8|13|12|15|10|4|11|6|14|15|14|7|13|6|7|11|6|9|11|13|7|13|6|11|13x2|5|6|12|7|6x2|9|6|7|5|10|5|14|15|14|20|15x2|7x2|5x2|15|10x2|13|9|11|14|10|8|10|9|5|7|15|14|12|8x2|10|6|13|14|11|9|19|14|8|1024;2400|8|15|10|13|5|6|10|9|11|15|6|7|5|39|7x2|5|9|12|7|2|10|2|14|5x2|11|12|7|10|13|9|10|7|2|8|4|7|15|10|5|47|12|14x2|7|12|10x2|9|10|9|7|15|6|7|10|12|29|5|15|12x2|31|5x2|9|5x2|3|5|11|8|3|7|10|13|8|10x2|11|12|9x2|11|10|9|12|10|14|12|14|6|5|6|12|2048;2400|8|10|9|7|11|13|14|12|5|12|11|6|10|5x2|41|37|8|7|29|15|6|14|11|7x2|10|9|15|10|13|39|5|8|3|6|30|8|15x2|5|11x2|14|7|12|10|11|19|9|10|9|15|14|3|15|9|12|17|10|9|8|9|36|9|14|6x2|2|10x2|6|14x3|6|13|9|6|12|14|6|11|14|7|14|11|10|5|6|7|13|10|3|9|13|1800,0|1|2x96,0x8,10,10,PASS,9.6586e-01,9.6586e-01,6.9862e-03,6.9862e-03,2.6404e-04,2.6404e-04
402,8,32,8,194,2400|8|12|11x2|15|25|2|11|8|7|17|2|10|11|4|15|13|10|15|13|6|13|7|9|15|10|15|11|2|29|9|3|9x2|6|8|7|11|10|15|8|12|11|13|8|14|7|13|8|13|7x2|9x3|5|12|3|13|15|12|7|11|15|13|12|14|5|14|9|15|6|12|8|14|13|2|9|13|12|15|10|12|5|8|6|9|12|6|12|9|13|5|15|8|4|12|7|11|15|6|2|9|11|10|6|10x2|2|6|2|11|9|15|14x2|7|10|30|8|5|6|7|13|49|11|14|10|13|15|27|5|11|15|37|22|12|14|9|15|13|12|15x2|4|11|7|9|10|13x3|9|7|10|3|15|10|9|20|5|10|12|2|13|6|9|7|15|9|8|7|14|5|15|7|15x2|6|11x2|7|38|6|11|14|7|12|13|8x2|7|1800;3200|8|5|14|8|3|5|13x2|11|4|43|12|15|10|5|12|39|15x2|14|13|7|13|6|11|9|4|11|15|5|7|5|14|9x2|10|3|14|12|6|4|2|9|11|9|15|6|14|10|14|11|6|12|5|7|2|10|11|8|11|5|6|10|12x2|5|32|13|12|3|12|15|2|7|48|5|10|11|10|13|9|6|9|15|12|13|12|4|9|14|2|15|11|8|10|6|8|12|6|12|11|6|8|14|5|3|10|12|7|5|14|4|11|5|14|8|5|6|14|10|7|6|5|10|5|13|7|5|35|12|8|38|5|6|13|5|12|11|14|13|15|14|13|7|49|15|10|12|9|4|9|12|14|6|7|2|15|13|11|8|7|10|14|6|9|15|22|14|9|5|9|10|5|9|11|12|5|13|6|15|7x2|15|10|3|5|13x2|6|10|12|11|2048;3200|8|16|13|12x2|13|9|2|7|14|13|8|13|5|7x2|8|9|5|7|15|7|13|12|10|44|12|5|10|7|3x2|14|7|14|43|8|14|2|6|13|9|6|13|12|8|14|12|15|14|19|11|14|12|5|10|7|5|8|28|15|7|15|3|15|8|11|13|12|13|10|8|14|11|8|11|9|14|6|14|8|14|6|11|13|7|12|42|4|25|5|7x2|6|5|8|5|15|3|10|6|13|8|12|9|7|11|13|7|5|10x2|5|12|7|8|14|8|3|11|5|10|7x2|45|8|13x2|10|8|14|6|8|15|7|12|4|13|12|15|13|7|49|8|12|11|14|11|9|14|5|6|12|13|11|7|5|25|8|49|13|6|11|13|12|6|11|14|7|11|15|8|5|10|8|15|3|15|12x2|10x2|11|10|3|10|13|9|8|12|5x2|1800;2000|8x2|6|5|11|7|11|8|14|3|8|6|12|11x2|13|12|37|12|13|7|8|10|13|12|8|9|15x2|11x2|9|6|8|12|15x2|6|7|10|15|8|4|15|12|8|13|7|14|10|15|8|12x2|7|34|14|6|10|11|8|24x2|50|7|5|9|21|13|12x2|8|14|7x2|10|7|2|9|40|15x2|7|9|14|15|8|10|7|2|5x2|31|7|9|11|14|5|10|11|9x2|3|11|9|12|5|14|10x2|8|11|6|14|15|13x3|12|11|3|7|15|12|9x2|6|7|15|6|13|8|13|5|9|11|6|13|9|5|26|5|13|7|12|13|8|11|6|50|12|5|2|10|5|7|9|13|11|9|13|15|11|5|12x2|10|11|15|14|11|49|7|12|11|15|13|12|15|13|6x2|13|14|6|11|6|8|10|14|13|12|2048;2000|8|7x2|11|7|12|6|11|14|13|12|13|10|7|22|11|10|9|3|15|12|8|14|10|8|9|10|7|13|11|9|8|15|5|10|9|11x2|8|9|15|10|12|2|7|11|12|7|8|14x2|8|5|12|8|14|8x2|15|32|5|13|50|48|15|9|5|12|7|15|5|46|10|13|7|15|14|8|10|15|13|12|6|10|14|15|8|13|7|12|14|10|5|21|9|14|10|11|15|11|8|9x3|2|6x2|9|49|11|10|7|12|5|20|9|13|12|3|13|35|9|5|15|8|13|14|15|8|9|15|11|7|8|13|6|11x2|9|7|14|15|6|12|28|10|5|7|13|12|10|12|11|14|9|5|7|5x2|12|14|4|10|9|7|6|36|11x3|13|10|6|12|5|13x2|9|44|13|6|8|15|12|13|6|8|6|14|11|13|28|2048;2000|8|6|15x2|13|12|4|31|10|7|8|14|3|13|9|5|7|15|10x2|9|8|5|21|8|15|7|38|9|25|6|42|7|14x2|7|6|15|10|5|11|13|15|5|14|10|7|8|7|45|9|12|10|9x2|14|6x2|13|7|13|10|11|6|8|13|11|9|14|12|14|39|12|6|14|13|7|15|11|15|24|15|14|11|6|10|6|14|10|9|45|6|13|9|8|5|6|14|11|10|6|2|8|10|15|7x3|11|10|12|7|15|7|12|6|12|5|13|15|11|8|23|8|14|9|30|11|15|10|6x2|12|11|7|5|3|7|15|7|12|7x2|5|14|15|8|15|9|5|6|14|15|6x2|37|11|10|15|12|3|7|8|14|10|6|2|8|4|11|4|8|10|14|9|5x2|13|7|3|6|8|15|11|6|8|10|15x2|12|9|6|1024;2000|8|7|6|5|11|5|7|8|15|7|12|8|15|12x2|15|8|7|13|14|15x2|12|13|9|7|11|6|12|8|14|15|11|12|9|25|14x2|9|29|6|5|13|12|4|14|9|5|24|41|14|10|15|11|13|11|13|9|11|9|10|7|12|8|7|2|13|12|5|10|5|10|14|15|8|13|12|14|6|36|7|9|10|12|2|46|6|5|6|5|15|23|13x3|11|20|8|10|11|10|13|15|12|4|6|14|11|9x2|6|13x2|5|6x2|10|6|5|12|9|12|9|10|15|8x2|9|7x2|14|10|9|13|28|15x2|4|12|14|16|8|6|15|7x2|9|12|15|7|14|11|8|6|14|11|10|8|18|12|6|8|13|10|11|36|6|11|7|10|8|6|10x2|11|10|15|10|2|8|9|13|11|13|15|12|10|12|13|12|6|15|2048;1600|8|7|6|12|10x2|12|9|11|2|10|12|3|12|11|3x2|11|5|10|7|10x2|14|13|7x2|12|9|10|9|7|31|6|10|7|5|3|8|49|27|10|9|12|9|12|28|10|6|11|3|8|12|5|10|15|11|7|15|6|5|8|9|13|6x2|9|7|8|5|8|14x2|9|35|12|14|8|5|13|11|8|12|3|12|7|8|15|13|12|14|15|7|10|5|8|7|11|3|8|3|15|13|5x3|12|10|15|10|12|9|7|5x2|12x3|14|5|10x2|8|13|7|23|5|8|14|13|7|9x2|6|12|10|12|11|6x2|7|9|11|12|13|7x2|6|5|12x2|15|12|11|15|14|8|12|7|15|7|14|13|14|45|14|13|11|8|10|6|15|6|9|11|6|11x2|20|13|11|10|12|10|15|8|15|11|7|6|10|13|1024,0|1|2x192,0x8,10,10,PASS,6.8366e-01,6.8366e-01,6.8137e-03,6.8137e-03,2.4722e-04,2.4722e-04
403,8,32,8,49,2400|8|15|7|9|8|3|10|5|13|5|12|11|10|8|13x2|9|5|8|15|9|7|12|9|44|9|13|4|15|13|4|7|9|5|10|11x2|6|15|6|12|8|6|5|15|14|15|1200;2000|8|17|10|9|8x2|5|7|11|6|9|7|14x2|15|13|8|9|8|7|9|15|29|10x2|15|10|15|13|3|6x2|7|11|12|5|9|7|8|6|10|13|11|13x2|7|5|1200;3200|8|6|9|14x2|13|6|14|2|12|8x2|11|10|9|11|5|15|27|11|6|12|13|5|7|10|22|5|7|6|8|12|11|14|10|11|14|7|9|10|12|6|13|14|7|11|9|1800;2000|8|6|13|11|14|15|12|11|6|7|12|15|10|7|50|13|12|9|5|7|14|11|7|12|6|5|12|11|9|6|10|7|25|14|26|10|14|26|9|13|28|12|7|3|8|12|6|1024;2000|8|5|11|12|14|2|8|7|8|10|6|15|14|15x2|10|15x2|11|6|10|7|14|12|10|9|15|14|9|6|19|11|5|14|9x2|8|5|15|14x2|12|15|39|9|13|15|1800;2400|8x2|5|11|6|4|5|12|5|9|7|5|7|6|7|44|12|2|6|14|15|37|12|7|8|12|13|8|14|6|8|49|14|12|11|5|13|14|5|6|8x2|13|7|14|7|6|1200;2400|8x2|14|9|5|10x2|12|4|7|12|10|25|9|10x3|3|9|11x2|14|7|11|10|13x3|2|14|12|9|14|6|10|14|12|7|5x2|7|32|12x2|6x2|14|1800;2400|8x2|4|14|11x2|19|12|10|9|5|7|12|8|9|15|14|9|7|12x2|47|7|11|4|9|15|9|6|4|15|4|15|12|10|7|8|13|9|5|13|12|5|7x2|5|12|1800,0|1|2x47,0x8,10,10,PASS,9.2013e-01,9.2013e-01,7.1251e-03,7.1251e-03,2.8445e-04,2.8445e-04
404,8,32,1,231,1600|8|15|12|15|8|14|34|12|11|9x3|3|11|15x2|5|6|9|6x2|31|6|10|14|11|2|15|14|13|6|11|8|13|6x2|8|5|3|8|6|15|10|9|10|7x2|8|50|45|11|21|23|6|15|3|8|4|11|2|6|15|13x2|8|9|5|11|2|13|2|5|12|7x2|15x2|5|3|5|9x2|15|14|9|11|6|5|9|10|8|13|10|9|2|8|15|12|5|10|8|12|11|10|14|13x2|11|6|9|15|6|13|5|7|44|10|15|8|9|8|12|11|6|13|11|14|7|9|15|10|13|2|10|11|6|49|15|6|9|12|11|8|14|8|6|11|13|11|13|8|9|49|6|5x2|4|13|4|6|5|7|8|14|13|10x2|5|7|5|6|11|32|10x2|6|8|6x2|15|14|15|9|7|8|15|7|9|4|13|6|3|8|11|9|10|12|13|14|9x2|10|7|8|12|15|2|13|9|13|5x2|13|6|2|8|5x2|6|10x2|13|10|14|11|8|4|6|13|2048,0|1|2x229,0,10,10,PASS,5.9122e-01,5.9122e-01,6.8555e-03,6.8555e-03,2.5185e-04,2.5185e-04
405,8,32,8,45,1600|8|9|25|7|10|45|14|10|16|14|8|5|8|7|6x2|10|2|7|14|9|5|13|10|7|10|5|6|10|9|13|6|9|11|9|13|11|8|10x2|8|5|12|2048;2000|8|9|5x2|15|13x2|12|4|12x2|13|9|11|5|4|9|5|6|15|6|14|6|5|28|13|15|11|8|4|9|14|7|10|5|11|14|12|5|6|13x3|1200;1600|8|10|14|12|8x2|5|14|10x2|3|5|4|43|14|11|5|6x2|20|12|7|8|9x2|15|13|9|5|15|7|12|11|5|11|13|9|14|13|10|11|7x2|1200;1600|8x2|5|7|6|9|10|6|13|10|9|8|12|9|29|10|8|7|6x2|12x2|2|6|13|11|7|10|6|15|7x2|11|14|15|14|7|14|7|6|11|10x2|1200;3200|8|12|13|11|6|12x2|9|8|6|10|8x3|7|4|14|12x2|8|6|9|13|15|13|8|3|7|13|6|13|15|12|14|5|7|12|43|7|14|11|6|13|1200;2000|8|10|8|6|11|14|34|2|5|6|8|13|15|14|8|14|10|15|10|3|9x2|30|12|6|13|6|11|8|9|8|9|10|12|5|7|5|15|11|6|7|3|15|2048;3200|8|5|9|12|15|26|8|5|8|12x2|11|10|18|7x2|15x2|3|15|11|46|6x2|11|13|7|12|2|14|7|13|14|13|6|8x2|14|13|7|8|6|10|2048;3200|8|12|10|13|9|7|13|7|22|10|17|10|11|14|12|11|13|11|10x2|13|15|11|9|10|9|4|10|5|24|8|6|14|15x2|13x2|12|15|6|45|22|6|1800,0|1|2x43,0x8,10,10,PASS,7.2149e-01,7.2149e-01,7.1038e-03,7.1038e-03,2.8419e-04,2.8419e-04
406,8,32,4,658,2000|8|12|14|9x2|12|14|13|14x2|11|15|6|14|11|15|13|12x2|13|14|8|14|4|7|15|12|10|2|5|7|39|11|7|13|9|20|11|9|12|10|12|14|6|13|14|11|13|7|44|11|6|5|4|15|12|9|7|6|13|9|12|13x2|10|5|15|8|9|6x2|5|6|7|6|14|10|6|10|8|10|8|10|5|9|5|12|5|9|5|9|6|9|12|9|7|11x2|5|8|11|8|6|12|3|10|15|10|12|7|14|7|11|9|6|13|6|10|6|13|7|15x2|6x2|15|3|13|15|11|8|9|14x2|13|11x2|6|13|8|13|7|11|15|8|5|14|9|12|8|6|14|10|6|7|9|5x3|6|10|7|6|5|14|5|10|5|13x2|4|12|5|12|15|12|15x2|9|4|13x2|12|26|5|13|9x3|7|11|6|30|9|2|12|9x3|10x2|15x2|10|8|5|9|15|13|14x2|12|9|12|28|13|11|12|7|6|8|3|11|13|14|5|21|12|7|46|5|13x2|15|12|4|7|14x2|11|13x2|7|24|6|8|11|9|15|8|11|7|13|9|15|37|36|5|14|6|34|5x2|9|11|8|7|8|7|14|12|14|3|8|3|14|13|8|15|9|4|12|9|11|8x2|11|13|6|4|7|10|6|4|40|10|7x2|10|8|11|7|10|11|15|2|12|14x2|9|15|9|6|12x2|9|13|8|11|12|14|9|4|14|15|8|7|14|15|5|15|9|6x2|12x2|8|15|6|14|7|14|13|8|15|14x2|40|11|9|12|7|15|6|15|12|8|6|14|12|5|13|9|14|9|12|7|15x2|5|6|12|8|11|7|48|9|28|13|14|13x2|12|9|6|14x2|7|9x2|12|7|9x2|4|9|15|14|5|6|9|11|7x2|11|5|6|5|12|6|13|5|15|13|15|4|8|9|2|9|13|7|13|8x2|13|2|13|14x2|39|8|14x2|12|9|12|3|7|4|7|6|10|11|15|7|6|7|5x2|46|13|8x2|6|3|9|7|10|11x2|15|14|48|6|12|15|11|6|13|4|14|9x2|10|7|12|29|45|29|9|5|9|12|8x2|5|15|9|4|13|37|10|12|48|7|6|9|12|5|8|6|7|13|5|2|9|26|8|23|14|12|7|9|15|9|12|14|46|8|9|8|6|11|14|12|6|12|7|6|12|5|15|10|9|15|9|13|6|11|5|15|12|5|7|13|11|15|11|13|15|5|8|15|12|10|13|5|10|5|14|5|6|2|9|13|6|9|6|2|7|11|9|14|6|7|12|9|10|9|5|11x2|8|15|6|12|49|8|11|15|6|10|15|12|10|12|5|9|13|12|9|13|7|9|14|5|11|17|11|41|10|11|9|5|14|8|14|45|15|13|11|7|3|5|14|7|14|12|6|9|6|5|7|14|7|11x2|5|7|13|14|15|22|10|15|18|7|8|7|9|3|8|12|13|5|1024;2000|8|5|14|12|14|15|6|7|14|10|9|15|14|8x2|7|8|12|11x2|15|12|9|2|10|7|11|15|10|14|11|15|6|10|5|40|7|6|12|15|5|12|15|5|12|14|12|13|9|18|12|7|6|7|9|10x2|14|10|12|14|7|40|11|12|13|14|15|14|9|14|5|14|13|15|13x2|5|11|8|14|8|7|5|14|7|15|11|14x2|13|14|15|10|6|5|13|11|10|11|12x2|10|7|14|7x2|38|46|10|9|6|14|13|7|6|7|10x2|5|15|5|12x2|8|6|5|41|7|11|8|7|13|8|12|11|7|8|14|10|8|13|6|5|13|7|5|3|15x2|13|9|14|10|15x2|3|5|6|20|6|9|14|7|13|11x2|6|5|9|2|14|7x2|15|13|9x2|8|12|14|7|3|7|10|3|13x2|9|8|10x3|12|15|12|7x2|5|13|8|14|11|10|14|9|5|6|10|8x2|9|13|5|8|11|10|11|8x2|6|9|7|6x2|10|14|13|14|7|13|16|12|11|14|34|8|7|3|2|27|13|12|6|12|4|22|15|8|7|13|12|5|14|7|14|4|15|6|7|12|40|13|15|14|6|11|15x2|9|10|9|10|7|15|9|13|5|6|12|8|10|7|8|24|10|9|6|11|13|15|13|11|10|6|14|7|14|8|5|10|5|15|10x2|13|15|11|7|13|11x2|10|14|7|5|40|12|10|15|16|9|13|12|15|13|14|43|15|14|15|8|14|5|3|15|7|27|12|14|12|13|6|14x2|10|11|4|12|9x2|6|10|11|14|15|7|15|3|12|11x2|8x2|14|12|5x2|6|10x2|6|15|13|8|11|13|6|12|5|11|8|9x2|26|24|31|14|5x2|14|8|5|9|5|10|11|10|7|10|13|34|9|12|8|10|31|8|12|7x2|11|15|3|9|6x2|12|6|9|31|8|7|11|15|2|22|14|7|19|6|12|5|13|19|5|6|5x2|13|3|11|15|10|3|13|11|15|8|10|8|10|11|13x2|15|14|8|11|6|9|12x2|7|6|13|12|5|9|2|15|12|47|15|4|5|15|8|15|13|2|10x2|7|4|5x2|6|5|13|6x2|50|5|15|6|14|10|15|11|12|13|2|15|9|10|7|14|13|15|7|15|5|15|12|9|13|6|13|14|3|10|14|12|2|13|10|12|15|4|11|6|9|14|12|8|10|32|15x2|14|7|10|12|9|10|12|9|13|7|11|14|11|10|9|10|14x2|15|4|5|9|11|7|8|12|8|14|15|14|5|3|10|12|13|4|8|6|9|13|10|14|9|4|6|31|13|14|6|9|14x2|2|11|7|6x2|13|10|9|10|7|6|26|5x2|8|19|8|6|5|14x2|7|12|11|8|9|14|2|13|5|13|7|15|6x2|8|12|13|11|6|13|12|9|13|6|7|12|5|7|15|19|5|13|12|43|32|8|23|7|9|13|7|13|9|1024;2000|8x2|4x2|5x2|14|9|14|13|8|9x2|8x2|50|6|10|11|8x2|15|12|7|9|8|12|7|13|5|4|15|13|10|15|11|10|41|14|7|24|8|7|10|6|12|4|13|8|38|15|5|6|8|13|8|5|8|12|6|12|6|5|10x2|15|9|10|5|12|6|4|11|4|6|12|10|7|9|15|5|14|13|9|6|13|15|11x2|9|14|6|8|14|7x2|9|15x2|5x2|13|12x2|15|12|5|15|5|6x2|10|7|9|15|10|12|15|10|5|13|12|5|14|43|9x2|12|7|5|9|8|12|9|8x2|12|15|29|12|5|7|44|11|15|13|6|9|6|9|11x2|13|14|5|12|8|18|13|7x2|13x2|5|8|13|7|9|14|12|7|8|14|5|14|12|11|7|9|13|9x4|12|14|12|11|9|35|13|6|5x2|13|9x3|8|6|15|7|14|5|13|5|12|7x2|11|15|9|7|15|28|7|15|14|6|13|11|8|6|12|9|12|9x2|5|7|14|6|15x3|8|14|15|6x2|13|6|7|10|15|9|12|8|12|9|15|13|11|49|11|15|5|14|11|7|14|13|15|7|41|4|6|5x2|7|14|6|8|10|14|10|8|7|11|12|14|5|10|12|5|15x2|12|3|6|14|11|5|6|15|14|2|11|35|14|13|5|15|14|8|9|14|6|7x2|9|10|35|14|9|15|6|11|12x2|6|5|10|11|9|11|12|9|6|9|13|14|8|12|7|9|3|5|2|15|8|5|7|9|12|15|7|10|15|12|9|10|9|5|12|3|8|12|14|12|11|5|12|3|6|3|5x2|8|15|10|5x2|9x2|7|15|2|5|13|6x2|14|11x2|9|13|19|8|9x2|6x2|11|7|8|6|10|8x2|14|13|12|10|11|7|15x2|14x2|5|15|10|11|10|6x2|14|15|25|7|5|15|8|3|8|9|11|12|7x3|11|7|14|10|12|15|10|13x2|14|11|13|9|10|15|8x2|2|13|14|8|15|14|11|9|5|13|15|6x2|12|10|31|8|32|7|15|13|12x2|11|5x2|14|11|6x2|7x2|15|12|5|7|9|6|9|5|12|37|9|10|7|11|15|7|46|6|5|11|14|13|15|14|30|14|11|10|7|6|21|14|8|10|5|12|13|44|40|11|6|8|14|7|10|6|9x2|12|43|10|11|14|5|10|9x2|5|10|11|6|11|6|13x2|11|12|7|5|12|15|12|11|15|12|8|15|11|6|12|11|5|14|6|8|13|11|13|2|9|7|11|10|14|15|10|7|10|12|8|14|9|13|10|6|7|15|10|13|5|8|11|14|11|14|11|4|9x2|7x2|14|15|12|11|6|13|5|6|9|7|18|8|14|13|8|6x2|12|11|5|14|7|8x2|12|15|10|5|14|13|10|12|5|6|13|5|14|11|14|13|8|15|10|11|14x2|9|15x2|8|10|15|9|5|2048;2000|8|9|8|6x2|9|12|14|7|8|9x2|3|9|15|6|14|10|46|11|12|10|11|7|8|2|12|8|9x2|8x3|15|6|11|6|8|9|6|11|15|10|6|4|6|8|12|6|9|11|8x2|10|6|8|12|11|5|4|5|15|9|8|13|12|8|6x2|8|5|14|9x3|11x2|5|15|8|13|11|12|7|6|12|5|6|15|7|24|10|9|14|5|8|5|12|11|14|10|19|7|11|12|9|15|5x2|9|5|12x2|2|12|11|9|10|8x2|12|34|14|2|6|5|13|8|5x2|2|8|5|8|14|11x2|10|14|6|11|14|10|5|23|5|15|7|6|5|14|9|10x3|12|9|10|7|10|6|10|12|8|4|13|15|6|12|14|8|12|7|9|2|7|11x2|8|15x2|13|9|5|12|13|11|10|12|14|15|24|5|11x2|10|9|14|9|8|9|10|11x2|8x2|13|15|8|15|6|25|15|6|7|6|15|6|5|14|12|11|12|20|15|5|12|2|6|12|7|13|15|8x2|10|13|5|12x2|9|13x2|9|6|5|15x2|10|12|10|9|4|5|7|13|6|14|13|12|11|9|11|49|15|10|14|10|6|4|15|11x2|6|3|11|9|15|11|8|10|15|11|15|21|15|8|6x2|13|15|11|5|2|11|12|8|10|12x2|5|11|14|15x2|12|14|6|14|13|12|13|8|14|7|15|11|2|10|13|6|10|4|11|10|3|8|6|7|9|6|7|10|12|43|15|14x2|10|14|5|2|15|5|6|21|8|15|13|9|14|12|15|9|15|11|13|29|3|12|5|10|9|14|8|42|23|6x2|11|6|12|15|6|8|9|14|15|9|34|10x3|15|10|6|11|7|5|12|13|14|15|6x2|4|5|12x2|9|10|13x2|7|10|3|2|7|15|13x2|14|11x2|3|9|2|11|6|13|15|14|13|12|14|10|12|9|12|14|9|14|10|9|11x2|9|11|15|6|5|13|14|13|5|13|7|15|10|8|10|13|7|5|15|7|8|11|3x2|10x2|4|8|11|12|5|8|15x2|11|7|11|5|15|30|11|13x2|11|12|10x3|8|11|10|9|11|13|7|49|5|7|6|7|11|5|3|7|6|3|12|7|12|13|7|8|11|6|5|11|25|9|13|14|6|15|31|13|8|5|13|6x2|10|5x2|15|10|9|13x3|12|7|10|14|7|5|6|10|9|15|11|5|9|13|14|8|14|8|14x2|7x2|9|11|13x2|7|14|7|5|9|5|8|13|7|14|15|13x2|11|12|13|14x2|8|7|15|11|12|13|6x2|14|7|6|10|7|13|10|7|4|6|8|6|15|11|6|11|49|9|22|12|8|32|15|12|11|7|5|14|5|8|15|5|15x2|13|14|12|10|14|13|3|12|6|12|6|15|6|9|13|2|14x2|2|3|2|14|15|4|11|13x2|6|8|6|9|15|8|3|5|15|1800,0|1|2x656,0x4,10,10,PASS,7.2051e-01,7.2051e-01,6.3453e-03,6.3453e-03,1.9812e-04,1.9812e-04
407,8,32,4,45,1600|8|11|7|6|10|15|6|5|13|7x2|11|15|6|9|5|9|10|13|8|10|11|8|14|6|3|14|8|12|6|10x2|7x2|10|5|12|9|10|6|14|8|5|1200;2400|8|7|13x2|7|14|9|47|2|9|7|21|12|11|14|9|4|14|5|10|14|12|4|13x2|9|6|15x2|12|14|12|10|39|8|4|13|11|9|11|5|10|8|1800;3200|8|15|11|12|5|14|15|12|14|10|15|5|7|4|8|9|10|7|10|6|14|13|12|5|14|13|11|41|12x2|10|15|7|15|11x2|13|12|5|14|5|8|11|2048;3200|8|14|12|15|13|7|16|15|8|14|15|9|14|12x2|6|24|5|29|9|5|12|5|4|29|7|13|31|12|5|7|14|9|11|5|6|14|7|5|49|6|5|14|1024,0|1|2x43,0x4,10,10,PASS,6.0433e-01,6.0433e-01,7.0495e-03,7.0495e-03,2.7810e-04,2.7810e-04
408,8,32,1,229,3200|8|13|7x2|11|15|14|6|8|13|3|10|14|2|13|8|11|5|7|12|15|13|7|14x2|13|11|9|7|11|9|8|10|13|10|4|2|13|5|15|37|21|11|8|10|13|12|9|11|12|7|5|7|14|9|13|7|6|2|15|9|11|13|19|24|9|7|9x2|5|10x2|36|5x2|11|13|7|42|15|6|14|5|15|11|7|4|7|10|11|9|8|13|5|14|19|15|12|11|10|9|46|6|7|5|12|31|8|2|11|15|10|11|6|4|9|15|14|5|10|9x2|15|8|9|12x2|6x2|13|8|14x2|13|11x2|13|26|10|9|3|9|15|14|7|5|12|14|5|15|5|8|12|9|11|6|3|10|12|5|12|15|12x2|5|14|11|13|8|12|11|41|9|6|15|3|7|12|10|13|11|13x2|6|22|9|8|5|2|4|6|14|10|6|10|7|11|12|8|3|14|3|7x3|34|14|8|7|6|9|15|13|7|6|13|19|10|12x2|6|13|15|2|7|6|11|1024,0|1|2x227,0,10,10,PASS,5.4737e-01,5.4737e-01,6.7454e-03,6.7454e-03,2.3683e-04,2.3683e-04
409,8,32,2,209,2000|8x2|6|11x2|2|13|6|22|12|13|6|15|14|7|14x2|6|8|15|14|6|13|11|45|12|7|2|4|3|8|5|10|15|32|9|11|13|10|6|11|15|10|28|11|10|13|6|12|9|8|12|9|14|9|7|5|13x3|7|8|6|7|6|5|6|15|7|22|6x3|8|13|11|8|7|11|14x2|7|5|11|8|6|8|11|12|7|15|8|15x2|9|13|8|2|8|9|12|15|9|15|11|13x2|6|11x2|7|10|13|6|7|11|9|5|8|11|6|5|12|6|15|24|11|8|6|15x2|13|11|14|12|11|10|13|14|6|7x2|14|11|13|4|11|15|11|9|8|6|10|14x2|6|7|8|14|6|8|13|11|3|2|6|14|5|14|5|4|6|10|14|12|15|10|3|8|9|14|5|10|8|10|5|11|8|2|13|6|9|14|8|11|8|15|5|14|10|21|9|14|13|46|12x2|1200;3200|8|15|9x2|8|5|15|12|13|9|6|9|8|6x2|10|9|12|5|13|9|14|9|49|13|11|12|5|8|12|13|47|12|7|11|15|9x2|5|15x2|8|10|19|9|6|13|30|14|10x3|8|11|10|5|9|4|9|10x2|14|10|6|14|12|7|12|13|14|11|16|11x2|4|15|6|13|9|14|8|12x2|5|9|11|10|11x2|15|6|15|11|12|15|9x2|14|12|9|14|12|15|9|15|6|5|8|12|9|15|11|12|10|15x2|21|12|7x2|14|9|37|14|15|2|12|6|14|15|12|50|6|8|12|8|13|15|14|12|4|5x2|9|11|12|11|9|2|8|39|6|8|12|5|2|7|9|11|13|4|30|6|27|12|7|12|6|14|15|5|8|11|13|10|13|6x2|8|15|11|13|7|13|12|5|10x2|49|12|11|7|8|5|12|11|10|6x2|11|12|14|13|9|15|13x2|1800,0|1|2x207,0x2,10,10,PASS,5.6684e-01,5.6684e-01,6.7631e-03,6.7631e-03,2.4588e-04,2.4588e-04
410,8,32,8,7,2000|8x2|15|10|14|1200;3200|8|12|15|44|7|1800;3200|8|4|12|9|12|1200;2400|8x2|14|15|9|1024;2000|8x2|15|5|15|1200;2400|8|10|5|11|13|2048;3200|8|13x2|5|13|2048;3200|8|5|11|7|5|1200,0|1|2x5,0x8,10,10,PASS,9.7132e-01,9.7132e-01,7.1224e-03,7.1224e-03,2.8559e-04,2.8559e-04
411,8,32,4,142,3200|8|2|49|6x2|12|7|3|13|12|15|14|40|10|6|8|33|9|15|14|12|14|42|13|15|9|10|14|6|9|5|11|13|12|13|7|15x2|5|13|9|12|7|12|6|15|13|4|9x3|10x2|6|12|14|12|8|13|10|5|13|10|14|11|10|7|11|9|11|14|12|10x2|6|8x2|12|15|32|40|6|3|13|11|5x2|3|13|6|10|15|9|6|15|11|7x2|8|14|13|14|5|12|5|6|9|5|4|12|13|5|14|9|11|9|13|15|5|10|14|8|9|14|15|6|39|12|8|10|35|15|10|6|14|13|7|12|10|5|1024;2000|8|11|6|9|8|7|11|14|50|9|13|10|4|11|10|14|10|14x2|12x2|8|13|6|47|5x2|15|11|12|6|13|10|8|11|14|6|7|11|15x2|12|5|7|14|15|9|10|7|8|11|8|5|6|3|6|8|48x2|9|13|10|13|7|38|7|12|5|8|14|18|8|9|8|11|15|8|6|8x2|15|8|13|14|12|4|11|5|12|11|10|15|5|13|12|8|9|11|15|10|15|11|3|10|9|6|9|19|9|43|15|6|8|5|11|3|12x2|11|47|10|12|2|11|13x2|5|12|9|11x2|12|15|9|14|10|15|5|12|5|1024;1600|8|15|5|8|15|5|12|7|13x2|14|5|10|14|5|42|11|14|7|15|9|12|11|10|15|17|5x2|14|6|13|15|11|45|11|8|12|5|12|11x2|14|36|10|2|13|29|15x2|5|10|6|13|3|2|6|15|6|7|12|6x2|8|5|15|8|3|13|6|7|11x2|7|11|9x2|6|14|23|15|6|15x2|13|7|11|7|11|12|7|9|12|9|2|13x2|10|8|9|6|11|7|14|11|9|12|8|9|10|15|13|18|19|5x2|15|8|10|5|10|6|15x2|11|7|3|7|13|11|10|9|11|7|10|9|12|13|15|14|5|2048;3200|8x2|9|8|25|9|30|9|10|8|7|15|6|13|14|8|7|9|12|13|17|9|14|5|11|5|14|12|9|5|9|3|15|12|13|11|13|4|10|8|4|43|3|6|10x4|6|36|10|8|5|12|9|7|14x2|11|8|9|13|11x2|10|15|6|7|10|3|5x3|49|14|12|10x2|12x2|9|10|11|8|6|13|7|6|22|32|5|10|9|8|26|5|13x2|15|6x3|10|9|13|6|8|9|14|5|15|9|8x2|3|12|9|11|4|8x2|9|7|9|11|19|34|13|11|12|8x2|15x2|6|10x2|15|9|5|2048,0|1|2x140,0x4,10,10,PASS,7.7169e-01,7.7169e-01,6.8653e-03,6.8653e-03,2.5708e-04,2.5708e-04
412,8,32,1,12,1600|8|11|10|12|5|11x3|7x2|1200,0|1|2x10,0,10,10,PASS,5.2821e-01,5.2821e-01,7.4548e-03,7.4548e-03,3.3924e-04,3.3924e-04
413,8,32,8,301,2400|8|13|11|29|13|5|10|15|10|8|7x2|15|14|7|15|8|11|8|12|14|8|13|5|14|13|6|15|12|17|23|11|12|8|14x3|9|12x2|15|16|5|13|5|12|6|5|6|14|12|14|7|13|11|14x2|13|11x2|13|11|47|48|9|13|14|4|8|13x2|11|12|6|10|9|15|14|13|10|36|15|11|13|5|11|15|9|11|41|8|7|13|11|25|15|9|14|11|12|11|13|14|13|11|6|13|9x2|5|9|15x2|7|11|15|7|24|13x2|6|10|5|11|3|13|11|5|7|9|13|4|8|9x2|10|43|10|23|5|37|14|13|6|3|5|14|5|13|12|5|9|5|6|13|10|6|24|13|5|9|13|5|31|7|4|9x2|8|13x2|12x2|30|8|14x2|40|14x2|13|5|10|15|6|15|10|5|14|11|40|11|14|11|6|11|14|5|6|8|9|14|5|8|5|10|11|13|7|11|10|6|9|7x2|11x2|6|12x2|8|6|4|12|11|15|9|12|8|11|5|9|13x2|10|7|8|7x2|12|5|6|7|6|14|2|9|6|16|10|11|6|13|50|10|13|9|5x2|13|8|13|5|11|15|12|4|6|11|15|5|7|10|6|12|20|3|9x2|8|14|10|14|11|5x2|11|8|11|15|2|6|11|6|10|5|14|3|13|2048;2400|8|7|6|41|8|12|5|15|42|5|6|7|8x2|14|10|8|13|12|5|8|10|12|7|12|8|12|5|6|13|14|13x2|8|15|7|8|12|11|10|7|11|5|14|12|5|41|12|13|8|40|5|3|7|5|6|9|8x2|6x2|4|15|8|7|5|9|7|9|34|7|11|5|14|5|14|8x3|15|13|9|14|9|14|13|7|10|8|20|5|6|4|11|14|15|8|7|4|8|12|8|11|7|12x2|15|7x2|3|7|44|10x2|6|13|7|8|5x2|8|12|7|15|8|11|8|13|12x2|14|11|8|14|12|11|44|6|15|11|14|12x2|4|7|8|11|9|7|12|13|6|4|15|13|11x2|13|10|7|15|5x2|14x2|13|6|7x2|5|41|6|15|13|9|10|7x2|12|15|4|15|14|8|14|25|9|6|5|8|5|13|15|5|15|37|13|10|26|13|15|13|8|13|8|4|8|12|11|30|11|14|5|11|13|2|5|13|15|6|9|11|12|50|6|9|42|8x2|7|15|11|12|11|14|15|8|14|10|5|3|14|3|5|15|3|14|8|5|13|2|11|14x2|6x2|11|10|6|11|14|15|5|6|12|30|14|11|15|10|9|5|9|13|14|13|9|6|8|9x2|8|5|10x2|8|4|6|14x2|11|12|13|9|7|10|14|15|5|2048;3200|8|9|5x2|13|8|10|8x2|5|13|11|33|8|5|6|14|11|12|10|12|45|13|9|11|6|10|14|11|15|7|4|6|7|8|9|15|11|13|10|13|5|18|12|13|8|12|11|6|15|14|7|12|9|5|15|6|8|19|11|13|31|14|2|7|10|7|11|13|6|15|6x2|7x2|29|8|7|13|10|43|8|40|7|10|12|14|15|7|12x2|3|11|7|14|27|14|12x3|11|6|10|3|9|7|9|10|9|6|5|11x2|9|6|14|5|15|8|12|10x2|7|48|9|5|9|26|10|15|3|8|23|5|4|10|8|6x2|13|10x2|5|9|11|10|29|14|5|7x2|15|7|11|8|12|5x2|13|5|15|6|9x2|8|45|5|15|13|11|5|3|14|12|13|7|8|10|6|8|7|13|8x2|14|8|15|9|11|13|14x2|8|14|6|15|9|13|11|31|9|14|7x2|14|8|11|14|5x2|6|7|13|11x2|4|10|11|10x2|7|12|15|9|14|6|9|15x2|10|5|9|32|6|7|11|10|7|14|15x3|9|8|11|5|7|13|8|12|3|13|11|6|9|8|15|13|6|29|11|14|5|7|3|12|9|6|4|9|15|10|8|14|9x2|12|11|6|15|12|5|11|10|13|11|13|5|15|12|27|13|38|5|11|12|9|2|5|1024;1600|8|9|14|6|11|8|5|13|6|7|10|13|10|6|14|12|6|10|9|15|6|13|7|14|13|7|5|13|7|15|2|5|13x2|10|9|10|13|10|8|9|6|9x2|2|13|8|12|6|12|11|22|8|13|12|13|3|10|7|15|11|12|10|8|4|5|12|7|6|12x2|4|8x3|13|7|10|28|9|5|11|8|14|17|11|12|10|12|7|11x3|12|11|5|13|10x2|12|6|7|14|15|19|8|2|3|15|5|14|5|14|13|10|15|8|10|12|13|15|10|8|9|11|15|21|12|8|9|11|6|25|2|6|14|7|13|2|13|7|5|4|14|9|7|14|10|14|11|15|7|6|15|13|5|10|6|5|7|8|5|11|13|5|13|5|9x2|8x2|6|37|13|14|46|13x2|10|13|12|6|7x2|10x2|7|9|13|6|10|14|13|11x4|10|12|35|13|12|14|15|12|13|15|12|10|13|15x2|8|5|8x2|15|13|10|7|10|9|6|9|7|8|15|7|6|10|29|12|5|6|10|24|28|13|8|15|9|14|13|3|14|21|8|11|12|7|9|14|8|13|11|13|9|6|15|7|4|10x2|11|2|10|8|15|14|15|9|12|6|7|14|8|6|7|14|10|5|13|11|15|9|3|19|8|13x2|14|13|5|11|8|11|12|8|15|1200;2400|8|3|14|8|9|15|36|14|38|12|2|13|6|11|12|10|15|14|5|7|2|7|6|9x2|10|11|7|12|5|4|6|17|10|9|10|14|8|10|9|11|7|14|12|8|10|6|12x2|9|8|12|8|14|36|12|14|13|12|15|14|5|8|12|6|10|47|15|9|7|15|11|12x2|3|5|6|7|11|5|11|4|5|13x2|2|6x2|14|8|12|5|12|10|6x2|12|5|6|9|11|8|7|5|7|6|12|6|11|8|12|7|14|5|11|8|10|13x3|9|14x2|9|13|8|13|7|6|8|6|12|7|10|6|11|10x2|11|3|5|6|13|11|13|4|13|14|13|29|10x2|11x2|3|12|15|11|14|18|13|6|3|7|9|5|11|15|14|15|13|11|15|12x2|15|5|7|5|10|14x2|3|5x2|11|12|11|15|6|44|13|10|5x2|7|8|11|4|7|6|14|5|13|15|45|11|14|2|15|14|6|9|11|14|6|8|13|10|9|13|6|14|8|4|14|8|15|9|2|15|6|13|12x2|5x3|7|11|15|7|9|15|6|7|13|6|2|6|10|6x2|15|11|14|8|12|15|6|7|9|6|9|15|6|15|9|2|9|14|13|4|13|14|11|6|9|5|3|14|8|9|6|7|8|15|9|25|13|5|6|13|5|14|6|45|9|11|2048;3200|8|15x2|8|9|11|8|11|14|15|6|3|13|14|6|9|11|15|10|12|7|6|14x2|10|12|9|21|13|9|4|5|3|12|6|11|6x2|3|6|13|5|10|8|13|11|14|7|8|14|7|11|6|11|10|9|8|6|5|12|7|15|10|9|10|9|8|13|15|9x2|7|4|14|12|8|5|15|13|8|11|13|14|5|11|13|8|13|38|15|13x2|11|8|15|10|13|7|8|13|12|35|14|15|5|15|5|15|12|11|8x2|13|12|4|10|15|14|9|8|15|5|10|14x2|12|11|5|6x2|14|4|15|6|11|13|10|13|14|5|13|7|6|7|10|15|14|9|7|6|5|9|6|5x2|6|44|12|10|9|11x2|14|12x2|14|6|10|9|11x2|8|11|14|13|12x2|14x2|6|10|14|10|9|8|2|6|8|6|7|9|8|12|9|8|10|8|6|9|7|9|6|8|13|10x2|12|8|9|11|2x2|15|6|10|6|11|10x2|5|14x2|33|8|5|6|8|6|12|49|7|9|4|11|14|7|5|15x2|12|11|5|15x2|7|10|15|5|9|10|2|13|2|11|7|15x3|8|10|15|6|32|9x3|14|5|10|6|4|11|7|11|8|7|5|8|6|5|7|5|10|33|8|5|12|14|15|9|44|12|8|5x2|8|7|8|5|1024;2400|8|11|2|12|9|12|8|2|5|6|8|9x2|8|6|32|10|6|8|6|11|7|6|11|14|15|10|14|9|5|2|7|15|6|8|12|14|5x2|15|10|13|10|8|26|14x3|7|11|12|11|8x2|15|10|7|34|14|5|8|14|10x3|5|15|7|5|14|21|12|7|12|8|5|9|12|6|14|2|13|2|12|6|11|13|11|13|8x2|6|5|10|7|12|3|9|13|10|12|2|15|10|13|15|11|10|8|9|13|5x2|2|7x2|8x2|13|10|14|6|12|14|13|14|12|22|13x2|7|11|12|15|9|12|6|7|10|11x2|5|9|12|5|13|12|14|13|8|12|7|13|10|9|11|2|13|12|2x3|8|13|7|12x2|40|2|12|10|3|8|6|43|7|11|13|9|22|15|10|6|9x2|45|30|15x2|10|9|14|2|4|5|13|6|12|14|8x3|6|10|6|14x4|5|11|12|5|14|12|9|8x2|10|12|45|14|4|2|6|14|29|12|14|6|10|7|11|14|6|7|10|15|12|15|11|6|7|6|12|11x2|13|12|10|38|5|8x3|9|26|7|9|14|13|5x2|13|15|8|6|5|9|5|15x2|9|35|10|7|9|11|13|6|32|13|10x2|7|14|18|10|6|15|6x2|5|15|9|7x2|13|7|1800;2000|8x2|12|11|4|5|9|14x2|13|6|13|9|5|3|6|13|9|6|10|15|13|14x2|10|14|13|8|6|14|12|11|10|7|13|47|2|7|12|9|4|12|14|43|5|10|7|5|12|2|5|14|7x2|12|8|7x2|5|15|8|6|12|3|8|15|12|9|11x2|3|12|7|12|10|12|13|14|6x2|8|6|14|7|8|13|29|9|8|13|14|11|7|5|10|11x2|10x2|14x2|15|9|5|11|14|8|5|9|10|15|12|14|8x2|41|13x3|14|2|13|15|5|15|11|15|8|10x2|8|9|7|9|6|8|14|13|6|7|9|8|13|7|9|5|8|9|36|6|7|9|15|12|14|15|10|14|10|12|18|5|3|13|8|6|10x2|11|9|12|6|9|6|5|8|15|7|6|11|7|14|6|8x2|10|5|13|10|8|5|8|7|5|10|12|7x2|13|14|7|11|5|15x2|9x2|11|6|16|4|8|4|12|14|11|8|7|10|9x3|15|10|37|6|9|6|13|7|13|9|7|13|2|10|49|13|12|8|13|5|11|9|8|15|11|5|9|31|13|12|5x2|14|13|12|14|11|15x2|7|12x2|6|8|12|6|7x2|8|10|8|12|11|6|8|12|9|15|12|6|4|14|8|12|2|8|5|13|14|10x2|12|14|37|50|14|2|1200,0|1|2x299,0x8,10,10,PASS,7.3573e-01,7.3573e-01,6.7032e-03,6.7032e-03,2.3309e-04,2.3309e-04
414,8,32,2,34,2400|8|14|13x2|6|7|11|13|9|13|6|9|11|10|8|7|10|8|3|8|13|10|6|15|12|5|11|6|14|7|14x2|1800;2000|8|7|14|9|11|13x2|4|5|14|15|10|12|14x2|6|15|30|6|12|7x2|5|15|7|10|14|12|13|12|15|12|2048,0|1|2x32,0x2,10,10,PASS,8.5128e-01,8.5128e-01,7.1290e-03,7.1290e-03,2.8293e-04,2.8293e-04
415,8,32,2,380,2400|8|10|13|15|5|15|6|4|7|48|13|14|13|14|5|12|6|15|12|7|8|22|13|15|14|6|10|7|5|31|9|12|42|10|8x2|12|13|9|6|9|5|8|15|13|9|8|12|10|25|9|7|5x2|6|15|14|4|5|48|12|7|8|14|8|9|6|14|5|14|6|12|8|5|10x2|13|9|14|12|13|11|10|14|11x2|6|11|6|11|3|9|10|3|45|13|15|9|14|10|6|11|7|14|15x2|7|12|10|30|6|10|11|10|6x2|11|2|11|6|14|7|11|2|15x2|13|11|15|12x3|4|9|13|7|2|11|13|5|15|12|7|8|12|5|13|9|14|11|7|12|11|15|6|12|13|12|9x2|12|4|9|10|14|12x2|9|12x2|15|6|12|9|15|14x2|13|2|15|14|11|13|9|12|13|6|10|11|9|15|9|14|15|9|2|15|14|11|14|5|16|10|12|10x2|9|46|3|14|11|13|7|6|14|5x2|12|5|9|13x2|5|12|7|8|9|4|8|6|15|6|12|2|5|12|11x2|9|43|5x2|9|15x2|10|9|7|6|9|7x3|11|22|10|12|13|10|8|35|9|10|14|6|4|7|15|7|14|15|14|6|11|2|6|8|15|7x3|10|13|6x3|43|5x3|12|10x2|8|7x2|12x2|8|5|7x2|15|7|9|5|13|4|6|14|10|15|8|12|35|15x2|2|15|13|12|13|15|7|2|14|5|15|14|4|5x2|16|3|15|10x2|9|6|8|4|5|36|14x2|6|11|5|9|3|15|7|14|11|8|6|41|9|11|14|13|6|9|11|8|12|10|5|3|8|14|5|21|10|14|8|9|13|1024;2000|8|3|13|6|42|5|48|14|4|33|9x2|5|11|5|7|5|11|9|8|6x2|15|6|15|4|8|9|14|13|7|15|8|9x2|13|14|15|10x2|11|8|12|5|10|8|11|13|15|2|8|9|15|6|10|9x2|12|7x2|5|14|8|12|9|14|6|15|8|6|9|3|14|12|14|45|8|50|15|7|12|14|13|12x3|9|2|5|14|15|6|10x2|8|11|10|13|3|6|8|7|5|14|2|8|5|8|14|9|4|6|36|8|13|6|8|15|8|11|7|14|6|7|15|12|11x2|3|8|5|13|12x2|5|11|12|7|5|14|13|6|10|20|2|10|4|9|5|12|5|15|14|8|7|14|7|12|6|5|12|5|13|10|14|11|15|11|5|6|5|6|8|4|5|9|41|15|3|5|7|9|2|10|7|9|6|9|3|15|12|8|10|15|12|11x2|13|15|5|6x2|8|7|14|11|12|13|6|8|12|6|4|11|8|9|6|11|7|5|8|14|15|12|9|12|4|8|5|10|9|6|9|15|7|5|7|5|14|8|15|13x2|11|13|17|6|14|9x2|5|15x2|22|14|5|2|15|35|15|12x3|7x2|9x2|4|8|13|9|11|14|9x2|6|24|10|11|8|2|12|5|8|13|12|6|10|9|10|7|5|12|11|14|9|7x2|11|10|14|8|10x2|27|11|15x2|5|10|5|13|10|4|9|13x2|7|5|10|11|7|10|11|44|7|11|13|7|13|10|24|15|6|15|10|12|13|2|9|8|13|15|5|6|8|24|6|12|8|20|5|13|10|9|13|7|9|6|3|5|14|13|9|10|6|14|12|9|10|45|13|12|13|14|12|5|10|2048,0|1|2x378,0x2,10,10,PASS,7.0766e-01,7.0766e-01,6.5896e-03,6.5896e-03,2.2436e-04,2.2436e-04
416,8,32,2,51,3200|8|5|13|12|10|11|14|5|9|10|11|12|31|15|10|11|9|12|6|5|14x2|10|6|13|3|10|14|15|12|25|12x2|15|6|13|14|5|13|15|3|7x2|12|13|14|6|9|6|1800;2000|8|13|9|7|6|11|13|5|8|6|10|8|12|2x2|32|8|7|15|14x2|8|6|10|5|13x2|10|11|2|14|3|5|10|15|14|13x2|14|9|11|14|8|5|13|8|11|40|7|1800,0|1|2x49,0x2,10,10,PASS,6.5458e-01,6.5458e-01,7.0606e-03,7.0606e-03,2.6984e-04,2.6984e-04
417,8,32,2,10,3200|8|7|12|7|8|5|3|12|1200;3200|8|2|11|6|7|8|2|3|2048,0|1|2x8,0x2,10,10,PASS,6.8189e-01,6.8189e-01,7.1056e-03,7.1056e-03,2.7024e-04,2.7024e-04
418,8,32,2,16,3200|8|15|8|3|5|12|47|13|12|15|4|5x2|7|1800;2400|8|10|11|6|5|12|15|9|7|5|15|13|12|8|2048,0|1|2x14,0x2,10,10,PASS,6.8706e-01,6.8706e-01,7.0971e-03,7.0971e-03,2.7331e-04,2.7331e-04
419,8,32,2,14,2400|8|7|8|5|10|11|7|12|14|37|8|11|2048;2000|8|4|14|8|6|11|14|18|9|14|6|11|1800,0|1|2x12,0x2,10,10,PASS,6.7532e-01,6.7532e-01,7.2612e-03,7.2612e-03,2.8824e-04,2.8824e-04
420,8,32,4,147,3200|8x2|40|14|4|6|7|4|7|12|10|32|11|8|11|15|45|5|11|5|9|5x2|14|7|14|5|12|2|11|14|7|10|8|12x2|6x3|10x2|15|7|14|6x2|2|9|3|13x2|6|9|15|3|6|14|15|9|6|9x2|10|9|13x2|15|6|20|7|2|4|25|14|13|7|4|5|6|5|10|13|14|26|11|12|7|12|13|23|6|7|14|8|12|6|13|8|7|11|13|14|33|6|11|5|13x2|8|10|34|10|13|11|10|8x2|5|12|5|8x2|10|8|46|7x2|9|4|8|15|11|9|10|6|5x2|12|10|15x2|34|14|6|9|2048;2000|8|14|11|9|40|11|13|11|48|9|6|11x2|10|11|9|7|9|13|10|6|38|11|10|15|48|3|7x2|12|15|8|11|5x2|12|9|10|12|13|14|5|15|7|5|15x3|12|10|6|12|29|8|10|8|12|6|9|6|11|6x2|12|5|15|6|9|14|9|15|8|9|10|11|14|13|11|7x2|6|5|6|10|9x2|12|3|7|3|10|14|15x3|11|13|7|15|10|9|11|8|12x2|15|14|29|10|8|7|11|47|13|15|7|8|14|10|8|5|10|5|9|12|45|7|10|11|14|12|14|5|8|5|9|6|11|8|6|11|8|13|14|7|2048;3200|8|12|10|13|17|7|11|2|9|11|7|5|13|6|11|8|11|6x2|11|7|8|11|10|5|15|12|13|11|10|14|11|13|6|13|10|14|9|8|11|15|7|13|8|14|15|21|6|11|12|15|14|9|7|4|3|10x2|2|7|10|12|13|2|9|8|5|10|9|7|13|7|8|2|13x2|7|13|10|4|3|6|14|15|7|15|14|11|14|11|2|7|11|15|7|12|46|11|9x2|5|9|5|9|13x2|10|9|7|9|6|14|8|11|12|6|10|12|15|13|5|7|11|5|11|12|10|5|9|5|15|4|12|13x3|4|9|46|15|7|8x2|14x2|1200;3200|8x2|2|11|9|8|9|11|5|6|15|5x2|8x2|14|13|15|8|5|8|9|2|8|14|11|7|5|6|7|12|10|29|11|9x2|15|6|9|13|9|5|8|2|5|9|14|4|14|11|7|15x3|14|11|5|12x2|7|13|10|8|14|9|3|10|15|9x2|10|9|14|13|9|14|7|5|9|13|15|14|6|8|15|9|8|15|9|2|11|5|11|9|5|11|3|15|13|8|15|5|10|22|14|6x2|9|6|38|2|25|3|6|10|11x2|3|11|6|7|11|2|3|6|7|14|13|12|5|9|7|12|7|10|49|15|14|7|10|14|15|3|14|12|1800,0|1|2x145,0x4,10,10,PASS,8.8752e-01,8.8752e-01,6.8018e-03,6.8018e-03,2.4729e-04,2.4729e-04
421,8,32,4,25,2000|8|5|2|6|11|9|10|12|4|10|11x2|8x2|13|15|9|7|8|13|14|10|9|1800;2000|8|39|7|12|6|12|39|11|7|13|31|9|8|11|10|11|13|10|5x2|6|12|5|1024;2000|8|12|10|11|13|9|7|14|7|15|3|11|6|9|14|6|15|13x2|11|6|8|10|1800;2000|8x2|14|6|10|14|13|23|14|5|13|15|14|9|12|8|5|3|12|8|5|6|14|2048,0|1|2x23,0x4,10,10,PASS,8.4285e-01,8.4285e-01,7.2689e-03,7.2689e-03,2.9780e-04,2.9780e-04
422,8,32,8,14,1600|8|9|6|13|8|9|14|10|13|9x2|12|1800;3200|8|7|6|9|12|6|7|11|13x2|15|13|1024;3200|8|6|3|6|5|15|9|40|14|12|10|9|1024;1600|8x2|41|7|13|9x2|10|5|12|13|10|1200;3200|8|15|12|5|8|12|6|9|8|15|10|6|1800;2000|8|14|5|11|14|10|15|19|25|3|5|13|1800;2400|8|15|8|10x2|13|3|5|12|3|12x2|1800;3200|8|5|7|5|14|8|12x2|14|7|11|12|1024,0|1|2x12,0x8,10,10,PASS,1.0467e+00,1.0467e+00,7.1498e-03,7.1498e-03,2.9160e-04,2.9160e-04
423,8,32,4,34,2000|8x2|14|15|13|6|14|22|5|9|35|5|7|13x2|14|4|8|4|10|37|7|32|6|12|6|9|6|12|7|15|11|1200;2400|8|6|13|7|5|6|15|9|6|13|3|4|5|12|37|8|7|6|10|15x2|8|6|8|6|5|32|13|43|8x2|15|1024;2400|8|9|15|5|11|7|6|11|41|9|10|15|13|9|12|13|10|30|14|6|12|10|11|9|14|8|14|11|8|7|9|12|1024;2400|8|11|14|12|14|10|13|8|5|11|5|7|10|17|12|15|9x2|6|3|12|8|7|10|14|12|15|6|7|6|5|8|1200,0|1|2x32,0x4,10,10,PASS,6.1264e-01,6.1264e-01,7.2411e-03,7.2411e-03,2.9845e-04,2.9845e-04
424,8,32,2,67,1600|8|15|6|15|11x2|10|6|7|8|9|10|8x2|18|15|43|13x3|15|9|6|9|6|13x2|15|9|5|13|5|10|2|10|9|15|13|5|14|5|15|7|6|9|5|43|10x2|44|6|26|12|13|3|13|15|14|8|11|10|11|9|14|10|1800;3200|8|7x2|5|6|12|14|8|13x2|47|10|5|8|5|15|5|12|11|13|8x4|10|9|8|10|17|9|11|5|2|3|10|15|5|14|5|6|8|13|4|14|15|11|10|9|13|14|5|15|9|11|46|2|14|21|8|2|7|13x2|6|11|1800,0|1|2x65,0x2,10,10,PASS,5.3685e-01,5.3685e-01,7.0138e-03,7.0138e-03,2.7107e-04,2.7107e-04
425,8,32,4,207,2000|8|13|10|5|3|5|6|13|8|4|5|14|7|5|15|6|7|14|6|14|9|11|13|15|10|11|7|14x2|5|7|10|14|15|10|11|10|6|5|11|5|15|13x2|10|13|9|12|32|14|15|12|13|6|15|10|13x2|11|10|5|8x2|15|11|12x2|8|13x2|9|7|14|6|8|13|12|13|12|8|6|11|10|11|12|10|14x2|12|9|6|10|8|5|14|11|13x2|14|13x2|9|10x2|11|3|15|12|7|9|7|6|7|9|11|9|12|15|10|7|11|6|11|9|10|4|14|7|5|8|12|37|15|7|10|5|13x2|9|2|8|13|12|15|10|11|12|7|5|7|9x2|10|5|10|12|10|11|9|7|13|15|6|11|8|6|9|15|11|10|8x2|6|12|6|13|9x2|10|5|15|7|14x2|7|4|12|5|11|15|9|41|15|14|12|6|15|5|3|15|10|13x2|10x2|1800;2000|8|4|10|15|9|15|7|5|10x2|7|13|15|10x2|8|10|11|5|7|9|8x2|15|14|10|9|5x2|14|15x2|12|5|12|7|13|11|7|8x2|12|10|5|10|6|8|11|15|5|13|9|6|5x2|7x2|15|20|14|4|15|20|5|9|39|10|15|11|10|3|6|12|8|9|13|12|4|12|11|39|13|14|11|12|6|5x3|10|8|13|7x2|14|5|11x2|6|7|14|5|9|8|6|9|5|6|5|11|10|12|13|4|5|9|12|6|11|50|8|9|12|7|14|8|5|8|12|2|9|4|16|5|13|10|7x2|15x2|13|7|11|7|2|15|8|9|7|14|12|13x2|5|9|14|13|7|11|10|14|9|12|15|6|14|6|10|7|5|15x2|12|8|12|15|11|8|6|5|10|14x2|8|12|6|15|5x2|13|5|11|7|6x2|9|10|8|6|13|10|7|11|5|7|2048;2400|8|12|13|5|13|12|7|14|19|6|7|15|10|11|12|13|6|13|14|8|9|14x2|15x2|10|6|13|14|6|2|15|8|10|20|9|6|13|9|5|8|14|9|7|15|10|11|5|7|4|3|14x2|5|7|6|11|14|15|26|9|7x3|6|26|10|15|4|10|14|15|12|10|8|7|10|7x2|5|8|7|13|14|5|12|6|11|14|5|13|11|5|10|4|11|5|9x2|6|14|12|13x2|14|12|7|11|7|5|8|14|7|8|5|50|9|10|15|5|13|5|10|13|5|8|12|13|3|6|10|45|40|7|6|14|9|14|26|13|12|6|11|6|5x3|9|11|10|9|11|13|11|4|14|11|12|15|13|23|14|9|12|11|8|14|5|46|14|12x2|10|13|14|8|10|7|2|10|9|11|8|14|12|6x2|20|7|14|37|7|13x2|14|7|8|7|9|10|11|25|10|31|26|1024;2400|8|15|12|8|10|15|13|9|8|12|5|15x2|12|6|14|12|10|6|5|11x2|8x2|6|8|10|12|13|12|6|14x2|8|13|10|6|9|6|8x2|3|15|14|2|13x2|12|14|15|14|8|15|6x2|9|7|14|7|9|6|7|11|5|8|14|11|5|14|9|11|8|14|10|14|8x2|10|8|3|10|2|14|10|11|8x2|14|15|13|6|3|12|15|13|24|9|12|6|14|6|13|10|13|5|15|7|9|5|7|6|14|5|13|15|12|9|13|7|9|14|7|5|6|8x2|6|11|5|14|5|9|10|20|11|9|10|33|10|15|14|10|11|14|6|7|6|8|9|6|14x2|15|14|8|11|8|5|12x2|9|11|6|10|5|14|10|9|8|6|5|14|2|7|9|12|15|14|13|7|13|15|9|33|12|10|3|11x2|13|7|14|8|9|14|10x2|7|4|15|5|9x2|15|9|1800,0|1|2x205,0x4,10,10,PASS,8.7517e-01,8.7517e-01,6.8738e-03,6.8738e-03,2.5011e-04,2.5011e-04
426,8,32,1,49,2000|8|13|4|13|7|6|5|20|6|12|11|12|14|12|6|47|11|10|14|9|6|14|9|13x2|7x2|13|5|11|7|39|14|3|13|7|3|15x2|6|5x2|12|11x2|15|8|1800,0|1|2x47,0,10,10,PASS,6.1745e-01,6.1745e-01,7.0608e-03,7.0608e-03,2.8283e-04,2.8283e-04
427,8,32,4,376,1600|8|9|7|6|13|14|9|3|13x2|15|7|5|22|9|7x2|5|7|15|10|8|10|14|7|12|11|9|13|15|11|12|8|11|7|2|15|6|11|13|22|7x2|9|13|11|14|12|10|13|7|8|9|14|10|11x2|9|13|14|7|5x2|42|8|7|48|6x2|12|10|4|5|9|34|10|2|9|13|7|13|11|15x2|6|10|13|14|10|15|8|5|6|14|7|6|9|7|10|12|2|14|5|11|6|8|15x2|42|10|7|6|13|5|10|8|5|11|9|15x2|4|8|7|8|11|10|7|10|12|14|5|11|10|15|8|15|12|15|14|11x2|12|14|10|7|12|15|29|11|4|11|29|10|11|10|12|9x2|13|9|3|10|13|39|35|15|18|11|2|12|13|14x2|12x2|6|7|8|11x2|15x2|2|13|5|8|10|5|8|11|12|10|12|4|6|14|15|12x2|15|14|11|22|2|13|11|7|12|8|7|9|11|15|7|15|7|3|33|5|13|14|12|10|5x2|8x3|7|3|14|13|22|15|13|12|13|11|10|2|13|15|9|11|10|12|5|11|8|15|8|13|11|8|40|20|5|12x2|11|9|11|14|9x2|12|15|3|9|8|9|13|5|8|6|11|14|13|12|3|7|13|15x2|6|13|14|15|36|15x2|10x2|14|47|15|9|7|15|5|7|8|14x2|9|12|2|9|7|8x2|14|10|13|21|10|8|12|9|10|14|6|30|10|9|4|6|9|10|6|7x2|8|5|6|13|8|13|5|13|5|12|5|6|4|3|5|49|10|9|11|14|15|14|12|7|4|6x2|2|6|29|12|5|42|13|5|14|15|11x2|9x2|1024;1600|8x2|34|13|15|14|5x2|13|12|6|8|14|9|7|14|12x2|5|15|10|9|7|12|11|13|2|10|14x2|5|13|14|6|5|10|3|11|14|13|6|14|10|8|9|15|7|13|8|7|14|10|15|12|9|11|12|6|13|12|14|9|2|5|41|17|6|12|10|12|15x2|5|10|12|8|13|5|9|5|14|8|38|14x2|12|7|15|9|12|8|10|13|7x2|13|5|46|11|8|9|14x3|9|6|5|12|26|7|14|11|25|14|10|40|4|10|14|6x2|7|9|2|11|5|8|11|14|9|11|12|11|15|5|14|11|8|13|6|5x4|11|8|7|27|6|8|13|6|13|11|9|4|32|11|12|11|7|9|37|8x2|9|13|15|5|12|8|12|4|13|2|7|10|11|4|9x2|7|10|11|13|10|11|15|8|3|15|7x2|10|5|14|12|14|6x3|8|13|8x2|15|35|8|10|14|7|6|9|5|11|8|5|7x3|2|9|12|13|12|11|9|13|4|8|5|7|13|2|10|9|11x2|13|41|12|15|5|11|9|14|12|10|7x2|11|8|10|11|10|9|50|5|8|15|6|11|10|11|8|13|7|5|47|7|10|8|10|9|33|5|9|4|14|8|35|6|12|15|7|50|14|7|5|7x2|9|10|11|7|15x2|5|6|7|9x2|10|9|14|10|12|8|6|14|11|8|6|10|14|8x2|6|14|15|11|10|49|10|3|9|35|3|10|13|12|9|11|10|15|7|20|7|15x2|5|12|5|14|13|14|8|7|11|13|8|14|15|10|13x2|11|8|50|6|9x2|12|6|7|8|10|47|12|5|4|7|14x2|1800;2400|8|11|14|6|5|6|14x2|10|13|9|15|6|7x2|15|12|5|10|4|8|9|12|7|11|10|14|9|6|8|6|9|11|7|6|11|7|5x2|12x2|7|15|7|9|12|10|11|7|14x2|5|13|23|6|11|15|10|14x2|11|7|15|12|5|12|15|8|15|14|10|22|8|5|12|30|10|14|6|13|11|13|9|11|6|15|3|10|14|10x2|13|8|5|12|15|9|13|12x2|14|11x2|14|10|8|11|6|10|11|2|14|11|15|11|15|12|5|9|5|10x2|9|14|15|11|8|9|12|10|9|10|7|10|11|5|12x2|9|13|9|6|7|13x2|7|4|13|10x3|13|15|5|11|10|12|14|29|6|2|12|6|7|8|7|30|11x2|8|11|13|9x2|40|4|10|9|15|10|8|47|8|15|9|4|5|9|14|10|5|14|7|12|3|6|9|11|14|9x2|15|12|14|11|2|6|14|9|11x2|8|9|14|13|6|9x2|11|14|12|7|12|7|15|50|9|14|7|8|12|8x2|7|13|15|9|6|10|7|12|6|7|10|13|11|12x2|9|14|5|6|12|9|12|9|10|14|8|12|31|11|8|7|4|13|10|13|8|6|14|11|2|8|11|12|13|8x2|10|9|5|12|14|5|15|12|8|7|8|5|15|12|14|8|14|15|6x2|12|10|13|10|7|11|9|7|8|10|9|11|9|7|10|3|5|10|11|8|10|9|12|32|14|12|6|11|7|12|7|39|3|11|14|8|11|13|5|8|15|13|8|14|11|13|11|9|2|11|10|5|30|11|8|15|13|15|12|5|10|6|15|6x4|10|13|5|7|11|47|13|12|2048;2400|8|37|10|13|7|8|7|12|10x2|12|6|14|12|11|12|15|5|7|9|15|13|15|11|2|9|13|2|5|8|13|11|10|8x2|18|14|11|8|7|8x2|11|15|7|13|15|12x2|14|13|6|37|3|8|9|6|11|13|11|9|6|13|4|13|9|8|12|6x2|4|3|5|15|8|12|6|7|10|15|6|12|11|13|7|14|32|9x2|50|15|6|12|7|8|3|13|5|15|5|11|13x3|10|5|7x2|13|12|9|14|15|6|15|6|12x2|9|14|7|12|11|13|2|12|21|12|5|11|7|5x2|4|8|3|13|12|7|6|8|10|7x2|11|6|5|14|7|6|8|13|8|13|14|5|11|15|14|8|15|12|11|14|15|11|13|9|13|9|15|12|7|6|11|5|11|8|14|12x2|15|14|7|8|12|22|7|37|14|9|5|14|15|8|7|12|15|16|9|10|4|12x2|8|11|12|5x3|10|15|7|14|13|7|11|7|10|5|11|10|4|15|10|2|5|6|13|11|12|36|47|5|6|11|6|15|10|11|12|5|9|15|11|6|14|13|2|12|10|6|12|14|8|11|6|13|14|8|6|14|15|7|15|10|6x2|33|11|10|9|10|5|14|10|3|9|13|8|15|5|7|15x2|11|6|15|14|12|14|9|5|6|8|5|10|37|8|6|5|3|5|15|8x2|11|12x2|13|15|12x2|5|10|12|13|15|9|3|10|7|11|9|5|11|15|4|11|27|31|12|8|13|11|6x2|9|14|38|6|9|15|14|11|7|6|31|15|14|9|21|5|10|14x2|5x2|14|13x2|14x2|11|8|14|9|10|12|36|23|13|14|9|1024,0|1|2x374,0x4,10,10,PASS,6.3130e-01,6.3130e-01,6.5856e-03,6.5856e-03,2.2679e-04,2.2679e-04
428,8,32,2,90,1600|8|5|8|12|11|8|11|13|9|38|10|5|13|9|7|10|11|12|5|7|13|8|10|11|9|7|8|5|11|13|11|10|11|7|6|8|7x3|14x2|6|10|12|10|7|11|14|13x2|12|14|13|10|9|14|17|14|45|7|12|10|7|28|14|9|2|9|6|9|23|15|9|15|7|6|31|10|5x2|13|10x2|4|10|8x2|12|1024;2400|8|7|6|12|7|2|9|13|11|8|14x2|11|8|14x3|8|4|11|12|14|6|13|7|15|5|13|15x2|12|8|12x2|11x2|10|12|14|6|7|14|10|8|10|8|10|14|8|4|14|8|10|14|11|7|32|4|7|6|11|5|14x2|24|8|12|6|8x2|13|10|12|13|8|7x2|14|10|14|12|11|14|8|9|6|12|14|1800,0|1|2x88,0x2,10,10,PASS,6.6733e-01,6.6733e-01,6.9814e-03,6.9814e-03,2.8026e-04,2.8026e-04
429,8,32,1,338,2400|8|13|14|6|10|8|13|15|8|6|14|15|7|12|8|14|7|9|10|13|7|10|11|8|12|8|12|13|8|12|6|7|14|42|14|10|12|8|14|15|5|12x2|11|10|6|15|11|12|5|7|15|7|14|7|5|12|7|3|12|11|12|9|8|14|7|11|14|16|5|9|11|23|5|2|7|12x2|5|9|14|6|14|9|13|6|13x3|10x2|3|12|13|15|9|7|9|15|11|9|15|7|9|11|12|6|7|11|15|10|6|10|8|7|14|12|10|7|12|14|13|7|15|5x2|13|11|13|12|15|13|6|14x2|10|35|11|8|14|4|11|6|8|10|12x2|2|6|10|15|6|8|5x2|11|9|15|7|8|10|9|15|13|8|7|4|6x2|13x2|5|14|9|5|14|13|15|5|4|8|29|9|15|9|6|14|10|4|5|8x2|12|5|13|15|13x2|6|38|14x2|13|14|2|15|8|5|10|9|6|12|15|9|8|5x2|14|6x2|13|15x2|14|7|10|15|6|33|14x2|15|5|10|6|13|4|2|12|10|6|9|10|15|4|5|4|9|15|6|14x2|13|14|10|20|10|5|10|6|5|6|14x2|26|12|9|5|32|10|12|8|12|8|44|9|7|14|7|15x2|13|8|15|13x2|6|8|15|8|23|8|5|13|8|14|6|5|11|5x2|12x2|2|12|35|13|12|9|6|15|10|8|11|8|10|5|11|14|10|5|41|14|15|7|39|8|6|7|5|4|19|6|10|3|5|1200,0|1|2x336,0,10,10,PASS,5.5022e-01,5.5022e-01,6.6042e-03,6.6042e-03,2.3066e-04,2.3066e-04
430,8,32,8,25,2000|8x2|9|8|2|7|13|4|10|6|10|13|9|6x2|14|15|6|2|10|9|12|14|1024;1600|8|7|8|15|30|10|6|9|12|6x2|14|9|13|6|14|9|10x2|14|8|11|9|1024;2400|8|13|6|2|13|12|27|14|15|7|14|10|11|5x2|9|7|10|47|14|7|10|12|2048;2000|8|9|37|15|7|34|2|8x2|2|12|15|11|4|36|8|15|8|5|10x2|11|6|1200;1600|8x2|13|25|13|5|9|4|5|9|11|14|7|6|11|10|9|11|23|11|10|5|38|1024;2000|8|14|9|12|15|9|5|11|8|11|10|14|10|3|10|11x2|14|47|15|7|12|14|1024;2400|8|49|8|10|7|8|9|11|14|8|7|12|7x2|5x2|8|13|14|11|7|10|8|2048;1600|8|11x2|10|9|15|5|11|15|10|8|12|14|5|7x2|11|8|6|15|6|5|13|2048,0|1|2x23,0x8,10,10,PASS,1.5316e+00,1.5316e+00,7.2791e-03,7.2791e-03,3.0740e-04,3.0740e-04
431,8,32,4,512,3200|8|7|6|11|6|9x2|11|7|8|6|14|13x2|9|15|3|8|7|13|11|14|5|7|5x2|6x2|13|30|11|5|7|17|8|11|7|6|12|14|15|12|15x2|12|7x2|26|6|9|5|14|12|15|6|49|9|7|10|9|13|12|8|11x2|14|8|6|11|6|10|11|6|12|2|11|5|13|10|8|15|13|11|5|13|5|6|14|15|10|5|13|12|7|10|14|8|13|5|3|5|20|13|14|6|12|5|6|10|11|10|7|5|13|14|15|10|13|9x3|6|12|7|15|28|8|15|9|7|15|7|13|6|8|12|6|27|9|11|14|6|10|8|6|14|5|14|5|9|14|8|11|6|13|9|13|48|6|9|33|13|11|36|10|9|8|14|8|12|6x2|8|5|6|15|6|14|8|12|15|8|14|9x2|12x2|9|5|24|12|5|12x2|14|9|13|9x2|12|7|9|15|11|13|11|9|7|13|5|11|6|14|15|7|13|6|9|8|13|15|7|11|13|7|3|14|31|8|13|11|14x2|9|13|12|5x2|9|6|11|5|10|6|14x2|7|14|6|28|10|5|12|8x2|14|13|19|29|8|5|24|13|6|10|7|44|13|8|11|9|15|5|6|3|8|6|12|14|23x2|9|15|7|24|15|34|10|12x2|6|14|10x2|5|12|11|8|10|12|14|7|8|6|10|8|9|10|14|9|13|14|6|13|49|9|11|2|8|14|15|14|11|9|4|14|6|15|6|12|6|15|9|15|9|14|8|13|12|6|14|11|8|14|11|5|11|9|14|13|9|12x2|13|6|17|13|6|32|10|7|14|13|10|13|6x2|12|14|5|8|6|13|8|10|14|12|40|13|14|5|15|9|12x2|14|15|2|7x2|10|6|8|11|10|8|12|5|11|15|6|8|14|5|15|14|15|6|12x2|14x2|8|6|10|13x2|14|7|10|9|11|5|11|14|10|14|13|10|5|13x2|3|10|6|13|11|7x2|12|25|3|8|11|12|8x2|10|9x2|13|12|15|11|3|14|13|32|10|11|10|9|8|9|10|13|14|13x2|15|11|7|11|14|5|12|15|14|33|14|12|15|5|4|2|9|12|14|11|13|6|24|8|9|12|27|6|8|11|12|6|14|12|13|11|14|7|11|12|11|2048;2400|8|14|11|15|8|10|7|8|12|30|7|9|11|13|12|42|10|16|14|9|7|8|4|6|9|8|10|6|17|14|13x2|11|7|6|11|6|9|7|14|5|12|5|11|10|8|10|9|14|11|12x2|10|11|13|9|7|11|14|7|13|3|14|5|35|10|5|11|15|14|7|10x2|8|5|9|5|8|9|11|50|11|10|5|29|8|6|13|14|8|10|5x2|13|11x2|13|10|8|3|11x3|13|10|8|9|10x2|15|5|9|12|5|14|5|9|15|13|8|6|15|13|5|8|34|7x2|15x2|14|10|6|15x2|14|2|6|9|8x2|13|8|3|9|5|7|12|6|15|6|7x2|15|6|13|12|6|14|11|7|2|7|10|11x4|14|28|13|10|7|13|14|8|11|3|5|15|6|14|5|9|12x2|11|5|2|10|15|6x2|13|12|15|6|14|12|4|11|13|7|9|8|12|14|13|11|7|5|4|12|13|10|35|6|9|8|49|11x2|14|9|5|10|14|11|10|6|11|14|13|8|4|6|12|10|12|14|35|8|9x2|5|14|22|6|14|5|12x2|14|22|4|6|5|15|9|15|21|15|14|12|15x2|10|5|10|6|10|15|13|5|8|7|6|5|45|12|10|5|12|11|8|15|9|7|10|6|4|15|5x2|12|13|12|7|8|10|6|12|15|8|4|5|9|6|43|6|21|6|11|15|12|8|3|14|8|9|10|7|47|10|8|15|5|12|10|8|12|4|7|13|14|7|5|12|6|10|9|15x2|10|14|8|13|15|12|5|7|9|23|11|14|5|6|13|5|9|14|10x2|4|11|7|13|9|10|14|8|13|8|14|12|6|12|5|6|14|5|10|14|11|7|5|15|9|14|8|11|10|9|8|9|6x2|14|5|10|5|10|4|15|8|7|8|12|15|6|11|15|5|11|8|12|7|11|7|5|6|9|14|9|8|11|13|14|11|5|6|14|11|13|11|8|13|7|6|5|11|47|6|10|7|11|12|10|6|15|9x4|8|15|12|3|7|8|6|8|7|15|5|14x3|13|14|15|7|5|12|5|6|12|7|12|14x2|7|13|49|13|11x3|9|11x2|15x2|13|6|47|12|14|6|14|8|15|5|9|5|49|4|13|5|12|1800;1600|8|10|8|7|10|43|11|14|10|8|10|14|12|15|14|10|14|8|14|15x2|12|3|11|13|11|3|15|6|10|13|7|6|13|27|12|14|13|3|13|8|14|5|12|11|14|11|9|6|14x2|15|8x2|6x2|7|15|5|8|6|5|7|10|5|11|12|11|13|12|14|12|15|10|13|5|15|13|9|8|10|6|9|46|13|14|12|14|9|42|7|12|5|6|7|10|12|8|11|10|9|2|10|9|14|11|5|16|13|25|12|10|2|12|11|6|10|5|8x2|10|7|9|15|10|11|9x2|5|14|13|9|15x2|6|13|5|15|2|8|6|15|11|6|7|14|15|9|6|11|2|7x2|3|14|6|7|14|12|9|26|8|7|9|13|6|4x2|13|11|8|13|6|8|10|8|13x2|4|12|9|8|15|12|7|8|10|14|8|14|8|10|2|8|9x2|11|12|14|15|7|12|15|12|6|13|9|6|7|9x3|7|14|9|10|6|12|13|15|11|4|7|9|11|10|8|11|8|9|15|13|5|10|9|8|15|14|5|14|6|9|10|8x2|5|13|6x2|14|5|10|7|5|15|14|8|5|7|6x2|7|15|7|5|9|6|10|13|4|35|6|7|15|10|5|6|5|11|7|9|8|11|14x2|8|5|7|11|6|14|9|14|10|11|9|11|5x2|12x2|7|13|9|8|5|3|29|9|12|15|12|11|9|11|7|10|3|10|2|7|13|9|12|15|9|7|9|14|5|7|10|15|10|11|3|9|5|9x2|13|7|3|12|8|7|11|19|9|12|6|7|14|10|7|14|12|15|4|46|15|46|8|9x2|6|12|6|12|13|7|15|8|7|9x2|12|15|9|12|6|11|9|13|5|7|15|5x2|9|11x2|8|9|8|48|5|11|8|7|14|15x3|7|14|11|2|6|2|4|8|6|11|7|11|10|8|2|3|8|7|15|9|11|6|10|40|11|9|11|6|8|20|13|9|5|6|8|11|9|7|13|10|8|18|6x2|14|11|12|8|9|3|8|12|11|35|14|15|11|7|12|5|14x2|2|9|3|13|9x2|45|5|6|12|13|6|15|5|12x2|4|6|13|3|15|6|14|7x2|13|14|8|3|12|14|8|13|7|13|9|3|7|11|10|11|15|7|13|1800;2400|8|10|9|10|11|5|9|8|7|8|9|5|10|8|15|12|8|15|10|11|12x2|5|12|2|7|15|10x2|14x2|5|15|10|8x2|5|15|7|15x2|12|8|15|13|6|12|5|8|12|5|10|3|45|10x2|2|10|11|13|6|45|6|7|11|15|11|13|4|11|10|15|6x2|2|4|9|20|13|9|4|5|13|6|8|12|8|7|14|5|8|10x2|3|6|4|13|10|13|11|9|10|7|14|7|10|7|14x2|3|13|9|15|35|8|11|15|12|15|6|10|11|22|5x2|12|7|15|22|10|12|21|8|2|12|7|13|14|6|10|12|15|14|9|14|12x2|15|12|7x2|14|6|15|5|27|12|10|14|10|15|9|13x4|5|14|10|8|14|7|12|6|3|13|5|12|14|12|8|7x2|5|13|12|13|6|9|14|7|10|43|6|9|15|10|11|12|11|6|15x2|24|7|4|43|11|10x3|9|10|8x2|5|9|15|5|11|13|15x2|14|5|12|7|12|15x2|10|14|9|15|11|5|26|13|7|14x2|10|13|10x2|7|12|14|7|27|7|9|10|11|10x2|11x2|5|22|7|6|12|3|13|7|6|9|13|5|15|12|14|9x2|14|6|12|10|7|12|14|12|15x2|9|8|15|14|5|9|13|6|7|14|6|14|15|5|10|5|13|8|13|10|15|39|15|12|6|8|14|11|12|5|10|14|6|9|5|12|15|9|7|9x2|7|9|8|2|7|6|15|11|5|45|37|9|12|10|12|9|3|8|3|27|14|8|44|7|4|6|13x2|14x2|15|5|11|8|14|8|13|10|7|6|5|8|11|9|24|9|14|2|11|7|13|11|10|14|5|6|13|9|2|9|7|15|6|12|9|7|5x2|14|13|7|12x2|14|13|15|12|8x2|5|14|15|13x2|5|8|11|2|9|15|12|7|2|4|13|5|13|12|3|15|5|12|30|7|8|15|9|5|2|11|9|10|8|5x3|12|11|9|6|7|13|14x2|5|3|14|10|13|5|7|12|2|5|12|8|50|11|7|13|12|8|12|10|6|14|13|12|47|14|7|10|11|12|11|31|13|11|12|6|39|14|7|11|10|12|2|10|15|10|7|28|7|8|23|5|13|9|6|3|11|6|12|14|1024,0|1|2x510,0x4,10,10,PASS,8.6608e-01,8.6608e-01,6.4108e-03,6.4108e-03,2.0774e-04,2.0774e-04
432,8,128,1,4,1600|8|200|1200,0|1|2x2,0,10,10,PASS,6.6427e-01,6.6427e-01,7.3616e-03,7.3616e-03,3.2250e-04,3.2250e-04
433,8,128,4,4,1600|8|200|1200;1700|8|300|1024;1680|8|200|1280;2000|8|700|2048,0|1|2x2,0x4,10,10,PASS,8.1822e-01,8.1822e-01,7.2591e-03,7.2591e-03,3.0128e-04,3.0128e-04
434,8,128,1,4,1600|8|200|1200,0|1|2x2,512,10,10,PASS,3.9007e-01,3.9007e-01,7.1920e-03,7.1920e-03,2.1595e-04,2.1595e-04
435,8,128,1,19,1600|8|5x16|1200,0|1|2x17,0,10,10,PASS,7.1519e-01,7.1519e-01,7.4380e-03,7.4380e-03,3.2595e-04,3.2595e-04
436,8,128,2,5,1600|8|10|12|1200;1700|8|6|15|1024,0|1|2x3,0x2,10,10,PASS,6.4116e-01,6.4116e-01,7.4859e-03,7.4859e-03,3.2816e-04,3.2816e-04
437,8,128,1,4,1600|8|200|1200,0|1|2x2,0,500,500,PASS,5.1072e-01,1.2810e+00,7.2163e-03,7.5022e-03,3.1345e-04,3.2494e-04
438,8,128,4,4,1600|8|200|1200;1700|8|300|1024;1680|8|200|1280;2000|8|700|2048,0|1|2x2,0x4,10,10,PASS,9.0548e-01,9.0548e-01,7.2720e-03,7.2720e-03,3.0397e-04,3.0397e-04
439,8,128,1,4,1600|8|200|1200,0|1|2x2,512,10,10,PASS,3.6730e-01,3.6730e-01,7.4405e-03,7.4405e-03,2.1433e-04,2.1433e-04
440,8,128,1,19,1600|8|5x16|1200,0|1|2x17,0,10,10,PASS,7.2307e-01,7.2307e-01,7.4339e-03,7.4339e-03,3.2364e-04,3.2364e-04
441,8,128,2,5,1600|8|10|12|1200;1700|8|6|15|1024,0|1|2x3,0x2,10,10,PASS,1.2698e+00,1.2698e+00,7.4406e-03,7.4406e-03,3.2817e-04,3.2817e-04
442,8,128,1,4,1600|8|200|1200,0|1|2x2,0,500,500,PASS,5.0033e-01,1.1740e+00,7.2400e-03,7.5573e-03,3.1319e-04,3.3036e-04
443,8,128,4,4,1600|8|200|1200;1700|8|300|1024;1680|8|200|1280;2000|8|700|2048,0|1|2x2,0x4,10,10,PASS,7.5232e-01,7.5232e-01,7.2825e-03,7.2825e-03,3.0376e-04,3.0376e-04
444,8,128,1,4,1600|8|200|1200,0|1|2x2,512,10,10,PASS,3.7228e-01,3.7228e-01,7.3601e-03,7.3601e-03,2.1520e-04,2.1520e-04
445,8,128,1,19,1600|8|5x16|1200,0|1|2x17,0,10,10,PASS,6.4370e-01,6.4370e-01,7.3157e-03,7.3157e-03,3.2348e-04,3.2348e-04
446,8,128,2,5,1600|8|10|12|1200;1700|8|6|15|1024,0|1|2x3,0x2,10,10,PASS,5.9423e-01,5.9423e-01,7.4491e-03,7.4491e-03,3.2515e-04,3.2515e-04
447,8,64,1,4,1600|8|200|1200,0|1|2x2,0,10,10,PASS,7.5342e-01,7.5342e-01,7.2593e-03,7.2593e-03,3.1861e-04,3.1861e-04
448,8,64,4,4,1600|8|200|1200;1700|8|300|1024;1680|8|200|1280;2000|8|700|2048,0|1|2x2,0x4,10,10,PASS,7.0964e-01,7.0964e-01,7.2273e-03,7.2273e-03,3.0160e-04,3.0160e-04
449,8,64,1,4,1600|8|200|1200,0|1|2x2,512,10,10,PASS,2.9008e-01,2.9008e-01,7.1894e-03,7.1894e-03,2.1935e-04,2.1935e-04
450,8,64,1,19,1600|8|5x16|1200,0|1|2x17,0,10,10,PASS,6.1273e-01,6.1273e-01,7.3044e-03,7.3044e-03,3.2895e-04,3.2895e-04
451,8,64,2,5,1600|8|10|12|1200;1700|8|6|15|1024,0|1|2x3,0x2,10,10,PASS,6.6147e-01,6.6147e-01,7.3693e-03,7.3693e-03,3.3399e-04,3.3399e-04
452,8,64,1,4,1600|8|200|1200,0|1|2x2,0,10,10,PASS,4.8339e-01,4.8339e-01,7.2794e-03,7.2794e-03,3.2161e-04,3.2161e-04
453,8,64,4,4,1600|8|200|1200;1700|8|300|1024;1680|8|200|1280;2000|8|700|2048,0|1|2x2,0x4,10,10,PASS,7.2101e-01,7.2101e-01,7.2190e-03,7.2190e-03,3.0177e-04,3.0177e-04
454,8,64,1,4,1600|8|200|1200,0|1|2x2,512,10,10,PASS,3.4651e-01,3.4651e-01,7.1922e-03,7.1922e-03,2.1896e-04,2.1896e-04
455,8,64,1,19,1600|8|5x16|1200,0|1|2x17,0,10,10,PASS,5.7080e-01,5.7080e-01,7.3929e-03,7.3929e-03,3.2391e-04,3.2391e-04
456,8,64,2,5,1600|8|10|12|1200;1700|8|6|15|1024,0|1|2x3,0x2,10,10,PASS,6.1177e-01,6.1177e-01,7.3708e-03,7.3708e-03,3.3409e-04,3.3409e-04
457,8,64,1,4,1600|8|200|1200,0|1|2x2,0,10,10,PASS,5.5306e-01,5.5306e-01,7.3956e-03,7.3956e-03,3.1717e-04,3.1717e-04
458,8,64,4,4,1600|8|200|1200;1700|8|300|1024;1680|8|200|1280;2000|8|700|2048,0|1|2x2,0x4,10,10,PASS,7.7799e-01,7.7799e-01,7.2168e-03,7.2168e-03,3.0321e-04,3.0321e-04
459,8,64,1,4,1600|8|200|1200,0|1|2x2,512,10,10,PASS,3.1897e-01,3.1897e-01,7.3484e-03,7.3484e-03,2.1812e-04,2.1812e-04
460,8,64,1,19,1600|8|5x16|1200,0|1|2x17,0,10,10,PASS,6.3386e-01,6.3386e-01,7.4920e-03,7.4920e-03,3.2862e-04,3.2862e-04
461,8,64,2,5,1600|8|10|12|1200;1700|8|6|15|1024,0|1|2x3,0x2,10,10,PASS,9.2781e-01,9.2781e-01,7.4313e-03,7.4313e-03,3.3127e-04,3.3127e-04
